x0,y0,z0,x1,y1,z1,x2,y2,z2,x3,y3,z3,x4,y4,z4,x5,y5,z5,x6,y6,z6,x7,y7,z7,x8,y8,z8,x9,y9,z9,x10,y10,z10,x11,y11,z11,x12,y12,z12,x13,y13,z13,x14,y14,z14,x15,y15,z15,x16,y16,z16,x17,y17,z17,x18,y18,z18,x19,y19,z19,x20,y20,z20,L/R,label
0.6577687859535217,0.9490705728530884,-1.2722102837869897e-06,0.5351993441581726,0.8450967669487,-0.055430181324481964,0.4500653147697449,0.620378315448761,-0.07556649297475815,0.41742441058158875,0.4179656505584717,-0.09503032267093658,0.4196459650993347,0.25546330213546753,-0.09811119735240936,0.5160647034645081,0.381765753030777,-0.002569526666775346,0.4890367090702057,0.27786678075790405,-0.0667673721909523,0.49348241090774536,0.468624085187912,-0.09222720563411713,0.5099577903747559,0.49487486481666565,-0.10316669940948486,0.593355119228363,0.3826972544193268,-0.0018925243057310581,0.5599887371063232,0.3053171634674072,-0.07337266951799393,0.5534281730651855,0.529693603515625,-0.07555931061506271,0.5738991498947144,0.5185642242431641,-0.06031956523656845,0.6696915626525879,0.41448014974594116,-0.016902266070246696,0.6406603455543518,0.3217119574546814,-0.09042112529277802,0.6183239221572876,0.5397108793258667,-0.05814112350344658,0.6368129849433899,0.5470220446586609,-0.019054744392633438,0.7423861026763916,0.4667390286922455,-0.0386299192905426,0.7099813222885132,0.4351122975349426,-0.0800851583480835,0.6755598783493042,0.576308012008667,-0.06066153943538666,0.6870326995849609,0.5883156061172485,-0.035745661705732346,Left,a
0.5987529754638672,0.9503265619277954,-1.3788707065032213e-06,0.45050543546676636,0.85149085521698,-0.061101414263248444,0.3429321050643921,0.5932217836380005,-0.08145762234926224,0.2933077812194824,0.36173000931739807,-0.09863800555467606,0.27397042512893677,0.18286895751953125,-0.09686139225959778,0.40641409158706665,0.2990145683288574,-0.016931015998125076,0.3549559712409973,0.2063591331243515,-0.0853738933801651,0.37671107053756714,0.43088498711586,-0.11263589560985565,0.40257787704467773,0.467044472694397,-0.12526211142539978,0.4953712821006775,0.2835727334022522,-0.014519289135932922,0.4373815655708313,0.2306663542985916,-0.0843953937292099,0.4514407217502594,0.49202919006347656,-0.08120190352201462,0.47906991839408875,0.48444414138793945,-0.06457339227199554,0.5847941637039185,0.31235647201538086,-0.028102276846766472,0.5343413352966309,0.2432355284690857,-0.10143154114484787,0.5266842842102051,0.5020085573196411,-0.0632447898387909,0.551376461982727,0.5192984342575073,-0.02244194783270359,0.6701973676681519,0.37108516693115234,-0.04932079091668129,0.617210328578949,0.3626795709133148,-0.09421730041503906,0.5897237062454224,0.537790060043335,-0.07423605024814606,0.6078042387962341,0.5557528138160706,-0.049327343702316284,Left,a
0.5942959189414978,0.7240330576896667,-4.877094283983752e-07,0.5489684343338013,0.6971673965454102,-0.014268647879362106,0.5226663947105408,0.6096106171607971,-0.016667375341057777,0.5201414227485657,0.5316892266273499,-0.01853061281144619,0.5211344361305237,0.477384090423584,-0.015037447214126587,0.5504207015037537,0.5369292497634888,-0.0002965613966807723,0.5503778457641602,0.4874040484428406,-0.019596489146351814,0.548076331615448,0.5578559041023254,-0.026764776557683945,0.5506260395050049,0.5840155482292175,-0.0289715938270092,0.5784577131271362,0.5422312617301941,-0.00035041317460127175,0.5766599178314209,0.49741724133491516,-0.019210273399949074,0.5703256130218506,0.5763915181159973,-0.018717385828495026,0.5736106038093567,0.5888231992721558,-0.01362940389662981,0.6053717136383057,0.5557159781455994,-0.004807372111827135,0.6044028997421265,0.5033687353134155,-0.0249794889241457,0.5931848287582397,0.5806763172149658,-0.01339951902627945,0.5962821245193481,0.5987066626548767,-0.000756423338316381,0.6317987442016602,0.5753592252731323,-0.010844704695045948,0.6257023811340332,0.5468005537986755,-0.023396193981170654,0.6140508651733398,0.5972514748573303,-0.016253868117928505,0.6161549687385559,0.6107203960418701,-0.007666976191103458,Left,a
0.431499719619751,0.8671786785125732,-7.42225438443711e-07,0.33473968505859375,0.7678372263908386,-0.02826838381588459,0.2684895992279053,0.6101484894752502,-0.0442059300839901,0.2337716966867447,0.46420255303382874,-0.06285660713911057,0.2324315756559372,0.34541910886764526,-0.07124783098697662,0.3095709979534149,0.4505973160266876,0.005572449881583452,0.28557491302490234,0.3719276785850525,-0.042267121374607086,0.29720526933670044,0.5001744627952576,-0.06243046000599861,0.31601178646087646,0.5314476490020752,-0.07040052860975266,0.365100234746933,0.44836825132369995,5.0873069994850084e-05,0.332529217004776,0.37185031175613403,-0.047167520970106125,0.3368127644062042,0.5332432389259338,-0.04652271419763565,0.35860323905944824,0.5334663391113281,-0.03512260317802429,0.42645883560180664,0.4623814821243286,-0.015904350206255913,0.3935304284095764,0.3744094967842102,-0.06362519413232803,0.38686105608940125,0.5348604321479797,-0.03685104101896286,0.4052251875400543,0.5509462356567383,-0.007789919152855873,0.48654571175575256,0.4932839274406433,-0.035939447581768036,0.44862136244773865,0.445001482963562,-0.06114880368113518,0.431768000125885,0.5490179061889648,-0.042665865272283554,0.4464648365974426,0.5690737962722778,-0.02240397408604622,Left,a
0.8576160073280334,0.8775129914283752,-7.753687327749503e-07,0.7782208919525146,0.771293044090271,-0.03663906082510948,0.7382968068122864,0.6148866415023804,-0.050779178738594055,0.7361405491828918,0.4736049771308899,-0.0632859542965889,0.7542916536331177,0.37731072306632996,-0.06444060057401657,0.7933281064033508,0.4929467439651489,-0.00534946471452713,0.8021255731582642,0.4085683822631836,-0.04376161843538284,0.7892369031906128,0.5327484011650085,-0.05733407661318779,0.7891082763671875,0.5459414124488831,-0.06308313459157944,0.8436725735664368,0.5140306353569031,-0.0018266495317220688,0.844607412815094,0.43439924716949463,-0.044432613998651505,0.8237243294715881,0.5764675140380859,-0.04623252898454666,0.826711893081665,0.5650811791419983,-0.03838878124952316,0.892869234085083,0.5474022030830383,-0.00729887280613184,0.8929798603057861,0.4636521637439728,-0.04815102368593216,0.8683834671974182,0.5994070768356323,-0.0266399048268795,0.8734349608421326,0.5998416543006897,-0.003738194005563855,0.9371598958969116,0.5881527066230774,-0.016905056312680244,0.9281251430511475,0.5533811450004578,-0.03598539158701897,0.9063553810119629,0.6364670991897583,-0.02153518982231617,0.9147679805755615,0.6409807801246643,-0.006661273073405027,Left,a
0.5070279240608215,0.7918123006820679,-6.26407256731909e-07,0.43491464853286743,0.7341247200965881,-0.016261165961623192,0.38717398047447205,0.6260397434234619,-0.023099571466445923,0.3647345304489136,0.5268000364303589,-0.032666534185409546,0.3557093143463135,0.4465385973453522,-0.03606058284640312,0.4252530038356781,0.5139299035072327,0.010773309506475925,0.3926292657852173,0.45258828997612,-0.022216536104679108,0.4007214903831482,0.5424624681472778,-0.03977204114198685,0.41767123341560364,0.5728992819786072,-0.047445688396692276,0.4603886604309082,0.5073971748352051,0.00615550484508276,0.4241792559623718,0.45219340920448303,-0.026298528537154198,0.4279179275035858,0.5595400333404541,-0.02899489551782608,0.4466457962989807,0.5747931003570557,-0.02306901291012764,0.49842721223831177,0.5139172673225403,-0.0059087746776640415,0.4636537432670593,0.4505329430103302,-0.0379844605922699,0.45922595262527466,0.5592845678329468,-0.023843444883823395,0.47695139050483704,0.5820097923278809,-0.006270504556596279,0.5375310778617859,0.5344079732894897,-0.020632406696677208,0.5013192296028137,0.5014887452125549,-0.038388896733522415,0.4903891682624817,0.5718312859535217,-0.029050784185528755,0.5051526427268982,0.5925759077072144,-0.017098646610975266,Left,a
0.7054998278617859,0.8534599542617798,-1.0533115073485533e-06,0.5845452547073364,0.7872891426086426,-0.05117327719926834,0.49207019805908203,0.5606722831726074,-0.061468273401260376,0.4565693736076355,0.3438316285610199,-0.07151716947555542,0.451218843460083,0.1824347823858261,-0.06657372415065765,0.5432689189910889,0.33983877301216125,0.024823661893606186,0.5292453765869141,0.20323346555233002,-0.031024480238556862,0.537601113319397,0.3726480305194855,-0.05413667857646942,0.5494993329048157,0.4386189877986908,-0.06098063662648201,0.6182354688644409,0.32578030228614807,0.028253566473722458,0.6007115840911865,0.2028055340051651,-0.03159448131918907,0.5938268899917603,0.41624611616134644,-0.03625040501356125,0.6053377389907837,0.4432976245880127,-0.02026180922985077,0.6938685774803162,0.3469580113887787,0.015297464095056057,0.6831729412078857,0.21861541271209717,-0.04886738210916519,0.6646255850791931,0.4178721606731415,-0.024235373362898827,0.6742466688156128,0.45617789030075073,0.011499889194965363,0.7719826698303223,0.38954398036003113,-0.0035353151615709066,0.7497685551643372,0.325701504945755,-0.0414232462644577,0.7250835299491882,0.4577837884426117,-0.025432128459215164,0.7339794039726257,0.4882158041000366,-0.0013808018993586302,Left,a
0.6460765600204468,0.6851644515991211,-4.247766867138125e-07,0.6007710695266724,0.647115170955658,-0.014158614911139011,0.5728451013565063,0.5691002607345581,-0.019339779391884804,0.5677354335784912,0.4948200285434723,-0.024479180574417114,0.5684106349945068,0.44171303510665894,-0.024967294186353683,0.6024830341339111,0.49745437502861023,-0.002858937717974186,0.5954346656799316,0.45017725229263306,-0.022930514067411423,0.5939965844154358,0.5159329771995544,-0.03168622776865959,0.5989273190498352,0.5377920866012573,-0.03538963943719864,0.6290138363838196,0.502086341381073,-0.003268922446295619,0.6198886632919312,0.4590555429458618,-0.022959090769290924,0.6156290173530579,0.5337465405464172,-0.023525213822722435,0.6212282180786133,0.544884443283081,-0.019711043685674667,0.6562725901603699,0.514144778251648,-0.007764120120555162,0.6479578018188477,0.464069664478302,-0.02795553393661976,0.6386227011680603,0.538896381855011,-0.01737392693758011,0.6439734101295471,0.5564896464347839,-0.0058438717387616634,0.6830751299858093,0.5336569547653198,-0.013821624219417572,0.669538676738739,0.5068968534469604,-0.02571529522538185,0.659713625907898,0.554963231086731,-0.018922558054327965,0.665925145149231,0.5681025981903076,-0.0108930179849267,Left,a
0.48244380950927734,0.7672833204269409,-7.24631149751076e-07,0.3852978050708771,0.7439658641815186,-0.01324443332850933,0.31347084045410156,0.6535556316375732,-0.014642748050391674,0.275543749332428,0.5536947846412659,-0.020878499373793602,0.2510643005371094,0.469732403755188,-0.01961463876068592,0.3472793400287628,0.5247598886489868,0.03319932520389557,0.30626800656318665,0.4692020118236542,-0.0039853318594396114,0.3267386257648468,0.5635248422622681,-0.02576018124818802,0.34775102138519287,0.5862506031990051,-0.03483749181032181,0.3838912844657898,0.5023201107978821,0.026505470275878906,0.34022656083106995,0.4464681148529053,-0.012715470977127552,0.3584406077861786,0.5640058517456055,-0.020780114457011223,0.38149794936180115,0.5694456100463867,-0.015043607912957668,0.42464637756347656,0.4871627986431122,0.01052810437977314,0.37929797172546387,0.42172104120254517,-0.026607489213347435,0.3904721736907959,0.5410394072532654,-0.013162209652364254,0.41417017579078674,0.5545320510864258,0.007361288648098707,0.4724390208721161,0.48000743985176086,-0.008240332826972008,0.43272238969802856,0.4496036469936371,-0.025801368057727814,0.4301599860191345,0.5299744606018066,-0.014396723359823227,0.4490107297897339,0.5415399074554443,0.0006772465421818197,Left,a
0.8318289518356323,0.8553026914596558,-6.981941282901971e-07,0.7605821490287781,0.7594964504241943,-0.040898486971855164,0.7205050587654114,0.6252526044845581,-0.059008464217185974,0.7182520627975464,0.5031870603561401,-0.07314728200435638,0.7350256443023682,0.4167886972427368,-0.07575073093175888,0.7728757262229919,0.4931434392929077,-0.022300969809293747,0.7787231802940369,0.431277334690094,-0.0559697262942791,0.768547773361206,0.5504365563392639,-0.06413737684488297,0.7710244655609131,0.5569118857383728,-0.06755108386278152,0.8206337690353394,0.5117895603179932,-0.015459348447620869,0.8205410838127136,0.4532408118247986,-0.05437169596552849,0.8012641072273254,0.5879250168800354,-0.05230981111526489,0.803878128528595,0.5715046525001526,-0.043970100581645966,0.8659198880195618,0.5425466895103455,-0.016268359497189522,0.866138219833374,0.4854113459587097,-0.053279805928468704,0.8428395986557007,0.6092040538787842,-0.031455330550670624,0.8453816175460815,0.6031975746154785,-0.010513572953641415,0.9045208096504211,0.5792811512947083,-0.02146538905799389,0.8998914957046509,0.5580278635025024,-0.03931921720504761,0.8783258199691772,0.6357026100158691,-0.02600443735718727,0.8825132250785828,0.6369435787200928,-0.01315756980329752,Left,a
0.5004904866218567,0.752860426902771,-7.344125947383873e-07,0.42308446764945984,0.7052422165870667,-0.018573613837361336,0.36749863624572754,0.6015228033065796,-0.02658776007592678,0.34446966648101807,0.49442407488822937,-0.03737277537584305,0.34662073850631714,0.40564432740211487,-0.04090772569179535,0.40571117401123047,0.4826534688472748,0.011161080561578274,0.3817698359489441,0.41188815236091614,-0.0246589332818985,0.3897269666194916,0.5113014578819275,-0.041980382055044174,0.40295764803886414,0.5400928854942322,-0.04879731684923172,0.4438948631286621,0.477639764547348,0.0070323217660188675,0.4162348210811615,0.4183613359928131,-0.0300584863871336,0.42290785908699036,0.5336356163024902,-0.033108681440353394,0.4396602511405945,0.5424959659576416,-0.02597128599882126,0.48453596234321594,0.4809020459651947,-0.005140026565641165,0.45698460936546326,0.40872615575790405,-0.04094592109322548,0.45654934644699097,0.523081362247467,-0.024201666936278343,0.4736157953739166,0.5399424433708191,-0.0033492648508399725,0.5281732678413391,0.49484744668006897,-0.02009243331849575,0.4990566670894623,0.4510095715522766,-0.03789721056818962,0.4894302189350128,0.527219295501709,-0.02539997361600399,0.5021911859512329,0.5462009310722351,-0.010535764507949352,Left,a
0.5896515250205994,0.7786915302276611,-9.080646918846469e-07,0.47571128606796265,0.7185857892036438,-0.03771326690912247,0.386507511138916,0.5407262444496155,-0.04889656603336334,0.3422054052352905,0.37066957354545593,-0.06036417558789253,0.34021174907684326,0.2393692135810852,-0.05870652198791504,0.4341627359390259,0.3486402928829193,0.014020624570548534,0.3971763551235199,0.23971740901470184,-0.03392183780670166,0.4117239713668823,0.39179715514183044,-0.05230499058961868,0.43352246284484863,0.4356275796890259,-0.05769025534391403,0.4947182536125183,0.3333393335342407,0.015036105178296566,0.45637643337249756,0.2414519339799881,-0.03232564032077789,0.46432971954345703,0.423348605632782,-0.029145728796720505,0.490030974149704,0.43172067403793335,-0.01261970680207014,0.5589361786842346,0.345417320728302,0.0032603417057543993,0.5224095582962036,0.24606133997440338,-0.04678136482834816,0.5189065933227539,0.4257694184780121,-0.019383620470762253,0.5447380542755127,0.44749653339385986,0.01334261242300272,0.6253268718719482,0.3761538863182068,-0.013147919438779354,0.580348789691925,0.33109861612319946,-0.04213807359337807,0.5647830963134766,0.45193663239479065,-0.025099193677306175,0.5844401717185974,0.47592952847480774,-0.002779725007712841,Left,a
0.4664689898490906,0.6979479789733887,-4.3395610305196897e-07,0.42622819542884827,0.6862085461616516,-0.007206046488136053,0.3938056528568268,0.6252719759941101,-0.008942478336393833,0.3775962293148041,0.5713968873023987,-0.012546692043542862,0.3730219304561615,0.5230304002761841,-0.012835054658353329,0.41711321473121643,0.545862078666687,0.009058693423867226,0.3912546634674072,0.5210807919502258,-0.009139372035861015,0.40094512701034546,0.5764555335044861,-0.017239762470126152,0.4150899052619934,0.5968932509422302,-0.01967502385377884,0.43709829449653625,0.5385901927947998,0.005464563611894846,0.40998685359954834,0.5202555656433105,-0.012536447495222092,0.41847968101501465,0.584882915019989,-0.012766741216182709,0.4339923858642578,0.5927402377128601,-0.0074668340384960175,0.4597565531730652,0.5387169122695923,-0.002332625910639763,0.43146494030952454,0.5178506374359131,-0.02105744369328022,0.437043696641922,0.5829259753227234,-0.011913691647350788,0.4525092840194702,0.5917342901229858,-0.0002060098631773144,0.4850150942802429,0.5475916862487793,-0.011377858929336071,0.4569595456123352,0.5377669334411621,-0.023106057196855545,0.45642659068107605,0.5822511315345764,-0.01723906397819519,0.4694637358188629,0.5931932330131531,-0.008917422965168953,Left,a
0.36048561334609985,0.723524808883667,-7.759630307191401e-07,0.2568899393081665,0.6936182975769043,-0.0158018060028553,0.17837777733802795,0.5711836218833923,-0.018450628966093063,0.13385158777236938,0.4603739082813263,-0.02524302527308464,0.10566115379333496,0.3682124614715576,-0.024396009743213654,0.20949868857860565,0.42190563678741455,0.026980500668287277,0.15145131945610046,0.3687724471092224,-0.01279815100133419,0.17774558067321777,0.47379839420318604,-0.03351739048957825,0.21047519147396088,0.5065938234329224,-0.041385941207408905,0.24808117747306824,0.39366614818573,0.019578147679567337,0.18806910514831543,0.33798232674598694,-0.022348999977111816,0.21205657720565796,0.46938347816467285,-0.027079785242676735,0.24735885858535767,0.4842566251754761,-0.017442740499973297,0.29624509811401367,0.37793225049972534,0.0025886339135468006,0.2360101193189621,0.31139683723449707,-0.040310490876436234,0.2520068287849426,0.44624701142311096,-0.025201160460710526,0.2872718870639801,0.467549592256546,-0.00212839781306684,0.35355737805366516,0.37720680236816406,-0.017193907871842384,0.29549312591552734,0.35585451126098633,-0.04526522383093834,0.29538413882255554,0.45380082726478577,-0.036257028579711914,0.32310521602630615,0.47863656282424927,-0.020214922726154327,Left,a
0.8555312752723694,0.8878535628318787,-7.526406307079014e-07,0.7719914317131042,0.7807278633117676,-0.04369715601205826,0.722304105758667,0.6157013177871704,-0.060354530811309814,0.7125856876373291,0.468498170375824,-0.07432820647954941,0.7228837013244629,0.3555293083190918,-0.07626829296350479,0.7843132615089417,0.47849586606025696,-0.010825186967849731,0.7883886098861694,0.3939867615699768,-0.05185707286000252,0.7758443355560303,0.5252220630645752,-0.06599444150924683,0.7797076106071472,0.541407585144043,-0.07221746444702148,0.840883195400238,0.4991052448749542,-0.00532621331512928,0.8386811017990112,0.4206337630748749,-0.051904868334531784,0.8160160183906555,0.5747369527816772,-0.0525035597383976,0.8244117498397827,0.5649296641349792,-0.04331513121724129,0.8940274119377136,0.5349079370498657,-0.009938621893525124,0.8948181867599487,0.45120692253112793,-0.05543304234743118,0.8648926615715027,0.59468013048172,-0.031974367797374725,0.8723112344741821,0.5954674482345581,-0.006893019657582045,0.9421901106834412,0.5778536796569824,-0.01941288635134697,0.9334248900413513,0.5413872003555298,-0.04268423840403557,0.9031569957733154,0.6297034025192261,-0.028324734419584274,0.9078580141067505,0.6329638361930847,-0.012950561009347439,Left,a
0.797839879989624,0.9039814472198486,-8.552241297365981e-07,0.717786431312561,0.8406831622123718,-0.03580755367875099,0.6630328893661499,0.6763355731964111,-0.04481421783566475,0.6480886340141296,0.5298576354980469,-0.05271194502711296,0.6548323631286621,0.426931232213974,-0.04826980456709862,0.7081631422042847,0.516261637210846,0.004510537721216679,0.7060433626174927,0.423470675945282,-0.03750596195459366,0.7047878503799438,0.5567891001701355,-0.05286996811628342,0.7091361284255981,0.5879839658737183,-0.057735685259103775,0.7614802718162537,0.5246241688728333,0.007211007177829742,0.7575012445449829,0.44563257694244385,-0.03504488617181778,0.7463653683662415,0.60235595703125,-0.03447490185499191,0.7524560689926147,0.594184935092926,-0.022644754499197006,0.8160531520843506,0.5493552684783936,-0.0008814780740067363,0.8172028660774231,0.4709784984588623,-0.04402046278119087,0.7979254722595215,0.617092490196228,-0.02118542417883873,0.8045826554298401,0.6176275610923767,0.005258799530565739,0.870444118976593,0.5823171734809875,-0.01340456958860159,0.866862952709198,0.5422883629798889,-0.036479219794273376,0.8439807891845703,0.6370805501937866,-0.021556854248046875,0.8469208478927612,0.6434262990951538,-0.0036731716245412827,Left,a
0.43856456875801086,0.9491117000579834,-1.131769408857508e-06,0.3208426833152771,0.8811068534851074,-0.01740722544491291,0.234675794839859,0.6891981363296509,-0.017223253846168518,0.18392400443553925,0.5334686040878296,-0.022035712376236916,0.1522931158542633,0.4166783094406128,-0.015564973466098309,0.2731376886367798,0.4615165591239929,0.03261832520365715,0.20357941091060638,0.38001585006713867,-0.014312895014882088,0.226970836520195,0.5330364108085632,-0.03706736117601395,0.2626721262931824,0.5723419189453125,-0.04594824090600014,0.3307318389415741,0.44303688406944275,0.022715318948030472,0.26195019483566284,0.37159818410873413,-0.023922935128211975,0.2818271815776825,0.5610209107398987,-0.022128108888864517,0.3217622935771942,0.5796745419502258,-0.006702140439301729,0.39835280179977417,0.4447929263114929,0.0011280544567853212,0.33466464281082153,0.3690391480922699,-0.04792610555887222,0.3410988450050354,0.5601966977119446,-0.020190909504890442,0.37770822644233704,0.5923922061920166,0.01294435653835535,0.47033804655075073,0.4704539477825165,-0.024294372648000717,0.41032975912094116,0.4103933870792389,-0.052911050617694855,0.3967929482460022,0.543604850769043,-0.032730478793382645,0.4206979274749756,0.5864317417144775,-0.007428514771163464,Left,a
0.6933532357215881,0.8349325060844421,-1.0638962066877866e-06,0.5856451988220215,0.7968168258666992,-0.04348614066839218,0.48917871713638306,0.608337938785553,-0.055925313383340836,0.4449111819267273,0.4277428984642029,-0.06765640527009964,0.43487098813056946,0.29223746061325073,-0.06462395191192627,0.5242847800254822,0.38851213455200195,0.0021683727391064167,0.497685968875885,0.27726632356643677,-0.049974698573350906,0.514892578125,0.45349469780921936,-0.06783465296030045,0.5349724292755127,0.4953218698501587,-0.07298392057418823,0.5907848477363586,0.3692026734352112,0.003088246565312147,0.5620442628860474,0.27089521288871765,-0.05051947012543678,0.5712753534317017,0.4724898338317871,-0.04517668858170509,0.5927310585975647,0.4732237458229065,-0.02625477872788906,0.6611904501914978,0.37094298005104065,-0.009403390809893608,0.6347525119781494,0.2723422348499298,-0.06328372657299042,0.6328316926956177,0.4655386805534363,-0.029814288020133972,0.6529053449630737,0.4760367274284363,0.007044070865958929,0.7338815927505493,0.38552168011665344,-0.02754783071577549,0.704362690448761,0.3276697099208832,-0.05556604266166687,0.6913926005363464,0.4552822709083557,-0.03335140645503998,0.7055036425590515,0.47236359119415283,-0.008144964464008808,Left,a
0.5944700837135315,0.7082560658454895,-6.035695037098776e-07,0.5318257212638855,0.6793334484100342,-0.019089292734861374,0.48617690801620483,0.5793919563293457,-0.02475896291434765,0.47087132930755615,0.48486390709877014,-0.03018311783671379,0.4720105826854706,0.41534996032714844,-0.028103940188884735,0.5164482593536377,0.46646055579185486,-0.0022647033911198378,0.5015168190002441,0.40896478295326233,-0.02930516004562378,0.505810022354126,0.49926477670669556,-0.040568649768829346,0.5173814296722412,0.5164422988891602,-0.04563411325216293,0.5509357452392578,0.46561044454574585,-0.002408582018688321,0.535681962966919,0.41405582427978516,-0.027026351541280746,0.5364303588867188,0.5195929408073425,-0.023659201338887215,0.5488682985305786,0.5183126330375671,-0.01588953286409378,0.5870688557624817,0.4725506007671356,-0.008746943436563015,0.5734249353408813,0.41485360264778137,-0.03227827325463295,0.5681625008583069,0.5153648257255554,-0.013455413281917572,0.5805535912513733,0.523891270160675,0.004262590780854225,0.6238127946853638,0.48668551445007324,-0.017880383878946304,0.6081411242485046,0.4487989842891693,-0.029102373868227005,0.5982186198234558,0.5144173502922058,-0.016504837200045586,0.6069121360778809,0.525489330291748,-0.004160909913480282,Left,a
0.7047886252403259,0.8868225812911987,-1.2024576108160545e-06,0.5728030800819397,0.8114036321640015,-0.0482214093208313,0.47006839513778687,0.6227666139602661,-0.06609851866960526,0.4246383011341095,0.43565136194229126,-0.08538810163736343,0.4212733805179596,0.2848864793777466,-0.08830300718545914,0.5211362242698669,0.37929973006248474,0.012340341694653034,0.49086320400238037,0.2733117640018463,-0.052314840257167816,0.5086967945098877,0.45391905307769775,-0.08149194717407227,0.5244348645210266,0.48725181818008423,-0.09307581186294556,0.5915143489837646,0.3622109293937683,0.012479041703045368,0.559212327003479,0.27849724888801575,-0.054188646376132965,0.5704905986785889,0.49618929624557495,-0.05767716467380524,0.5859506130218506,0.48325538635253906,-0.04284053295850754,0.6680169105529785,0.3673846125602722,-0.0032171302009373903,0.6380830407142639,0.2757731080055237,-0.06773511320352554,0.6379265189170837,0.48378393054008484,-0.036018989980220795,0.6565673351287842,0.4854087829589844,0.0025152883026748896,0.7456451654434204,0.3885688781738281,-0.02554466761648655,0.7161789536476135,0.3454553186893463,-0.05528727546334267,0.7020626068115234,0.4744488298892975,-0.032941680401563644,0.7188094258308411,0.4764082431793213,-0.006699067540466785,Left,a
0.6090660095214844,0.8173092603683472,2.127812734897816e-07,0.5604420900344849,0.7851091623306274,-0.028944281861186028,0.5343470573425293,0.6986725330352783,-0.04122285544872284,0.5526370406150818,0.6136248707771301,-0.05115040764212608,0.5823372602462769,0.5581064224243164,-0.059630341827869415,0.5252088308334351,0.5597304105758667,-0.014086193405091763,0.5132231712341309,0.4501531720161438,-0.03188247233629227,0.5091363787651062,0.3795565366744995,-0.04855822026729584,0.508031964302063,0.3180362582206726,-0.06199158355593681,0.5553247928619385,0.5402174592018127,-0.01377647090703249,0.5402956008911133,0.42232775688171387,-0.03024810180068016,0.5341536998748779,0.3384970724582672,-0.04758172854781151,0.5307180881500244,0.26189425587654114,-0.0603855662047863,0.5842018723487854,0.5468499660491943,-0.017945392057299614,0.5702256560325623,0.4352613687515259,-0.035845402628183365,0.5637314319610596,0.35957807302474976,-0.051817189902067184,0.5593345761299133,0.29286664724349976,-0.06264561414718628,0.614423930644989,0.5747622847557068,-0.02509756200015545,0.6037845611572266,0.4840501844882965,-0.042886678129434586,0.5970462560653687,0.42486274242401123,-0.05363555997610092,0.5925519466400146,0.37017711997032166,-0.06064273416996002,Left,b
0.6454181671142578,0.6755106449127197,1.0436500019750383e-07,0.6327811479568481,0.6581035852432251,-0.02938223071396351,0.6324566602706909,0.6226538419723511,-0.04678666591644287,0.648270308971405,0.5915619134902954,-0.060508836060762405,0.6663827896118164,0.5673514604568481,-0.07401502877473831,0.6209675073623657,0.5452620983123779,-0.03906569629907608,0.6178231835365295,0.4736510217189789,-0.05840819329023361,0.6171497702598572,0.42464619874954224,-0.07198181748390198,0.6181532740592957,0.38517650961875916,-0.08179894089698792,0.6411764025688171,0.5373551249504089,-0.03444184362888336,0.6370481252670288,0.4592892825603485,-0.05423074960708618,0.6358097791671753,0.4024759829044342,-0.06852699816226959,0.6355245113372803,0.35403624176979065,-0.0786520466208458,0.6607497930526733,0.5413975119590759,-0.03176714479923248,0.6581330895423889,0.4671286344528198,-0.0503544881939888,0.657097578048706,0.41657742857933044,-0.06184995546936989,0.6552062034606934,0.37453848123550415,-0.06897671520709991,0.6791785359382629,0.5525388121604919,-0.031103502959012985,0.6811471581459045,0.4987820088863373,-0.04653823748230934,0.6821439266204834,0.4618527889251709,-0.054488249123096466,0.6813814043998718,0.4319785237312317,-0.059464551508426666,Left,b
0.3952328860759735,0.7410740256309509,2.2577901859222038e-07,0.3375661373138428,0.7341761589050293,-0.06991598755121231,0.3098994791507721,0.6730493307113647,-0.1121278926730156,0.3353425860404968,0.5870071053504944,-0.14471881091594696,0.36761903762817383,0.506347119808197,-0.17557065188884735,0.2681685984134674,0.5044588446617126,-0.0969294086098671,0.23088973760604858,0.35176345705986023,-0.1427432894706726,0.21598458290100098,0.25843003392219543,-0.17248991131782532,0.20705819129943848,0.1736527979373932,-0.19355285167694092,0.3065367043018341,0.46543294191360474,-0.08561985939741135,0.26785966753959656,0.2970246374607086,-0.1292651742696762,0.253044992685318,0.18546436727046967,-0.1559739112854004,0.2433277815580368,0.08258375525474548,-0.17536954581737518,0.3498727083206177,0.4580060839653015,-0.07961882650852203,0.3163261115550995,0.3149389326572418,-0.12100115418434143,0.3036150634288788,0.2170853167772293,-0.1437312364578247,0.2925181984901428,0.12651260197162628,-0.1584472805261612,0.3960230052471161,0.46783941984176636,-0.07887592911720276,0.3729012608528137,0.3599125146865845,-0.11457465589046478,0.3609486222267151,0.28537166118621826,-0.1325107216835022,0.3513031005859375,0.21330679953098297,-0.14447519183158875,Left,b
0.8690952658653259,0.9440743923187256,8.46307059987339e-08,0.8058966994285583,0.8563864231109619,-0.04477927088737488,0.7833588719367981,0.7347185611724854,-0.06136549636721611,0.8196081519126892,0.6358271241188049,-0.0740070790052414,0.8688228726387024,0.5849335193634033,-0.0837850570678711,0.7782369256019592,0.5742972493171692,-0.01765565574169159,0.7788003087043762,0.42790138721466064,-0.03838706761598587,0.7851039171218872,0.34202200174331665,-0.06027286499738693,0.7908216714859009,0.2590804100036621,-0.07921263575553894,0.8232707977294922,0.5531089305877686,-0.01247877161949873,0.8182395696640015,0.39288586378097534,-0.029672076925635338,0.8196098208427429,0.2938231825828552,-0.051852136850357056,0.8202320337295532,0.19463324546813965,-0.07134347409009933,0.8640674352645874,0.5605511665344238,-0.014059828594326973,0.8609351515769958,0.41915372014045715,-0.03345928713679314,0.8599247336387634,0.3300100564956665,-0.05333331227302551,0.8553906083106995,0.2449958324432373,-0.06938914954662323,0.9060496091842651,0.5910813212394714,-0.020866192877292633,0.9069022536277771,0.48415252566337585,-0.03880355507135391,0.9060264825820923,0.41427797079086304,-0.050807978957891464,0.9015024304389954,0.3485962748527527,-0.06116314232349396,Left,b
0.6160527467727661,0.6655106544494629,1.737320047823232e-07,0.5993029475212097,0.6596508622169495,-0.034837305545806885,0.5989056825637817,0.6298059821128845,-0.05502662435173988,0.6177999377250671,0.5973244905471802,-0.06959722936153412,0.6369858384132385,0.5678037405014038,-0.08370311558246613,0.5844012498855591,0.5619041323661804,-0.05118442326784134,0.5755255222320557,0.49097198247909546,-0.07238149642944336,0.5724726915359497,0.44164881110191345,-0.08607357740402222,0.5713800191879272,0.4015926718711853,-0.09547082334756851,0.6031380891799927,0.5449340343475342,-0.04323335364460945,0.5928215980529785,0.46786701679229736,-0.06326600909233093,0.5885730981826782,0.41177162528038025,-0.0761653259396553,0.5857049226760864,0.3628063499927521,-0.08545324951410294,0.6217291355133057,0.5405460000038147,-0.037114217877388,0.6125401258468628,0.47181236743927,-0.05497206375002861,0.6093328595161438,0.4232659339904785,-0.06588179618120193,0.6063905358314514,0.3826306164264679,-0.07315430790185928,0.6384945511817932,0.5445044636726379,-0.033391132950782776,0.6351610422134399,0.4936562180519104,-0.04816685616970062,0.634029746055603,0.4601237177848816,-0.05615938827395439,0.6331238150596619,0.4332052767276764,-0.06156018376350403,Left,b
0.80103600025177,0.6608136892318726,2.2690147716275533e-07,0.7778986692428589,0.6147657632827759,-0.04135392978787422,0.7679527997970581,0.547579824924469,-0.07624631375074387,0.7708084583282471,0.49291864037513733,-0.10474582016468048,0.7807058691978455,0.4367856979370117,-0.13645589351654053,0.766316831111908,0.49947482347488403,-0.10259118676185608,0.7552600502967834,0.3694724142551422,-0.1459018737077713,0.7448238134384155,0.29193413257598877,-0.17094844579696655,0.7372766137123108,0.2226434201002121,-0.18791596591472626,0.7911614179611206,0.49588915705680847,-0.10207740217447281,0.7815516591072083,0.3517843186855316,-0.14996770024299622,0.7724785208702087,0.2535400390625,-0.17826440930366516,0.7637696266174316,0.16463148593902588,-0.19800874590873718,0.8131518959999084,0.5084226131439209,-0.10120555758476257,0.8065406084060669,0.3694727420806885,-0.14401374757289886,0.7998038530349731,0.2730978727340698,-0.168330118060112,0.791172444820404,0.197748601436615,-0.1835535764694214,0.8316649794578552,0.5251631736755371,-0.10123004764318466,0.8278904557228088,0.4220121502876282,-0.13736297190189362,0.8248597383499146,0.3443153202533722,-0.15614768862724304,0.820085883140564,0.28119009733200073,-0.16872550547122955,Left,b
0.6348891854286194,0.721053957939148,1.4558068528458534e-07,0.6048409342765808,0.7043761014938354,-0.02417280711233616,0.5911213755607605,0.6606699824333191,-0.036758437752723694,0.6064735651016235,0.6163332462310791,-0.04653496667742729,0.6271802186965942,0.5866273641586304,-0.055504489690065384,0.5804873704910278,0.5795719027519226,-0.02533700317144394,0.5716152787208557,0.5056568384170532,-0.041834428906440735,0.568454384803772,0.45570480823516846,-0.05381062254309654,0.5683487057685852,0.41478806734085083,-0.062350377440452576,0.6031928658485413,0.5631972551345825,-0.022965025156736374,0.5917642116546631,0.48159274458885193,-0.038753025233745575,0.5868200063705444,0.4249076843261719,-0.049951016902923584,0.5845775008201599,0.3755878806114197,-0.05733852833509445,0.6260238289833069,0.5610613822937012,-0.02303345687687397,0.6153329610824585,0.48574668169021606,-0.038502126932144165,0.6107194423675537,0.4352879226207733,-0.04758003354072571,0.607562243938446,0.3929034471511841,-0.05242447555065155,0.6498000621795654,0.5713911056518555,-0.025087786838412285,0.6420849561691284,0.50685715675354,-0.037942878901958466,0.6381369829177856,0.4731747508049011,-0.04281867295503616,0.634617269039154,0.44761109352111816,-0.04491350054740906,Left,b
0.6866363286972046,0.87270188331604,2.6934810648526764e-07,0.6135151386260986,0.8000852465629578,-0.054243218153715134,0.5776128172874451,0.6695741415023804,-0.07445873320102692,0.6100590229034424,0.5421303510665894,-0.0888897106051445,0.6611507534980774,0.46130821108818054,-0.09988608956336975,0.5615075826644897,0.4587181806564331,-0.018497902899980545,0.5475072860717773,0.2919211983680725,-0.04070195183157921,0.545660674571991,0.1881585568189621,-0.06544719636440277,0.5467474460601807,0.09727931022644043,-0.08641372621059418,0.608319103717804,0.4314391613006592,-0.010819308459758759,0.5924537181854248,0.2543012797832489,-0.029177671298384666,0.588322103023529,0.13968080282211304,-0.05455693230032921,0.5861186385154724,0.03324320912361145,-0.07529774308204651,0.6520920991897583,0.44155916571617126,-0.011374669149518013,0.6402910351753235,0.277961403131485,-0.03368059918284416,0.632651150226593,0.16734102368354797,-0.059511344879865646,0.6266233325004578,0.0674031674861908,-0.07884947210550308,0.6989407539367676,0.4829278588294983,-0.017582116648554802,0.691253125667572,0.34794798493385315,-0.04001392051577568,0.6832358837127686,0.2606275677680969,-0.056400369852781296,0.6759620308876038,0.17820997536182404,-0.06894458085298538,Left,b
0.607181966304779,0.6304358243942261,2.8421007769452444e-08,0.5922533273696899,0.5975034236907959,-0.014582733623683453,0.5914351940155029,0.5556597113609314,-0.025024225935339928,0.6010773777961731,0.5243001580238342,-0.03426042199134827,0.6128184199333191,0.5013408660888672,-0.043969061225652695,0.5937194228172302,0.5170769095420837,-0.025275904685258865,0.5906969308853149,0.4518003761768341,-0.04031253606081009,0.5882409811019897,0.4112646281719208,-0.05033592879772186,0.5851147174835205,0.37864983081817627,-0.057344675064086914,0.6066672801971436,0.5120287537574768,-0.025983747094869614,0.605107843875885,0.44164538383483887,-0.04103908687829971,0.6004138588905334,0.3976360857486725,-0.05054115876555443,0.5932915210723877,0.36231955885887146,-0.057242948561906815,0.6191696524620056,0.5187281370162964,-0.027810344472527504,0.6179723143577576,0.45368555188179016,-0.04148165509104729,0.613578200340271,0.41268661618232727,-0.049077413976192474,0.6070728898048401,0.37917959690093994,-0.05415390804409981,0.6312394738197327,0.533711850643158,-0.03062937594950199,0.636908233165741,0.48819664120674133,-0.04200778901576996,0.6365861892700195,0.4554396867752075,-0.04779227077960968,0.6337302923202515,0.4260024130344391,-0.05196892470121384,Left,b
0.8432994484901428,0.8758178353309631,2.266721566002161e-07,0.786473274230957,0.790884792804718,-0.05227741599082947,0.7698827981948853,0.6775567531585693,-0.07276645302772522,0.8020081520080566,0.5805281400680542,-0.08794855326414108,0.8470787405967712,0.5250070095062256,-0.10075026750564575,0.7609208226203918,0.5121468901634216,-0.024776047095656395,0.7645741701126099,0.368059366941452,-0.04759269207715988,0.7732515335083008,0.2796058654785156,-0.07208410650491714,0.7830802202224731,0.1953793466091156,-0.09327038377523422,0.8068150281906128,0.49577146768569946,-0.017540734261274338,0.8074141144752502,0.33250343799591064,-0.038072146475315094,0.8141940236091614,0.2296784520149231,-0.06596900522708893,0.8214967250823975,0.1274774670600891,-0.0896507129073143,0.8481813669204712,0.508984386920929,-0.017346244305372238,0.8491098284721375,0.3659704327583313,-0.04112381860613823,0.8511306643486023,0.2658425569534302,-0.0686521828174591,0.8517784476280212,0.1741712987422943,-0.08992817997932434,0.8914411664009094,0.5466570854187012,-0.02241082675755024,0.8933192491531372,0.4333006739616394,-0.0445249006152153,0.8937386274337769,0.35819554328918457,-0.06193173676729202,0.8920696973800659,0.28760144114494324,-0.07653395086526871,Left,b
0.5913975238800049,0.7797400951385498,2.7199408236810996e-07,0.5542330145835876,0.7690616846084595,-0.021134907379746437,0.5279544591903687,0.7067245841026306,-0.030869584530591965,0.5358997583389282,0.6365763545036316,-0.038155294954776764,0.5605724453926086,0.5935764908790588,-0.044267330318689346,0.5160593390464783,0.6162802577018738,-0.014621950685977936,0.5037958025932312,0.5355026721954346,-0.02869918756186962,0.49754631519317627,0.4788793623447418,-0.04077161103487015,0.4937790036201477,0.4311451315879822,-0.05001107603311539,0.5383771061897278,0.595758318901062,-0.014271675609052181,0.524168848991394,0.5095064640045166,-0.026901980862021446,0.5167237520217896,0.44605758786201477,-0.0388231985270977,0.510821521282196,0.38942742347717285,-0.04688691347837448,0.5612000226974487,0.5932536125183105,-0.016617758199572563,0.5478969812393188,0.5110765695571899,-0.030664067715406418,0.5385881066322327,0.45212075114250183,-0.04188503324985504,0.5313145518302917,0.39935511350631714,-0.04869842156767845,0.5859351754188538,0.606331467628479,-0.020792730152606964,0.5731649398803711,0.5401540994644165,-0.03483659401535988,0.5664321184158325,0.496421217918396,-0.04187082126736641,0.561543881893158,0.4564673900604248,-0.04546922817826271,Left,b
0.6430508494377136,0.8947291374206543,2.0190398686281696e-07,0.5760961771011353,0.8181814551353455,-0.05079236626625061,0.5485172271728516,0.6809314489364624,-0.068379707634449,0.5836389064788818,0.5539290904998779,-0.08089664578437805,0.6306169033050537,0.4729955792427063,-0.09041542559862137,0.5337665677070618,0.48050037026405334,-0.018536021932959557,0.5272979736328125,0.3156336545944214,-0.04246916249394417,0.5283001065254211,0.21215234696865082,-0.06778017431497574,0.531385064125061,0.11959415674209595,-0.0889773741364479,0.5814671516418457,0.4536665380001068,-0.013011699542403221,0.5719373226165771,0.2735588550567627,-0.034767717123031616,0.5713839530944824,0.15237626433372498,-0.06197169050574303,0.5727179646492004,0.03883641958236694,-0.08331973105669022,0.6252552270889282,0.4660935401916504,-0.015060296282172203,0.6184582114219666,0.30121099948883057,-0.040989186614751816,0.6142987012863159,0.19209110736846924,-0.06725233793258667,0.6109927296638489,0.09225448966026306,-0.08605694770812988,0.670973539352417,0.5114483833312988,-0.022264700382947922,0.6664804816246033,0.3773573338985443,-0.047370076179504395,0.6622961163520813,0.2929600477218628,-0.06372565776109695,0.6588481068611145,0.21333304047584534,-0.07558739185333252,Left,b
0.6272789239883423,0.6628302335739136,1.305555912267664e-07,0.638092577457428,0.6396389007568359,-0.015957528725266457,0.6488854289054871,0.6038931012153625,-0.02760799415409565,0.6553465723991394,0.5728696584701538,-0.03769218176603317,0.6640099883079529,0.5498527884483337,-0.048774152994155884,0.6383107304573059,0.5556771755218506,-0.02989336848258972,0.6324552893638611,0.48918959498405457,-0.04624941945075989,0.6274470090866089,0.44448861479759216,-0.05690770968794823,0.6230529546737671,0.4060814678668976,-0.06409656256437302,0.6331391334533691,0.5515204668045044,-0.03051798790693283,0.6322900652885437,0.4805454611778259,-0.04812909662723541,0.6304056644439697,0.42973792552948,-0.05975152924656868,0.6280967593193054,0.38728493452072144,-0.06741886585950851,0.6273943185806274,0.5576800107955933,-0.03170621022582054,0.6296196579933167,0.4908960461616516,-0.04755057394504547,0.6301842927932739,0.4439060389995575,-0.05636352300643921,0.629875898361206,0.4065174460411072,-0.06115272268652916,0.6215578317642212,0.5688593983650208,-0.033685117959976196,0.6267760992050171,0.5160295367240906,-0.04719391465187073,0.628469705581665,0.4761698246002197,-0.05364776402711868,0.629531979560852,0.441922664642334,-0.05717580020427704,Right,b
0.863316535949707,0.9194778800010681,2.1412463979686436e-07,0.8015914559364319,0.8651620745658875,-0.06020156294107437,0.7721977233886719,0.7642536163330078,-0.08665000647306442,0.8014624118804932,0.6609776020050049,-0.10610047727823257,0.846065104007721,0.592115581035614,-0.12300041317939758,0.746745765209198,0.5846980810165405,-0.04214698448777199,0.7343682646751404,0.4372367262840271,-0.06987836956977844,0.7335148453712463,0.34760424494743347,-0.09584486484527588,0.7336887717247009,0.2621590793132782,-0.11769446730613708,0.7893435955047607,0.5526638627052307,-0.032859962433576584,0.7725176811218262,0.39046376943588257,-0.0590362586081028,0.7675941586494446,0.2846262753009796,-0.08826561272144318,0.7633519172668457,0.17955172061920166,-0.11209982633590698,0.8311776518821716,0.5551270246505737,-0.030467821285128593,0.8169410228729248,0.41106683015823364,-0.0598762072622776,0.8097164034843445,0.3102881610393524,-0.08952781558036804,0.8014656901359558,0.2165389060974121,-0.11140268296003342,0.8762417435646057,0.5830014944076538,-0.03347104415297508,0.8683764934539795,0.47338631749153137,-0.06073816865682602,0.8627945780754089,0.3986983299255371,-0.08038091659545898,0.8566582202911377,0.3284667730331421,-0.09571361541748047,Left,b
0.7042129635810852,0.6735705137252808,2.6042487277777582e-08,0.6769600510597229,0.6562246084213257,-0.02732243947684765,0.664715051651001,0.6128013730049133,-0.04016852378845215,0.6784214377403259,0.5610541701316833,-0.049236055463552475,0.6971450448036194,0.5211401581764221,-0.05722682923078537,0.6482399702072144,0.533561646938324,-0.026129532605409622,0.6396098136901855,0.4626191556453705,-0.040990620851516724,0.6360616087913513,0.4175519645214081,-0.05266028270125389,0.6337660551071167,0.3779873251914978,-0.06178155168890953,0.6693851351737976,0.513748824596405,-0.02078733965754509,0.6572154760360718,0.4349521994590759,-0.03339967131614685,0.6505195498466492,0.3841012716293335,-0.04377971962094307,0.6450709700584412,0.33784645795822144,-0.05231931060552597,0.6895670890808105,0.509691596031189,-0.018211793154478073,0.6781954765319824,0.4382146894931793,-0.03113493137061596,0.6719076633453369,0.3942045271396637,-0.040296994149684906,0.6661595106124878,0.3538611829280853,-0.04704832285642624,0.7101730108261108,0.5190794467926025,-0.01803499087691307,0.7026944756507874,0.46282416582107544,-0.029821747913956642,0.6980909705162048,0.43034154176712036,-0.03634646534919739,0.6939247250556946,0.40130510926246643,-0.0411241389811039,Left,b
0.6772328019142151,0.6211878061294556,8.447268129430086e-08,0.6803745627403259,0.5876901149749756,-0.017984051257371902,0.6821607947349548,0.5372017621994019,-0.031718507409095764,0.6813828349113464,0.4886801540851593,-0.042603328824043274,0.6795016527175903,0.4488709270954132,-0.054888930171728134,0.6727977395057678,0.5276990532875061,-0.045044925063848495,0.6635779142379761,0.45459532737731934,-0.06582414358854294,0.6568402051925659,0.4081130623817444,-0.07729573547840118,0.6518012285232544,0.3713575303554535,-0.0843336284160614,0.6789112091064453,0.5282654762268066,-0.04470379278063774,0.6701604127883911,0.44841405749320984,-0.06788291037082672,0.664716899394989,0.3940483033657074,-0.08011414110660553,0.6601821184158325,0.3503551781177521,-0.08764274418354034,0.6836758852005005,0.5335786938667297,-0.044287532567977905,0.6774516105651855,0.45427772402763367,-0.06563086807727814,0.6726253032684326,0.39979541301727295,-0.07517512887716293,0.6668124794960022,0.3598962128162384,-0.07953805476427078,0.68747878074646,0.5398604273796082,-0.04414000362157822,0.6874665021896362,0.47601619362831116,-0.06105354055762291,0.6866956949234009,0.43238282203674316,-0.06798835098743439,0.6846494674682617,0.4007597267627716,-0.07147926092147827,Left,b
0.7156145572662354,0.7448245286941528,1.8629070552833582e-07,0.6662818193435669,0.7087928652763367,-0.027185413986444473,0.637724757194519,0.6246575713157654,-0.036344967782497406,0.6512941718101501,0.5342230200767517,-0.0432560108602047,0.6771795153617859,0.4760512709617615,-0.04849156737327576,0.6212470531463623,0.499687135219574,-0.008353360928595066,0.6125633716583252,0.3953050673007965,-0.022476203739643097,0.6103130578994751,0.3293015658855438,-0.03753627836704254,0.6092581748962402,0.26956045627593994,-0.05040646716952324,0.6512241959571838,0.47390520572662354,-0.007133813109248877,0.6391935348510742,0.3610137403011322,-0.019865792244672775,0.6332217454910278,0.28281208872795105,-0.036128539592027664,0.6271860003471375,0.20985034108161926,-0.048990048468112946,0.6797781586647034,0.47405120730400085,-0.010196931660175323,0.6686084866523743,0.36806756258010864,-0.025637857615947723,0.6605843901634216,0.29787465929985046,-0.041570041328668594,0.6524180173873901,0.23645415902137756,-0.05303319916129112,0.7105700373649597,0.4962504208087921,-0.016053564846515656,0.7016481161117554,0.4126320481300354,-0.031687092036008835,0.6957970261573792,0.3604779839515686,-0.041762981563806534,0.690284013748169,0.31437402963638306,-0.04883379489183426,Left,b
0.6803796291351318,0.8527354598045349,1.9349209878782858e-07,0.615851104259491,0.7734359502792358,-0.0419011153280735,0.5886242389678955,0.6491999626159668,-0.05728643760085106,0.6145821213722229,0.5393036603927612,-0.06930293887853622,0.6551767587661743,0.4695313572883606,-0.07908499985933304,0.5890082120895386,0.4718010127544403,-0.015012236312031746,0.5847833156585693,0.32681354880332947,-0.0372026190161705,0.5886765718460083,0.23550577461719513,-0.06039109453558922,0.5942003726959229,0.1515246331691742,-0.0796024352312088,0.629941463470459,0.4516787827014923,-0.012231902219355106,0.6224440932273865,0.2883157432079315,-0.03209864720702171,0.6237415075302124,0.18223008513450623,-0.05643651261925697,0.6269263625144958,0.080995112657547,-0.07600104063749313,0.666949987411499,0.46457210183143616,-0.015942109748721123,0.6633421182632446,0.3199944794178009,-0.038231201469898224,0.6615707278251648,0.22467941045761108,-0.06077169254422188,0.6594099998474121,0.13730990886688232,-0.07760180532932281,0.7056525349617004,0.5042999982833862,-0.02423788234591484,0.7040671706199646,0.3942839205265045,-0.04474138841032982,0.7028632760047913,0.3215799927711487,-0.05839374661445618,0.7022528052330017,0.25234535336494446,-0.06901846826076508,Left,b
0.6685281991958618,0.728102445602417,8.896657845980371e-07,0.6474941968917847,0.761225700378418,-0.10265521705150604,0.6356807351112366,0.7254067659378052,-0.16625483334064484,0.6575009822845459,0.6567217111587524,-0.2119600772857666,0.6792252063751221,0.5641513466835022,-0.25937387347221375,0.5666738152503967,0.6026722192764282,-0.16953477263450623,0.5383362770080566,0.47028881311416626,-0.23278094828128815,0.5164755582809448,0.37316539883613586,-0.276017963886261,0.4997953772544861,0.2877223789691925,-0.3073260188102722,0.6002485752105713,0.5451254844665527,-0.14701327681541443,0.5651798248291016,0.39899858832359314,-0.21066302061080933,0.5436726808547974,0.2916414737701416,-0.2582892179489136,0.5192290544509888,0.18606650829315186,-0.29394060373306274,0.6394532918930054,0.5097225308418274,-0.1276632398366928,0.609396755695343,0.38292062282562256,-0.18371601402759552,0.5903431177139282,0.28778064250946045,-0.2272074818611145,0.5692391395568848,0.1982496678829193,-0.2585609555244446,0.6766763925552368,0.49128180742263794,-0.11407269537448883,0.6617336273193359,0.40388721227645874,-0.15973900258541107,0.6485182046890259,0.3364871144294739,-0.1910233199596405,0.6357648968696594,0.2773709297180176,-0.2154400646686554,Left,b
0.7760254144668579,0.9661897420883179,4.125583643599384e-07,0.7188653945922852,0.8613872528076172,-0.06909235566854477,0.7052295207977295,0.7324192523956299,-0.09692859649658203,0.7492102980613708,0.6355119943618774,-0.11612153798341751,0.8113571405410767,0.5805980563163757,-0.13254910707473755,0.7273196578025818,0.5534062385559082,-0.0406138114631176,0.7473077774047852,0.39865970611572266,-0.06376924365758896,0.7673450112342834,0.30635836720466614,-0.08893689513206482,0.7872398495674133,0.22174087166786194,-0.11064706742763519,0.7756156325340271,0.5542311668395996,-0.026138460263609886,0.7943225502967834,0.3779221475124359,-0.044350530952215195,0.8147432804107666,0.26695626974105835,-0.0712381899356842,0.833032488822937,0.1642836630344391,-0.0952669158577919,0.8167188763618469,0.582571804523468,-0.020404545590281487,0.8353695869445801,0.4297245144844055,-0.041169311851263046,0.8479585647583008,0.3292461335659027,-0.07068901509046555,0.8577553629875183,0.2347939908504486,-0.0948457345366478,0.858576774597168,0.6323992609977722,-0.02166062779724598,0.873345136642456,0.5114465951919556,-0.04257837310433388,0.8812978863716125,0.43346887826919556,-0.06300507485866547,0.888594925403595,0.3599517345428467,-0.08095674961805344,Left,b
0.7256636023521423,0.7827692031860352,-6.641870982093678e-07,0.6358402967453003,0.7519164085388184,0.04043053463101387,0.5764970183372498,0.6861227750778198,0.048518434166908264,0.5223201513290405,0.6549186110496521,0.03685649111866951,0.47146934270858765,0.6262757182121277,0.022544756531715393,0.5993324518203735,0.5059189200401306,0.0807061567902565,0.5459628701210022,0.4318833351135254,0.07006322592496872,0.5061390399932861,0.46744275093078613,0.052846066653728485,0.4827580749988556,0.5210962295532227,0.041369784623384476,0.6149513721466064,0.483974814414978,0.0397590696811676,0.5454354286193848,0.3922558128833771,0.030131559818983078,0.5001519918441772,0.43875405192375183,0.013365584425628185,0.4775954782962799,0.5000564455986023,0.0030287853442132473,0.6301853060722351,0.47947150468826294,-0.00509221013635397,0.5596064925193787,0.3895486891269684,-0.016719266772270203,0.5085409283638,0.4417506456375122,-0.025244826450943947,0.48248612880706787,0.5076903104782104,-0.02963845804333687,0.639661431312561,0.49132347106933594,-0.0490705631673336,0.56834876537323,0.4443202614784241,-0.056850723922252655,0.5188515186309814,0.47456321120262146,-0.058587267994880676,0.4897734522819519,0.5196534395217896,-0.059513553977012634,Left,c
0.7944855690002441,0.7748022079467773,-7.799505397088069e-07,0.6860169172286987,0.7222394943237305,0.031593844294548035,0.6169659495353699,0.6319105625152588,0.0344524160027504,0.5525426864624023,0.5850735306739807,0.018162433058023453,0.49731147289276123,0.5363112688064575,0.0006286044954322278,0.6593589186668396,0.4032347798347473,0.07509590685367584,0.5992599129676819,0.31360700726509094,0.05609266832470894,0.5538772344589233,0.3526874780654907,0.032439544796943665,0.5251023173332214,0.4140617251396179,0.017558114603161812,0.684533417224884,0.37700390815734863,0.03527674078941345,0.6046238541603088,0.2663627564907074,0.01822512224316597,0.5525785684585571,0.31773442029953003,-0.0031785089522600174,0.5229586362838745,0.3889450430870056,-0.015804903581738472,0.7067874670028687,0.3709809482097626,-0.009937086142599583,0.621780276298523,0.26944494247436523,-0.027727333828806877,0.5587326288223267,0.3306405544281006,-0.03917817398905754,0.523877739906311,0.40957221388816833,-0.04473966732621193,0.7183183431625366,0.38566792011260986,-0.05532466992735863,0.6275299787521362,0.33709293603897095,-0.0682121217250824,0.5669606924057007,0.3660013973712921,-0.07357145845890045,0.5294314622879028,0.41217756271362305,-0.07643822580575943,Left,c
0.6978904604911804,0.6829071044921875,-4.3538662453102006e-07,0.6505417823791504,0.6823782324790955,-0.0028442195616662502,0.606743335723877,0.6454873085021973,-0.007940473966300488,0.571164608001709,0.623416543006897,-0.018122922629117966,0.5409760475158691,0.606102466583252,-0.027896961197257042,0.616359293460846,0.5246257185935974,0.012148400768637657,0.5835637450218201,0.4712272882461548,-0.005836999975144863,0.5572645664215088,0.496296226978302,-0.02121407724916935,0.5427679419517517,0.5340854525566101,-0.029695304110646248,0.6272414922714233,0.5055941343307495,0.0026171414647251368,0.5854915976524353,0.43973976373672485,-0.014748726971447468,0.5553337931632996,0.4747004508972168,-0.027578018605709076,0.5413379669189453,0.5191389322280884,-0.0329739972949028,0.6405547261238098,0.4964812994003296,-0.010266346856951714,0.596087634563446,0.4362884759902954,-0.026154853403568268,0.5626121163368225,0.478503942489624,-0.03432474285364151,0.5474222898483276,0.5271998643875122,-0.03606390953063965,0.6543998122215271,0.5013166666030884,-0.024193670600652695,0.6073077917098999,0.4719144105911255,-0.035646721720695496,0.5741651058197021,0.49133023619651794,-0.04061124473810196,0.5557280778884888,0.5217114686965942,-0.04176686331629753,Left,c
0.3621923327445984,0.6699936985969543,-6.447580176427437e-07,0.2854800522327423,0.6547840237617493,0.018233075737953186,0.2453022599220276,0.6003963351249695,0.01933862455189228,0.19729122519493103,0.5606993436813354,0.01160434726625681,0.14969225227832794,0.5323572158813477,-0.0010522629600018263,0.3062137961387634,0.3936673402786255,0.027802446857094765,0.2156475931406021,0.3579064607620239,0.024745307862758636,0.17140869796276093,0.39867734909057617,0.014816036447882652,0.14770084619522095,0.4433869421482086,0.00814658123999834,0.31019455194473267,0.3769109547138214,0.008574588224291801,0.20812006294727325,0.33739787340164185,0.012074528262019157,0.1622435301542282,0.3858944773674011,0.002477748319506645,0.13546663522720337,0.43714743852615356,-0.0069564832374453545,0.30171066522598267,0.38102197647094727,-0.010387704707682133,0.20277491211891174,0.34459421038627625,-0.009237698279321194,0.16126041114330292,0.38945960998535156,-0.017187168821692467,0.1383352428674698,0.4343423843383789,-0.0255589559674263,0.281778484582901,0.4012219309806824,-0.028846362605690956,0.21000094711780548,0.373208612203598,-0.030346397310495377,0.17570480704307556,0.40139421820640564,-0.030125224962830544,0.15232758224010468,0.43801116943359375,-0.03043018840253353,Left,c
0.7897214889526367,0.7319942712783813,-4.788734031535569e-07,0.7316396236419678,0.7037146091461182,0.0011914160568267107,0.6863093376159668,0.6462881565093994,-0.00567286042496562,0.6472152471542358,0.6062347888946533,-0.020537886768579483,0.6126174926757812,0.5690720677375793,-0.03500926494598389,0.7088069915771484,0.498274564743042,0.02071138098835945,0.6741567254066467,0.4206724762916565,-0.0023867988493293524,0.6418596506118774,0.4387003779411316,-0.021767688915133476,0.6193892955780029,0.47481465339660645,-0.03232356905937195,0.7273524403572083,0.48296603560447693,0.004814334213733673,0.6799414753913879,0.3940139710903168,-0.01881510391831398,0.641802966594696,0.4276522397994995,-0.036141183227300644,0.6200790405273438,0.4758788049221039,-0.04341275990009308,0.745971143245697,0.4798980951309204,-0.015262600034475327,0.6954742670059204,0.40637028217315674,-0.03670887649059296,0.6510811448097229,0.44675523042678833,-0.0470573715865612,0.6261969208717346,0.49728909134864807,-0.048869539052248,0.7616688013076782,0.4900588393211365,-0.03627702221274376,0.7079808115959167,0.4496365189552307,-0.050135333091020584,0.6680482625961304,0.4586435556411743,-0.056071262806653976,0.642532467842102,0.4799460470676422,-0.05737738311290741,Left,c
0.904420018196106,0.8407496213912964,-1.2008057410639594e-06,0.7539625763893127,0.7829297780990601,0.012940458953380585,0.653134286403656,0.6694408655166626,-0.00219273054972291,0.5752197504043579,0.6124849319458008,-0.032834336161613464,0.5028639435768127,0.5519821643829346,-0.06411175429821014,0.7290681004524231,0.3201921880245209,0.026911968365311623,0.6114604473114014,0.24317684769630432,-0.022079994902014732,0.5420436859130859,0.3230147659778595,-0.06413465738296509,0.5032014846801758,0.41581249237060547,-0.08791156113147736,0.7608603835105896,0.30858343839645386,-0.01064006146043539,0.6053950190544128,0.22672130167484283,-0.056616198271512985,0.5277125239372253,0.3406350612640381,-0.08751119673252106,0.5009967088699341,0.4459856152534485,-0.1035040095448494,0.7828400731086731,0.3368972837924957,-0.053941510617733,0.635251522064209,0.2562773823738098,-0.09620333462953568,0.5551983714103699,0.3596678078174591,-0.10935711860656738,0.5253359079360962,0.461098313331604,-0.11216957122087479,0.7911073565483093,0.4007127285003662,-0.09785978496074677,0.6789771318435669,0.36696693301200867,-0.1322299838066101,0.6242254972457886,0.41514256596565247,-0.14104324579238892,0.6036171913146973,0.47169849276542664,-0.14132541418075562,Left,c
0.7846393585205078,0.731777548789978,-4.558279442790081e-07,0.7277898788452148,0.7201952934265137,-0.005320396274328232,0.6749224066734314,0.6664890050888062,-0.013456295244395733,0.6308002471923828,0.637377142906189,-0.027335889637470245,0.5915607213973999,0.6147258877754211,-0.03987064212560654,0.6885392665863037,0.5099717378616333,0.011440267786383629,0.6500572562217712,0.4349729120731354,-0.016255486756563187,0.6169606447219849,0.46418464183807373,-0.037046559154987335,0.596357524394989,0.5079700350761414,-0.04707777127623558,0.7077641487121582,0.494583398103714,0.00019770063227042556,0.6559444665908813,0.42487651109695435,-0.02904007025063038,0.6177716255187988,0.4737282395362854,-0.04763667285442352,0.5985685586929321,0.5257847309112549,-0.05353052541613579,0.7278916239738464,0.49274659156799316,-0.015521636232733727,0.6745606064796448,0.4455763101577759,-0.041061874479055405,0.6328105330467224,0.4971015453338623,-0.05247117951512337,0.6098060011863708,0.5477370619773865,-0.05282030999660492,0.7463397979736328,0.5063884258270264,-0.032319843769073486,0.6954014897346497,0.4802478551864624,-0.047697026282548904,0.6599668264389038,0.4916289150714874,-0.05405681952834129,0.6364659667015076,0.50857013463974,-0.05416926369071007,Left,c
0.6907454133033752,0.651542067527771,-3.59253334636378e-07,0.6524533629417419,0.6416710615158081,0.0001749493385432288,0.6233053803443909,0.6130056381225586,-0.004460820462554693,0.5975229740142822,0.5928421020507812,-0.013612870126962662,0.5759759545326233,0.571245551109314,-0.02241114154458046,0.6383287310600281,0.5145368576049805,0.01054289098829031,0.6114232540130615,0.47565990686416626,-0.002448728308081627,0.59060138463974,0.4955313801765442,-0.014112981967628002,0.5782118439674377,0.5233745574951172,-0.020994774997234344,0.6463909149169922,0.5016630291938782,0.001795834512449801,0.6101304292678833,0.4574192464351654,-0.009785240516066551,0.588182270526886,0.483359158039093,-0.01860804297029972,0.578278660774231,0.5157853960990906,-0.02309483103454113,0.6550580263137817,0.4978277385234833,-0.009276683442294598,0.6176949143409729,0.4588278532028198,-0.019706053659319878,0.591690719127655,0.4881192147731781,-0.023820936679840088,0.5790950059890747,0.5231881737709045,-0.02476705238223076,0.6629167199134827,0.50486820936203,-0.021239979192614555,0.6259191036224365,0.4888764023780823,-0.029347294941544533,0.6007537841796875,0.5034238696098328,-0.032429520040750504,0.5858500599861145,0.5252878069877625,-0.0331348292529583,Left,c
0.3947383463382721,0.6286683678627014,-5.472885504786973e-07,0.31439322233200073,0.6388974189758301,0.025928745046257973,0.2596128582954407,0.5982698202133179,0.034057825803756714,0.20671285688877106,0.5761634707450867,0.03296009078621864,0.1608477383852005,0.555229902267456,0.0257707666605711,0.2948455810546875,0.360441654920578,0.04323326051235199,0.20549768209457397,0.3630957305431366,0.05078067630529404,0.15766936540603638,0.4066898226737976,0.04499189555644989,0.12546023726463318,0.4429801404476166,0.039362940937280655,0.2997906804084778,0.3460298776626587,0.02208367921411991,0.1996571570634842,0.3376754820346832,0.03701946511864662,0.15127067267894745,0.37794962525367737,0.027266832068562508,0.11337125301361084,0.42745664715766907,0.01639014482498169,0.29610347747802734,0.3569181263446808,0.0024120304733514786,0.19556891918182373,0.3632064461708069,0.013302477076649666,0.1518956571817398,0.40143078565597534,0.006684654857963324,0.11852538585662842,0.434927761554718,-0.001978229731321335,0.2834206223487854,0.39625120162963867,-0.016370495781302452,0.20377521216869354,0.395430326461792,-0.01291481964290142,0.1679524928331375,0.4192831516265869,-0.010829872451722622,0.1405259370803833,0.4472108483314514,-0.009803040884435177,Left,c
0.8412579894065857,0.6649488806724548,-5.434774266177556e-07,0.7801738381385803,0.6429157257080078,0.002200175542384386,0.7355428338050842,0.5947862863540649,-0.003447557333856821,0.6986984610557556,0.564686119556427,-0.016226330772042274,0.6681300401687622,0.5327005386352539,-0.028811132535338402,0.7591361999511719,0.45617836713790894,0.018762333318591118,0.7178820967674255,0.39805832505226135,-0.0009124603238888085,0.6876269578933716,0.4251531660556793,-0.01952723041176796,0.6689857840538025,0.4645942747592926,-0.0309066791087389,0.7729794383049011,0.4400253891944885,0.0041732643730938435,0.7178974151611328,0.3746888041496277,-0.015418946743011475,0.6849381327629089,0.413244366645813,-0.03276563063263893,0.669315755367279,0.46013638377189636,-0.042477499693632126,0.7867450714111328,0.43683502078056335,-0.013649876229465008,0.7315191030502319,0.37971341609954834,-0.031327661126852036,0.6928423047065735,0.4224748909473419,-0.04146857187151909,0.6735551357269287,0.47341328859329224,-0.0455172061920166,0.7977254390716553,0.4477370083332062,-0.03230421990156174,0.7426188588142395,0.42117270827293396,-0.04518667608499527,0.7060409188270569,0.44044947624206543,-0.051168300211429596,0.684475839138031,0.4697190225124359,-0.053597744554281235,Left,v
0.8338984847068787,0.657306969165802,-5.179233539820416e-07,0.7763506174087524,0.6327610015869141,-0.000795715197455138,0.7349793910980225,0.5874221324920654,-0.008386155590415001,0.6992873549461365,0.5554444789886475,-0.022764666005969048,0.6682931780815125,0.5215750932693481,-0.036656156182289124,0.7570686936378479,0.4481613039970398,0.015660906210541725,0.7199751138687134,0.3898869752883911,-0.005361088551580906,0.6900759935379028,0.41793906688690186,-0.02355346642434597,0.6721186637878418,0.4551751911640167,-0.03382786363363266,0.7722374796867371,0.43398046493530273,0.0023741303011775017,0.722461998462677,0.36957985162734985,-0.01882900856435299,0.6895008087158203,0.4087594151496887,-0.0355171374976635,0.6735158562660217,0.45352721214294434,-0.043736156076192856,0.7873420715332031,0.43283432722091675,-0.014436127617955208,0.7364786267280579,0.3807028532028198,-0.03442395478487015,0.6979353427886963,0.424376904964447,-0.04444015771150589,0.6781887412071228,0.47274065017700195,-0.04693048819899559,0.7996224164962769,0.44444921612739563,-0.03211421146988869,0.7499159574508667,0.4102381765842438,-0.045445289462804794,0.713917076587677,0.4225427806377411,-0.05061034485697746,0.6906659007072449,0.4459122121334076,-0.05169262737035751,Left,c
0.8369465470314026,0.7126674056053162,-6.571513608832902e-07,0.7568603157997131,0.6861251592636108,0.011098137125372887,0.6968069672584534,0.6065971255302429,0.008133785799145699,0.6450312733650208,0.5627611875534058,-0.006221706047654152,0.5990522503852844,0.5168936848640442,-0.020817041397094727,0.7360752820968628,0.42111796140670776,0.038150664418935776,0.680316686630249,0.35368025302886963,0.012245613150298595,0.6362259387969971,0.3844653367996216,-0.01136710587888956,0.605130672454834,0.4315318167209625,-0.02454635128378868,0.758751392364502,0.40089917182922363,0.0130090843886137,0.6804057955741882,0.32164356112480164,-0.014222693629562855,0.6291701793670654,0.37610089778900146,-0.037529684603214264,0.602431058883667,0.4411393105983734,-0.048660457134246826,0.7769961953163147,0.3978757858276367,-0.016817087307572365,0.6953158974647522,0.3424678146839142,-0.04248742386698723,0.6393166780471802,0.40223050117492676,-0.0584244467318058,0.6102347373962402,0.4657372832298279,-0.06353837996721268,0.7871620655059814,0.41152921319007874,-0.04681193083524704,0.7088910341262817,0.3823605179786682,-0.0636797696352005,0.6617490649223328,0.4089308977127075,-0.07188685238361359,0.6342926025390625,0.4425375461578369,-0.0746224895119667,Left,c
0.6340528130531311,0.7105181813240051,-9.140371162175143e-07,0.5318619608879089,0.6811109781265259,0.03935186564922333,0.4789388179779053,0.6121679544448853,0.04589065909385681,0.42806804180145264,0.5726868510246277,0.033686935901641846,0.38085752725601196,0.5277146100997925,0.016818108037114143,0.5278131365776062,0.3933132588863373,0.07715249061584473,0.45124587416648865,0.3546624183654785,0.06708960980176926,0.40050452947616577,0.39411062002182007,0.04589353874325752,0.36631038784980774,0.4469185471534729,0.03112172707915306,0.5427874326705933,0.36710378527641296,0.03907371684908867,0.4407605230808258,0.3092474341392517,0.031965091824531555,0.3878093957901001,0.3733983635902405,0.011255567893385887,0.36212849617004395,0.445777952671051,-0.004296917002648115,0.5512187480926514,0.36201027035713196,-0.0015812510391697288,0.44780635833740234,0.3117294907569885,-0.009060622192919254,0.39491671323776245,0.37826794385910034,-0.020275844261050224,0.3705275058746338,0.45499685406684875,-0.029168181121349335,0.5520570874214172,0.37407028675079346,-0.0414373017847538,0.46218883991241455,0.35292086005210876,-0.04573346674442291,0.413004994392395,0.39379289746284485,-0.04690798744559288,0.38437214493751526,0.4478938579559326,-0.0484834760427475,Left,c
0.839184045791626,0.752676248550415,-1.2328317779974896e-06,0.680756151676178,0.71285080909729,0.02473931387066841,0.5712481737136841,0.5964411497116089,0.018346687778830528,0.4751698970794678,0.5368518829345703,-0.00978172104805708,0.389563649892807,0.4636648893356323,-0.040328290313482285,0.6228955984115601,0.24957111477851868,0.07350292801856995,0.5095826387405396,0.19421029090881348,0.03580118715763092,0.43859195709228516,0.2685965895652771,-0.005478353705257177,0.3890644311904907,0.3557747006416321,-0.031318433582782745,0.6558302044868469,0.20364806056022644,0.026398461312055588,0.5080112218856812,0.11319935321807861,-0.007062292657792568,0.424980103969574,0.219545379281044,-0.042511485517024994,0.378296822309494,0.33060726523399353,-0.06372924894094467,0.6849763989448547,0.19701668620109558,-0.027872104197740555,0.5308259725570679,0.12148456275463104,-0.061120759695768356,0.4415241777896881,0.2376248687505722,-0.0807262733578682,0.3960367441177368,0.35336998105049133,-0.08925221115350723,0.7010121941566467,0.2269187718629837,-0.08311290293931961,0.5573557615280151,0.19346699118614197,-0.10661480575799942,0.47724103927612305,0.25749051570892334,-0.1140647679567337,0.43137282133102417,0.33139118552207947,-0.11621067672967911,Left,c
0.3344549834728241,0.5772631764411926,-4.123096744024224e-07,0.2939406633377075,0.5164002776145935,0.010088294744491577,0.24913011491298676,0.4445154368877411,0.018396597355604172,0.2029198408126831,0.42653539776802063,0.02390378899872303,0.16696487367153168,0.435779333114624,0.02531479299068451,0.2678251266479492,0.3299228847026825,0.019277282059192657,0.1853763908147812,0.33946844935417175,0.025114385411143303,0.14610956609249115,0.3744795024394989,0.025671835988759995,0.1235574334859848,0.4063461422920227,0.025890303775668144,0.25954362750053406,0.3517502546310425,0.01150619238615036,0.17877063155174255,0.3375568985939026,0.02127278968691826,0.13728821277618408,0.3689880073070526,0.01651494763791561,0.10897472500801086,0.40401285886764526,0.011089031584560871,0.2487027794122696,0.38799312710762024,0.004828181583434343,0.1756608784198761,0.3851907253265381,0.008085530251264572,0.1400534063577652,0.4173544645309448,-0.0011056778021156788,0.11789163947105408,0.4398960769176483,-0.008681237697601318,0.23370029032230377,0.44387757778167725,-0.0006430712528526783,0.1795775443315506,0.437710702419281,-0.00444158585742116,0.14662298560142517,0.4533139765262604,-0.007300180848687887,0.12253968417644501,0.46629980206489563,-0.008369548246264458,Left,c
0.8475465178489685,0.6785992383956909,-6.077610805732547e-07,0.7715447545051575,0.637358546257019,0.05129769444465637,0.7310135364532471,0.5803996920585632,0.06700039654970169,0.6967177987098694,0.5428557395935059,0.06302546709775925,0.6634198427200317,0.5037477016448975,0.055209267884492874,0.773065984249115,0.45168113708496094,0.08997043967247009,0.7280988097190857,0.3980362117290497,0.08977875113487244,0.6935298442840576,0.41545236110687256,0.07848858833312988,0.6689856648445129,0.4464825391769409,0.06953438371419907,0.7862353324890137,0.43406376242637634,0.04891242831945419,0.7273452281951904,0.364734947681427,0.049167048186063766,0.686754047870636,0.3936613202095032,0.0352165587246418,0.6645130515098572,0.434326171875,0.02458460070192814,0.7952420711517334,0.43140313029289246,0.005934868473559618,0.7341724038124084,0.36443543434143066,0.0006896366830915213,0.6911739706993103,0.3988058269023895,-0.007299201563000679,0.6681354641914368,0.44289490580558777,-0.013113695196807384,0.7975924611091614,0.44078683853149414,-0.034674111753702164,0.7402898669242859,0.40100574493408203,-0.039861876517534256,0.7003369331359863,0.4200475215911865,-0.04147886112332344,0.676608681678772,0.44897785782814026,-0.043116115033626556,Left,c
0.7460596561431885,0.757620096206665,-3.594930149120046e-07,0.702544093132019,0.7506014108657837,-0.005186098627746105,0.6614376306533813,0.7168006300926208,-0.01198605541139841,0.6280940771102905,0.6969947218894958,-0.023456474766135216,0.5990216135978699,0.6793150901794434,-0.03412916511297226,0.6665422320365906,0.5982143878936768,0.009444890543818474,0.6361567378044128,0.5417844653129578,-0.009380693547427654,0.6104868650436401,0.557895839214325,-0.02505245991051197,0.5922969579696655,0.5860955119132996,-0.03378735110163689,0.6792841553688049,0.58382648229599,0.0009906308259814978,0.638583779335022,0.5266861915588379,-0.01779657043516636,0.610879123210907,0.5556105375289917,-0.032309018075466156,0.5956879258155823,0.5912136435508728,-0.039181873202323914,0.6950290203094482,0.5778589844703674,-0.010882558301091194,0.6529880166053772,0.5295010805130005,-0.028146393597126007,0.6226429343223572,0.565086305141449,-0.037320226430892944,0.6060186624526978,0.6036676168441772,-0.039364054799079895,0.7126816511154175,0.5823544263839722,-0.023904982954263687,0.6734970808029175,0.5485357642173767,-0.03519280627369881,0.6444593071937561,0.5482483506202698,-0.04049539938569069,0.6241201758384705,0.5572647452354431,-0.04195484146475792,Left,c
0.36486998200416565,0.6652094125747681,-5.162153797755309e-07,0.3029642403125763,0.6907626390457153,0.014746845699846745,0.26991695165634155,0.6684675216674805,0.017454156652092934,0.23095642030239105,0.6551482677459717,0.013014662079513073,0.1933867335319519,0.6487846374511719,0.0037687462754547596,0.2992326319217682,0.4779910147190094,0.026079852133989334,0.22578519582748413,0.4768107533454895,0.027126897126436234,0.1924135684967041,0.5206815600395203,0.01950451359152794,0.1751508265733719,0.5652945041656494,0.013645457103848457,0.3000856041908264,0.4571154713630676,0.012636772356927395,0.21942906081676483,0.4509122967720032,0.019518321380019188,0.18439868092536926,0.5024991035461426,0.010161980986595154,0.16583406925201416,0.5539621710777283,6.327973096631467e-05,0.2935233414173126,0.45804548263549805,-0.00038990669418126345,0.21554255485534668,0.4480234384536743,0.004423070698976517,0.18237261474132538,0.4967670142650604,-0.004725978244096041,0.1645795702934265,0.5430705547332764,-0.014671985059976578,0.2781860828399658,0.4748690128326416,-0.01277164090424776,0.21964246034622192,0.4654577374458313,-0.012153473682701588,0.19226080179214478,0.4983963370323181,-0.013581338338553905,0.17409275472164154,0.5386813282966614,-0.015759121626615524,Left,c
0.551253080368042,0.6619992256164551,-5.383518555390765e-07,0.49923384189605713,0.69078129529953,0.028590776026248932,0.4604562520980835,0.671942412853241,0.041122548282146454,0.4262665808200836,0.6714818477630615,0.04306513071060181,0.39647459983825684,0.6692695021629333,0.04276071861386299,0.4736865162849426,0.5179093480110168,0.0574953593313694,0.42398908734321594,0.5169575810432434,0.06028422340750694,0.39925044775009155,0.5538830161094666,0.05403486266732216,0.3848285675048828,0.5940192937850952,0.04950226843357086,0.47798919677734375,0.49527832865715027,0.037409406155347824,0.41323694586753845,0.5042396187782288,0.04384666681289673,0.38975387811660767,0.5575806498527527,0.03522811830043793,0.3837549686431885,0.6069823503494263,0.027645835652947426,0.4782375991344452,0.48959362506866455,0.016096075996756554,0.4133925437927246,0.5012972354888916,0.019411897286772728,0.388161838054657,0.5595256090164185,0.012566646561026573,0.38049352169036865,0.6098023653030396,0.006379156839102507,0.47155699133872986,0.49981439113616943,-0.003994625993072987,0.4173873960971832,0.5163512229919434,-0.002914455719292164,0.3945142924785614,0.5581855177879333,-0.004376760218292475,0.3844813406467438,0.5989524722099304,-0.005770779214799404,Left,c
0.7973742485046387,0.7805017232894897,-4.4907415031048004e-07,0.7449004650115967,0.7640748023986816,-0.0016382427420467138,0.699177086353302,0.712058961391449,-0.006479174364358187,0.6641072034835815,0.6748730540275574,-0.01701311767101288,0.6326589584350586,0.6455467343330383,-0.02769840881228447,0.7172296047210693,0.5957658886909485,0.014103217981755733,0.6826862096786499,0.5373699069023132,-0.006674007046967745,0.6527898907661438,0.5463253259658813,-0.02477584406733513,0.6303614974021912,0.5699405074119568,-0.03510834276676178,0.7345896363258362,0.5766361355781555,0.002800816437229514,0.6905701756477356,0.5081061124801636,-0.01859964430332184,0.6554903984069824,0.5303725600242615,-0.03518040478229523,0.6321777701377869,0.5653680562973022,-0.04311852529644966,0.7537113428115845,0.5707639455795288,-0.012078576721251011,0.7093691825866699,0.5026023387908936,-0.03271264210343361,0.6714012622833252,0.5311214327812195,-0.04344207048416138,0.6468937993049622,0.5697195529937744,-0.04585743322968483,0.7737520337104797,0.5781218409538269,-0.02769859880208969,0.7323167324066162,0.5332042574882507,-0.04260823130607605,0.701141357421875,0.5253608226776123,-0.04997594282031059,0.677773118019104,0.5280160903930664,-0.052399683743715286,Left,c
0.5977184176445007,0.7587953805923462,1.108026737028922e-08,0.5606247782707214,0.7467520236968994,-0.025030862540006638,0.5359469652175903,0.6962093710899353,-0.042760495096445084,0.5278257131576538,0.6532442569732666,-0.05866619944572449,0.5192611217498779,0.6168487071990967,-0.07407204806804657,0.5186441540718079,0.528117835521698,-0.032207779586315155,0.4991317093372345,0.3957864046096802,-0.06208532676100731,0.4852061867713928,0.3137812614440918,-0.08360999822616577,0.4778441786766052,0.25247716903686523,-0.09852124005556107,0.5548091530799866,0.5310638546943665,-0.03438051789999008,0.5427927374839783,0.4156096577644348,-0.06964036822319031,0.527344822883606,0.48696810007095337,-0.07902391254901886,0.520977795124054,0.5579239130020142,-0.07689366489648819,0.5918083190917969,0.5563578605651855,-0.0392560139298439,0.5847890377044678,0.4495570957660675,-0.0740194171667099,0.5628719925880432,0.5285255908966064,-0.06915170699357986,0.5555154085159302,0.5968941450119019,-0.056991975754499435,0.6271480917930603,0.5992217063903809,-0.045640673488378525,0.6028597950935364,0.5693520903587341,-0.07530463486909866,0.5777673721313477,0.6326848268508911,-0.07137911766767502,0.5691171884536743,0.6875935196876526,-0.06117946282029152,Left,d
0.6213363409042358,0.6591769456863403,1.917492298275647e-08,0.5953506827354431,0.6572195291519165,-0.024250078946352005,0.5761495232582092,0.6379980444908142,-0.042647771537303925,0.5764281153678894,0.622911810874939,-0.05777079984545708,0.5765326619148254,0.6108399629592896,-0.07279405742883682,0.5714672803878784,0.5343913435935974,-0.042090222239494324,0.5538040995597839,0.45469218492507935,-0.065956249833107,0.5434302091598511,0.4057772755622864,-0.08137838542461395,0.5361746549606323,0.3669391870498657,-0.0920712798833847,0.6003313660621643,0.5290432572364807,-0.0411856472492218,0.5983392000198364,0.4743794798851013,-0.06855382025241852,0.5894091129302979,0.5319473147392273,-0.0737287700176239,0.5820293426513672,0.5833740234375,-0.07171061635017395,0.6264781951904297,0.5449128150939941,-0.04193108156323433,0.6280947327613831,0.5070546865463257,-0.06875577569007874,0.6166766881942749,0.5604687333106995,-0.0646808072924614,0.6088685393333435,0.6047582030296326,-0.056266460567712784,0.6503509283065796,0.5726319551467896,-0.04402262344956398,0.6407048106193542,0.5801141262054443,-0.06670167297124863,0.6253923773765564,0.6226136684417725,-0.06451553106307983,0.6169062852859497,0.6559473276138306,-0.058166585862636566,Left,d
0.3609994053840637,0.9525859355926514,-2.51737930057061e-07,0.3080403506755829,0.9090532064437866,-0.030174503102898598,0.2739272713661194,0.8223061561584473,-0.047930773347616196,0.2587417960166931,0.7508925199508667,-0.06746390461921692,0.2387165129184723,0.687889039516449,-0.0861816555261612,0.27113965153694153,0.6164215803146362,-0.0165159422904253,0.23933085799217224,0.4734705090522766,-0.04702393710613251,0.22183457016944885,0.3812291622161865,-0.0676983967423439,0.21630215644836426,0.30259081721305847,-0.08278413861989975,0.3136184513568878,0.6113814115524292,-0.02303668111562729,0.2901782989501953,0.4668816328048706,-0.07100851088762283,0.2586212158203125,0.5483853220939636,-0.08771739155054092,0.24539753794670105,0.6390990018844604,-0.08709009736776352,0.35499197244644165,0.6346670985221863,-0.034820206463336945,0.335686057806015,0.5198915004730225,-0.08507329970598221,0.2958143651485443,0.6152980923652649,-0.08649319410324097,0.2797633409500122,0.7067384123802185,-0.07342071086168289,0.39429739117622375,0.6810131072998047,-0.04914742335677147,0.36709925532341003,0.6060706377029419,-0.08596483618021011,0.3293917179107666,0.6602143049240112,-0.08721166104078293,0.3111104369163513,0.727495014667511,-0.07980052381753922,Left,d
0.7947006821632385,0.8781517744064331,3.899311984412179e-09,0.7537484169006348,0.8295888304710388,-0.0416373573243618,0.7408071756362915,0.7557956576347351,-0.06090180575847626,0.7662131190299988,0.6888821125030518,-0.07625793665647507,0.7941462397575378,0.6324845552444458,-0.08902020007371902,0.7331169247627258,0.5805928111076355,-0.027274925261735916,0.7244921922683716,0.45950740575790405,-0.051895201206207275,0.7199059724807739,0.37772154808044434,-0.07275985926389694,0.7183511853218079,0.30973267555236816,-0.09027846902608871,0.7783580422401428,0.5797339677810669,-0.02221520058810711,0.7876504063606262,0.45710477232933044,-0.05746650695800781,0.7860449552536011,0.5192967653274536,-0.07489842921495438,0.7800335884094238,0.5837542414665222,-0.08007857203483582,0.8152620196342468,0.6039687395095825,-0.021788178011775017,0.8284528851509094,0.4965004026889801,-0.054701972752809525,0.8211043477058411,0.5537446737289429,-0.05863850563764572,0.8112465739250183,0.6112712025642395,-0.054610930383205414,0.8461195826530457,0.6464797258377075,-0.025218889117240906,0.8507064580917358,0.5861576795578003,-0.05429532006382942,0.8406747579574585,0.6226407289505005,-0.05978792905807495,0.8290104269981384,0.6665974259376526,-0.05851314216852188,Left,d
0.7037299871444702,0.7722262740135193,-4.262533792598333e-08,0.6817843914031982,0.7441790699958801,-0.019844533875584602,0.6750041246414185,0.7033534646034241,-0.02983795665204525,0.6866287589073181,0.6654567122459412,-0.0381292961537838,0.6958131194114685,0.6279553771018982,-0.04526060074567795,0.6723029613494873,0.6003793478012085,-0.016556451097130775,0.6684184074401855,0.5297026634216309,-0.03220665082335472,0.6676757335662842,0.48002302646636963,-0.044884972274303436,0.6678801774978638,0.4379487633705139,-0.05487122759222984,0.6988410353660583,0.6051927804946899,-0.015244957990944386,0.7094361782073975,0.5363001227378845,-0.03364628180861473,0.7076907157897949,0.5796012282371521,-0.04062250629067421,0.7020213007926941,0.6188810467720032,-0.04153741896152496,0.7213453054428101,0.6252338290214539,-0.01609272137284279,0.7315874695777893,0.5656694173812866,-0.032642167061567307,0.7235575914382935,0.6055958867073059,-0.029113631695508957,0.714559018611908,0.6371796727180481,-0.022959329187870026,0.7396107316017151,0.6541590094566345,-0.01891591213643551,0.7429235577583313,0.6178134083747864,-0.032485246658325195,0.7337916493415833,0.6413726806640625,-0.029952505603432655,0.7246253490447998,0.6649870872497559,-0.02510111592710018,Left,d
0.6754458546638489,0.7707968950271606,-5.6735789399908754e-08,0.6467418074607849,0.7435355186462402,-0.01753511093556881,0.6373252272605896,0.6956461668014526,-0.026360034942626953,0.6474162936210632,0.6514184474945068,-0.033786918967962265,0.6487844586372375,0.6084096431732178,-0.04033192619681358,0.636313259601593,0.5848294496536255,-0.015113886445760727,0.6291489005088806,0.5025238990783691,-0.03119361586868763,0.6235570907592773,0.44559356570243835,-0.042647358030080795,0.6215556263923645,0.40279334783554077,-0.05122730880975723,0.6660405397415161,0.5888308882713318,-0.015643086284399033,0.672046422958374,0.5059438347816467,-0.034472789615392685,0.6611120700836182,0.5428510904312134,-0.03973495960235596,0.6539842486381531,0.5825870037078857,-0.03847385570406914,0.6911084651947021,0.6105720400810242,-0.01843007653951645,0.6981688141822815,0.5351777076721191,-0.036414649337530136,0.6802682876586914,0.5699697732925415,-0.03370687738060951,0.6709258556365967,0.6058527827262878,-0.02740134671330452,0.7119699120521545,0.6457116007804871,-0.02279917523264885,0.7002455592155457,0.6098783016204834,-0.03893931582570076,0.681137204170227,0.6291369199752808,-0.03875313699245453,0.67134690284729,0.6546074151992798,-0.03487294167280197,Left,d
0.34051528573036194,0.9640864729881287,-3.4350864552834537e-07,0.28892073035240173,0.910028338432312,-0.015599178150296211,0.25250372290611267,0.8294680118560791,-0.025398720055818558,0.22210872173309326,0.7664082050323486,-0.040513426065444946,0.19227248430252075,0.713158905506134,-0.054913438856601715,0.2469763457775116,0.683642566204071,0.009119246155023575,0.20841191709041595,0.5796011686325073,-0.015999549999833107,0.1845332384109497,0.5147327184677124,-0.03555970638990402,0.17343264818191528,0.45283231139183044,-0.0496051125228405,0.27704277634620667,0.6761524677276611,-0.0027582680340856314,0.2511056065559387,0.5382905006408691,-0.046034179627895355,0.21607479453086853,0.5919936299324036,-0.06685126572847366,0.2005123496055603,0.658685028553009,-0.06962546706199646,0.30738386511802673,0.6823903322219849,-0.01934155263006687,0.2817140817642212,0.5687209963798523,-0.06023788824677467,0.24200893938541412,0.6313313245773315,-0.06748516857624054,0.22801120579242706,0.7001234889030457,-0.05985074117779732,0.33560267090797424,0.7048189043998718,-0.03786911442875862,0.30052658915519714,0.6298503875732422,-0.06171056628227234,0.26518720388412476,0.6627374887466431,-0.06319224089384079,0.25153499841690063,0.7137725353240967,-0.05822838097810745,Left,d
0.7781330347061157,0.8578904867172241,-2.6724110924192246e-08,0.747414767742157,0.8293936252593994,-0.03220655769109726,0.7383459210395813,0.7826399207115173,-0.047433752566576004,0.7584142088890076,0.7314339876174927,-0.05764140188694,0.7721229195594788,0.6826592087745667,-0.06549742072820663,0.7231269478797913,0.632220983505249,-0.03331894800066948,0.7136489152908325,0.5373506546020508,-0.06023871526122093,0.7076554298400879,0.4673983156681061,-0.08392684906721115,0.6997151970863342,0.4126453697681427,-0.10171683877706528,0.7638354301452637,0.6349190473556519,-0.027913842350244522,0.7706362009048462,0.5250405669212341,-0.05204961448907852,0.7724663019180298,0.5846830010414124,-0.06296811252832413,0.7703434228897095,0.6391918659210205,-0.06744430214166641,0.7982104420661926,0.6555661559104919,-0.02579360269010067,0.8075625896453857,0.5605939626693726,-0.04882184416055679,0.8002482056617737,0.6137715578079224,-0.047681037336587906,0.7937777638435364,0.6590424180030823,-0.04332540184259415,0.8282703161239624,0.6876327991485596,-0.026407644152641296,0.8300647139549255,0.634884774684906,-0.0476568378508091,0.8205228447914124,0.6699768900871277,-0.047637682408094406,0.8122742772102356,0.7056295871734619,-0.044242385774850845,Left,d
0.5697072744369507,0.8529500365257263,-1.4414371207749355e-07,0.5343784093856812,0.8273362517356873,-0.01870894990861416,0.5153560638427734,0.7493876814842224,-0.02776929922401905,0.5122075080871582,0.6860423684120178,-0.037288159132003784,0.5055440664291382,0.6341784000396729,-0.04647667333483696,0.5312008261680603,0.6145011782646179,-0.00854890700429678,0.5201873183250427,0.5017045736312866,-0.02597317285835743,0.5145230889320374,0.432976096868515,-0.03709227219223976,0.5160458087921143,0.38094091415405273,-0.04525589197874069,0.561003565788269,0.620379626750946,-0.01247876975685358,0.5633679628372192,0.5056074857711792,-0.04139524698257446,0.5349907875061035,0.5437432527542114,-0.050446294248104095,0.5165379643440247,0.5972262024879456,-0.04783259332180023,0.5872400403022766,0.6445230841636658,-0.019521888345479965,0.5904240608215332,0.5426724553108215,-0.05042300745844841,0.5545912384986877,0.5860252380371094,-0.0512186624109745,0.534940779209137,0.6377831697463989,-0.042449142783880234,0.6091338992118835,0.6844800710678101,-0.0279372688382864,0.5924373269081116,0.6224081516265869,-0.05394710972905159,0.5611638426780701,0.6506599187850952,-0.055643439292907715,0.5438557863235474,0.6932082176208496,-0.050333425402641296,Left,d
0.609814465045929,0.6743796467781067,1.7576280697539914e-07,0.5787944197654724,0.6542311906814575,-0.042544882744550705,0.5593433380126953,0.6212880611419678,-0.0729278102517128,0.5611477494239807,0.5948634147644043,-0.09781026840209961,0.5578628778457642,0.5774679183959961,-0.12274066358804703,0.5716561675071716,0.4507692754268646,-0.06557988375425339,0.560966432094574,0.3343237340450287,-0.10140025615692139,0.5544044971466064,0.2596204876899719,-0.12485535442829132,0.5522900819778442,0.1978066861629486,-0.1417381465435028,0.6150850057601929,0.4638862609863281,-0.06392201781272888,0.6234238147735596,0.38507288694381714,-0.1099095493555069,0.5991842150688171,0.4552883207798004,-0.12168662995100021,0.5759996771812439,0.5236272811889648,-0.12034711986780167,0.6476802825927734,0.509696900844574,-0.06514911353588104,0.651970386505127,0.4741133451461792,-0.10713020712137222,0.6188419461250305,0.5442109704017639,-0.10311120748519897,0.5927530527114868,0.6004034876823425,-0.09160511195659637,0.671151876449585,0.5715152025222778,-0.06945284456014633,0.6504791975021362,0.5866093635559082,-0.10309848189353943,0.6180922985076904,0.6358051300048828,-0.10187573730945587,0.5967921614646912,0.6738423109054565,-0.09439753741025925,Left,d
0.5602061748504639,0.7570736408233643,-1.016665720499077e-07,0.531938910484314,0.7368413805961609,-0.011316795833408833,0.5183728933334351,0.6833014488220215,-0.014470884576439857,0.5206244587898254,0.6383192539215088,-0.017659084871411324,0.5228133201599121,0.5986530184745789,-0.020190401002764702,0.5216554403305054,0.5979155898094177,-0.0027483853045850992,0.5111454725265503,0.5248109102249146,-0.015080339275300503,0.5027205944061279,0.47542688250541687,-0.023914996534585953,0.4997710883617401,0.43766874074935913,-0.03014029935002327,0.5437309145927429,0.5973824858665466,-0.004214419983327389,0.5432947278022766,0.5159425139427185,-0.021486559882760048,0.5266746282577515,0.5402448177337646,-0.02634139358997345,0.518014669418335,0.5766686797142029,-0.024366658180952072,0.5630379915237427,0.6092110276222229,-0.008021253161132336,0.5632451176643372,0.5341854095458984,-0.02601257711648941,0.5421392321586609,0.5640100836753845,-0.025372501462697983,0.5333255529403687,0.5990769267082214,-0.019276322796940804,0.580779492855072,0.6309551000595093,-0.012779094278812408,0.5698025226593018,0.5865914821624756,-0.027064204216003418,0.5502219200134277,0.6014336943626404,-0.027063269168138504,0.5408313870429993,0.6262109279632568,-0.023255562409758568,Left,d
0.8245621919631958,0.8644150495529175,3.431533741604653e-07,0.7876809239387512,0.8207991123199463,-0.07084100693464279,0.7845190167427063,0.7494024038314819,-0.10387537628412247,0.8063331246376038,0.6915427446365356,-0.12911751866340637,0.8307121396064758,0.6272541284561157,-0.1521172970533371,0.7968590259552002,0.5962619185447693,-0.05113706365227699,0.80665123462677,0.4768896698951721,-0.08653879165649414,0.8109185099601746,0.3876139521598816,-0.11380726099014282,0.8220611214637756,0.3281143009662628,-0.13392531871795654,0.8400378227233887,0.6144021153450012,-0.03694673627614975,0.871848464012146,0.4958215057849884,-0.09101755917072296,0.8565676808357239,0.5247403979301453,-0.12325108051300049,0.8416352272033691,0.5829108953475952,-0.13418768346309662,0.8749946355819702,0.6445196866989136,-0.03053947538137436,0.8992483615875244,0.5453568696975708,-0.08428093045949936,0.8772839903831482,0.573344349861145,-0.11113454401493073,0.8594154119491577,0.6297661662101746,-0.11701664328575134,0.904959499835968,0.6751766204833984,-0.029339082539081573,0.90810227394104,0.606582522392273,-0.07456252723932266,0.890877366065979,0.6193752288818359,-0.09772609174251556,0.8755452632904053,0.6623229384422302,-0.10677492618560791,Left,d
0.619493842124939,0.861194372177124,1.7618364722693514e-07,0.5815616846084595,0.8426064252853394,-0.021013326942920685,0.5584654211997986,0.775485634803772,-0.031228765845298767,0.5538827180862427,0.7119113802909851,-0.04138410836458206,0.5463359951972961,0.6577464938163757,-0.05077823996543884,0.5704038143157959,0.6730431914329529,-0.013476734980940819,0.5635353326797485,0.5862212777137756,-0.029278943315148354,0.5605443716049194,0.5333505868911743,-0.0391891673207283,0.562615692615509,0.49535617232322693,-0.04513980448246002,0.5973212122917175,0.670179545879364,-0.012803487479686737,0.5915197730064392,0.576048731803894,-0.02929321862757206,0.5862512588500977,0.5403979420661926,-0.0376841276884079,0.5874377489089966,0.5220259428024292,-0.04080890119075775,0.6234443187713623,0.6827443242073059,-0.015229783952236176,0.6161381602287292,0.6050717234611511,-0.0382818877696991,0.5913066864013672,0.6413129568099976,-0.041273586452007294,0.5791207551956177,0.6843947172164917,-0.03646393120288849,0.6504850387573242,0.7077771425247192,-0.019207386299967766,0.6424742341041565,0.6501780152320862,-0.03864552080631256,0.6208775043487549,0.6690730452537537,-0.040412887930870056,0.6071276068687439,0.7031366229057312,-0.03678535670042038,Left,d
0.6644304394721985,0.743380069732666,-2.6637039240995364e-08,0.6383860111236572,0.7194247245788574,-0.01359444111585617,0.6275479793548584,0.6798309683799744,-0.02127130888402462,0.6317932605743408,0.6466525197029114,-0.028097765520215034,0.6339877843856812,0.6166935563087463,-0.034235548228025436,0.6278737783432007,0.5773404240608215,-0.012371249496936798,0.6187820434570312,0.502953290939331,-0.02728980965912342,0.6134204864501953,0.45216071605682373,-0.03900172561407089,0.6113111972808838,0.41307002305984497,-0.04759235680103302,0.652623176574707,0.5822128057479858,-0.013650589622557163,0.6563335657119751,0.512779951095581,-0.031958017498254776,0.6450681090354919,0.5468393564224243,-0.037807099521160126,0.6358739137649536,0.5840173363685608,-0.03717814013361931,0.6746169328689575,0.6029783487319946,-0.016725508496165276,0.6794266104698181,0.5424947738647461,-0.034138478338718414,0.6611629724502563,0.5771675109863281,-0.03208399936556816,0.6496042013168335,0.6097894906997681,-0.026139644905924797,0.6934475898742676,0.6356911063194275,-0.02088756114244461,0.6855111718177795,0.6100392937660217,-0.035506557673215866,0.6658037304878235,0.6308538913726807,-0.03433559089899063,0.6536403894424438,0.653078556060791,-0.029840858653187752,Left,d
0.808254063129425,0.9152856469154358,2.1112857950811303e-07,0.7810664176940918,0.8527938723564148,-0.052179817110300064,0.7858446836471558,0.7672364711761475,-0.06888948380947113,0.8227100968360901,0.6921423673629761,-0.07882042229175568,0.8562436103820801,0.6403176188468933,-0.08596675097942352,0.7745195627212524,0.6100280284881592,-0.018828824162483215,0.7800902724266052,0.49572232365608215,-0.03455892205238342,0.7854931354522705,0.41514721512794495,-0.05279366299510002,0.7925382852554321,0.3537331819534302,-0.0696757361292839,0.8186686635017395,0.6218681335449219,-0.005619615316390991,0.8459749221801758,0.5011061429977417,-0.036821600049734116,0.852260947227478,0.5373620390892029,-0.0643809363245964,0.8476364016532898,0.5972355008125305,-0.0771588683128357,0.8518773913383484,0.6526101231575012,0.002401591744273901,0.8808260560035706,0.5534865856170654,-0.028590107336640358,0.8851740956306458,0.5652385354042053,-0.053008925169706345,0.8742651343345642,0.6028608679771423,-0.06410272419452667,0.8752302527427673,0.6973168849945068,0.006486381404101849,0.8920433521270752,0.6430782675743103,-0.023919126018881798,0.8891295790672302,0.6617206335067749,-0.042780935764312744,0.8735825419425964,0.6996631622314453,-0.05202382430434227,Left,d
0.6293278932571411,0.7247907519340515,6.672451746680963e-08,0.5886390209197998,0.7218295931816101,-0.03600316494703293,0.5526533126831055,0.6917934417724609,-0.06669580191373825,0.5451548099517822,0.7083760499954224,-0.09562533348798752,0.5433161854743958,0.7323849201202393,-0.12576250731945038,0.5445073843002319,0.5304626822471619,-0.054633937776088715,0.5166448354721069,0.41122910380363464,-0.08815370500087738,0.4973830580711365,0.35097140073776245,-0.10723280906677246,0.4912443459033966,0.30968257784843445,-0.12056153267621994,0.5870155692100525,0.5169938802719116,-0.05786014348268509,0.5717514753341675,0.428653746843338,-0.1066916286945343,0.5575066208839417,0.5338671207427979,-0.11702106148004532,0.556963324546814,0.6251211166381836,-0.11347153037786484,0.6291570663452148,0.5366851091384888,-0.06465312093496323,0.6210134029388428,0.4630089998245239,-0.11130113899707794,0.5995864272117615,0.5636724829673767,-0.10597090423107147,0.592780351638794,0.6448808908462524,-0.09171499311923981,0.6730857491493225,0.5786359310150146,-0.0737127959728241,0.6557746529579163,0.568631112575531,-0.11076473444700241,0.6315531730651855,0.6334097981452942,-0.10935215651988983,0.6192706227302551,0.6889563798904419,-0.10105070471763611,Left,d
0.5999541878700256,0.6770577430725098,4.499305106264728e-08,0.5746040344238281,0.6831709742546082,-0.02453158237040043,0.5446372032165527,0.6709842085838318,-0.04384034499526024,0.5339571237564087,0.6587265133857727,-0.06169827654957771,0.5390331745147705,0.6646274328231812,-0.07936884462833405,0.5436275601387024,0.5498518943786621,-0.032605938613414764,0.5258731842041016,0.4727335572242737,-0.05422394722700119,0.5166221857070923,0.4281120300292969,-0.06851620972156525,0.5108518004417419,0.39232808351516724,-0.07832881808280945,0.5703553557395935,0.5427470803260803,-0.03159896284341812,0.5558120608329773,0.49455583095550537,-0.057037025690078735,0.5442289710044861,0.5524781346321106,-0.061530787497758865,0.5397767424583435,0.5988365411758423,-0.058636605739593506,0.5958778262138367,0.5562481880187988,-0.03293433040380478,0.5853927135467529,0.5201250314712524,-0.058956701308488846,0.5692429542541504,0.5827985405921936,-0.05330310016870499,0.5640560388565063,0.6295538544654846,-0.042139288038015366,0.619925320148468,0.5828108787536621,-0.035951338708400726,0.6047088503837585,0.5681759715080261,-0.05588548630475998,0.5877401232719421,0.6058202981948853,-0.05109945684671402,0.58231121301651,0.6390137672424316,-0.041996609419584274,Left,d
0.3633226156234741,0.8504015207290649,-5.517861367820842e-08,0.3201989531517029,0.8370175361633301,-0.03571883216500282,0.27905306220054626,0.7808547616004944,-0.05823443457484245,0.2550499737262726,0.7244603037834167,-0.07998389005661011,0.25868096947669983,0.6754103302955627,-0.10014067590236664,0.2778148949146271,0.6039670705795288,-0.027080580592155457,0.24942058324813843,0.48244890570640564,-0.06036514788866043,0.22414523363113403,0.40681198239326477,-0.0825398713350296,0.2137763947248459,0.3473948836326599,-0.09708110988140106,0.3158949613571167,0.5966130495071411,-0.02588646300137043,0.29617950320243835,0.4793388545513153,-0.06948767602443695,0.26805979013442993,0.5497095584869385,-0.08183100074529648,0.2611928880214691,0.6281070113182068,-0.07849843800067902,0.3530201315879822,0.6094505190849304,-0.030252695083618164,0.3380756676197052,0.5037776231765747,-0.07236947119235992,0.30326688289642334,0.5805690288543701,-0.07136008888483047,0.2957524359226227,0.6596304178237915,-0.05749253183603287,0.39060574769973755,0.6396235823631287,-0.037540286779403687,0.3702504634857178,0.5656472444534302,-0.0685228556394577,0.3332255482673645,0.5969592928886414,-0.06875502318143845,0.3169635832309723,0.6482129693031311,-0.06030016392469406,Left,d
0.7311204671859741,0.8223069906234741,-5.504867317540629e-08,0.6935323476791382,0.7730666399002075,-0.022939907386898994,0.6779786348342896,0.6897233128547668,-0.031637802720069885,0.6840825080871582,0.6170551180839539,-0.04021286591887474,0.7035652995109558,0.5665584206581116,-0.04716131091117859,0.6867800951004028,0.5742636322975159,-0.00497969938442111,0.681958794593811,0.4668222963809967,-0.022681400179862976,0.675044596195221,0.3958289921283722,-0.03534283861517906,0.6750972270965576,0.3438476622104645,-0.0445583276450634,0.7204651236534119,0.5770251154899597,-0.0043130177073180676,0.7289729714393616,0.46569162607192993,-0.02881229668855667,0.7150677442550659,0.5013058185577393,-0.03817227855324745,0.7083688378334045,0.5505089163780212,-0.03778752312064171,0.7513036131858826,0.597170352935791,-0.007716248277574778,0.761135995388031,0.49296241998672485,-0.03307425603270531,0.7388181090354919,0.5354453325271606,-0.033255524933338165,0.7281655669212341,0.587177574634552,-0.025548987090587616,0.7796461582183838,0.6295467019081116,-0.013353233225643635,0.7800054550170898,0.5593040585517883,-0.03321769833564758,0.7595559358596802,0.5764518976211548,-0.03380376473069191,0.7461230754852295,0.6154699325561523,-0.028950532898306847,Left,d
0.719784677028656,0.6917994618415833,1.0615713108563796e-07,0.6815930008888245,0.6934118866920471,-0.04653139039874077,0.6547367572784424,0.6748343110084534,-0.08545470237731934,0.6597973704338074,0.6838950514793396,-0.11825821548700333,0.6727237701416016,0.7011809945106506,-0.14997528493404388,0.655580997467041,0.5581324100494385,-0.08408236503601074,0.642483651638031,0.5252839922904968,-0.13027304410934448,0.6423999071121216,0.5578234195709229,-0.15596149861812592,0.6467512249946594,0.5789403915405273,-0.17169474065303802,0.6945437788963318,0.5500478744506836,-0.08270425349473953,0.6886885762214661,0.5097887516021729,-0.13502822816371918,0.6840057373046875,0.5729069709777832,-0.15119928121566772,0.6830665469169617,0.6165032386779785,-0.15594646334648132,0.7303208112716675,0.5660286545753479,-0.08474907279014587,0.7285830974578857,0.5421355366706848,-0.13231106102466583,0.7158923149108887,0.6123449206352234,-0.13241207599639893,0.7067427635192871,0.6532028317451477,-0.1258307248353958,0.763717770576477,0.5971410870552063,-0.0900086909532547,0.7549526691436768,0.6214664578437805,-0.1282632201910019,0.7377606630325317,0.6761599779129028,-0.1331666111946106,0.7261316776275635,0.7017930150032043,-0.1316157430410385,Left,d
0.5744227170944214,0.8728889226913452,-5.719233513445943e-07,0.5067983865737915,0.8362255096435547,-0.022837741300463676,0.47019609808921814,0.6904129981994629,-0.029441548511385918,0.5009491443634033,0.5885599851608276,-0.03892273083329201,0.557590901851654,0.5803267359733582,-0.04230490326881409,0.4942743480205536,0.5449153184890747,0.008036626502871513,0.4842274785041809,0.41065624356269836,-0.02253594435751438,0.4757777750492096,0.49362170696258545,-0.04025430232286453,0.48364657163619995,0.5714621543884277,-0.047368429601192474,0.5377187728881836,0.5317819714546204,0.00525450985878706,0.5327024459838867,0.37464186549186707,-0.024341026321053505,0.51671302318573,0.4681369960308075,-0.02955096960067749,0.52378249168396,0.5441516041755676,-0.022707713767886162,0.5793870091438293,0.5413415431976318,-0.005224541295319796,0.5794352889060974,0.38730955123901367,-0.033451542258262634,0.555548369884491,0.4697708189487457,-0.028157521039247513,0.5560894012451172,0.5475577116012573,-0.014153667725622654,0.6233246922492981,0.5706311464309692,-0.019311783835291862,0.6123702526092529,0.4516282379627228,-0.04092651233077049,0.5871118307113647,0.48445403575897217,-0.04049471393227577,0.5803685784339905,0.5445961356163025,-0.033018168061971664,Left,e
0.5450581908226013,0.828864574432373,-8.929343380259525e-07,0.45818787813186646,0.770189642906189,-0.027827855199575424,0.4079228341579437,0.5891453623771667,-0.03747441619634628,0.4389927387237549,0.4545074999332428,-0.05092087760567665,0.5033237934112549,0.4205527901649475,-0.05730457603931427,0.4308144748210907,0.39808809757232666,0.004849294666200876,0.41213560104370117,0.21963271498680115,-0.03507160395383835,0.400546133518219,0.32059794664382935,-0.0584833100438118,0.413800448179245,0.4184516370296478,-0.06903303414583206,0.4841218888759613,0.3790002167224884,-0.0009373074281029403,0.4713760316371918,0.1630987823009491,-0.0440787635743618,0.45102858543395996,0.2803189158439636,-0.0554656945168972,0.46106278896331787,0.3855958878993988,-0.050502024590969086,0.5394532084465027,0.38530659675598145,-0.015408565290272236,0.5312165021896362,0.1744805872440338,-0.05678904801607132,0.5037274360656738,0.28449976444244385,-0.05383489280939102,0.5084221363067627,0.3910995125770569,-0.03894415125250816,0.5990241169929504,0.4176291823387146,-0.03376517817378044,0.5746608972549438,0.2576632499694824,-0.06426671147346497,0.545220673084259,0.30886098742485046,-0.06508003175258636,0.542850136756897,0.39696794748306274,-0.05752767622470856,Left,e
0.5434820055961609,0.674371063709259,-3.411514626350254e-07,0.499185711145401,0.6659688353538513,-0.013938223011791706,0.4718795716762543,0.5777196288108826,-0.016608143225312233,0.4892809987068176,0.5030257701873779,-0.02103039249777794,0.5287498235702515,0.48846712708473206,-0.021293923258781433,0.4778243899345398,0.48337522149086,0.007991941645741463,0.4674369692802429,0.39560189843177795,-0.010276327840983868,0.46542784571647644,0.44251319766044617,-0.020524553954601288,0.47122979164123535,0.48923206329345703,-0.024100465700030327,0.5077967643737793,0.4644811749458313,0.006871046964079142,0.4998646080493927,0.3673076629638672,-0.010547992773354053,0.49291351437568665,0.4251086115837097,-0.01398017629981041,0.49722644686698914,0.4692364037036896,-0.009711450897157192,0.5358538627624512,0.46199262142181396,0.000934649899136275,0.5336130857467651,0.36941391229629517,-0.01580168306827545,0.5204677581787109,0.42590731382369995,-0.01198272779583931,0.520855188369751,0.47326943278312683,-0.0028095159213989973,0.5658901333808899,0.47351792454719543,-0.0071998462080955505,0.5593029260635376,0.4024738371372223,-0.018191274255514145,0.5443918108940125,0.42886248230934143,-0.015968507155776024,0.540921688079834,0.466298907995224,-0.01016987208276987,Left,e
0.25646474957466125,0.7889838218688965,-7.428483854710066e-07,0.19812938570976257,0.7715047001838684,-0.012053100392222404,0.15296320617198944,0.6573276519775391,-0.01578656956553459,0.16278046369552612,0.559878408908844,-0.025210516527295113,0.20749424397945404,0.525926947593689,-0.030810434371232986,0.15962719917297363,0.5169968605041504,0.014572865329682827,0.13199488818645477,0.40822431445121765,-0.013636477291584015,0.12128490209579468,0.48101916909217834,-0.03215692564845085,0.1347043216228485,0.5472006797790527,-0.04050425440073013,0.19343042373657227,0.4890140891075134,0.00529560586437583,0.17001640796661377,0.34691452980041504,-0.025028683245182037,0.15128880739212036,0.43111521005630493,-0.035416532307863235,0.16344554722309113,0.5038516521453857,-0.032563090324401855,0.229173943400383,0.48319727182388306,-0.009926749393343925,0.21252217888832092,0.342599093914032,-0.035871367901563644,0.18812111020088196,0.4168964922428131,-0.03691447898745537,0.19629745185375214,0.4882490932941437,-0.02864866331219673,0.26755672693252563,0.4943057596683502,-0.027833709493279457,0.24298109114170074,0.3905671238899231,-0.0414593406021595,0.2132769227027893,0.42050275206565857,-0.04077855125069618,0.21228887140750885,0.47275665402412415,-0.03576670214533806,Left,e
0.7980591058731079,0.8047023415565491,-4.33785999121028e-07,0.752315878868103,0.7449432611465454,-0.015438899397850037,0.7423062920570374,0.6361805200576782,-0.01847091130912304,0.7759627103805542,0.5756466388702393,-0.024247370660305023,0.818092405796051,0.5944535732269287,-0.02589532919228077,0.7770587205886841,0.5605942010879517,0.013015002012252808,0.7839285135269165,0.4689749777317047,-0.005825157277286053,0.7670189738273621,0.5156821012496948,-0.01786545105278492,0.7655369639396667,0.5626386404037476,-0.02349727787077427,0.8117737174034119,0.5644165873527527,0.011141209863126278,0.8253154158592224,0.45889997482299805,-0.011314000934362411,0.8009060025215149,0.5096222162246704,-0.018685631453990936,0.7955126166343689,0.5653040409088135,-0.015699641779065132,0.841701090335846,0.5801470875740051,0.003730347380042076,0.8593599796295166,0.47595298290252686,-0.01571071520447731,0.8313020467758179,0.511368989944458,-0.016857923939824104,0.8204723000526428,0.5659022331237793,-0.010233636014163494,0.871437132358551,0.6109721064567566,-0.006366981193423271,0.8783875703811646,0.5315959453582764,-0.01945595256984234,0.8545408248901367,0.5364121794700623,-0.022108713164925575,0.8390393257141113,0.573815107345581,-0.019621141254901886,Left,e
0.6166081428527832,0.787237286567688,-6.737429316672205e-07,0.5484381914138794,0.7498543858528137,-0.019993092864751816,0.5013723969459534,0.621599018573761,-0.02717290073633194,0.521902859210968,0.5127479434013367,-0.038465168327093124,0.575610339641571,0.4888553023338318,-0.043687883764505386,0.5165165066719055,0.46534210443496704,0.0100586311891675,0.5031514763832092,0.3224673867225647,-0.02252158708870411,0.4968617260456085,0.40427398681640625,-0.04171900823712349,0.5097780823707581,0.478304386138916,-0.050137318670749664,0.5585523843765259,0.4453960359096527,0.004240325652062893,0.548200249671936,0.2769198417663574,-0.030163705348968506,0.5349501967430115,0.3717891275882721,-0.03861559182405472,0.5456414818763733,0.4490889608860016,-0.033706046640872955,0.6003541350364685,0.44640764594078064,-0.008990375325083733,0.5936971306800842,0.28272366523742676,-0.04046901687979698,0.574120819568634,0.37044674158096313,-0.03596513345837593,0.5794928669929504,0.450362890958786,-0.02228560298681259,0.6447575688362122,0.46930497884750366,-0.025609927251935005,0.6301189064979553,0.3448159694671631,-0.0469810776412487,0.6064332723617554,0.3883700966835022,-0.04542708769440651,0.6041966080665588,0.4590371549129486,-0.03778821974992752,Left,e
0.639701247215271,0.720876932144165,-2.802328822326672e-07,0.6046077013015747,0.7025645971298218,-0.009602151811122894,0.5845414400100708,0.6411275863647461,-0.01259860023856163,0.5957822203636169,0.5870497822761536,-0.01695498451590538,0.6228752732276917,0.5783172845840454,-0.01893088035285473,0.598152756690979,0.579127311706543,0.007030842360109091,0.5894891023635864,0.5239872336387634,-0.0041817170567810535,0.5863120555877686,0.5517695546150208,-0.012351234443485737,0.5925348997116089,0.5829461812973022,-0.016667844727635384,0.6180183291435242,0.5668550729751587,0.006231208331882954,0.612484335899353,0.4975995123386383,-0.005417446605861187,0.6044835448265076,0.5303054451942444,-0.009286290034651756,0.6080479025840759,0.5664290189743042,-0.00823247991502285,0.6372202038764954,0.5650650858879089,0.002167418133467436,0.6354139447212219,0.4943574070930481,-0.00934379082173109,0.6232158541679382,0.5213662385940552,-0.009768259711563587,0.6236376166343689,0.5592840909957886,-0.006284142844378948,0.659846842288971,0.5748027563095093,-0.0034112916328012943,0.6512731313705444,0.5212620496749878,-0.012499667704105377,0.6371822953224182,0.5327958464622498,-0.014210126362740993,0.6319080591201782,0.5634918808937073,-0.012945842929184437,Left,e
0.6393964290618896,0.8384473323822021,-8.582836699133622e-07,0.5457478165626526,0.7835091352462769,-0.027554310858249664,0.4809914827346802,0.5960964560508728,-0.03596820682287216,0.5078734159469604,0.447848916053772,-0.050471507012844086,0.5826236009597778,0.4208887219429016,-0.056655872613191605,0.5011091232299805,0.40167921781539917,0.015320819802582264,0.4785059690475464,0.20776347815990448,-0.027626806870102882,0.4682843089103699,0.3151879608631134,-0.052527714520692825,0.48808205127716064,0.4184974133968353,-0.06316886097192764,0.556544303894043,0.3700783848762512,0.007322084158658981,0.5439063906669617,0.13499268889427185,-0.04026507958769798,0.5193579792976379,0.2574751377105713,-0.05187764763832092,0.5340133309364319,0.3705492317676544,-0.04403790459036827,0.6135426163673401,0.36839979887008667,-0.010989690199494362,0.6084420084953308,0.13782909512519836,-0.05349282547831535,0.5752159357070923,0.2472848892211914,-0.049200382083654404,0.5825797915458679,0.35844653844833374,-0.030980916693806648,0.6747130155563354,0.39535704255104065,-0.03418484702706337,0.6566531658172607,0.219668447971344,-0.06255004554986954,0.6182044744491577,0.2692621946334839,-0.06208062916994095,0.6130762696266174,0.3663380742073059,-0.05264494568109512,Left,e
0.38108140230178833,0.8886235952377319,-8.627602028354886e-07,0.27852123975753784,0.8518415093421936,-0.02213635854423046,0.20317697525024414,0.6853780746459961,-0.029455922544002533,0.21086576581001282,0.5341283679008484,-0.0438944436609745,0.273053914308548,0.46650466322898865,-0.05143974348902702,0.21168962121009827,0.5100250244140625,0.022299380972981453,0.16334618628025055,0.3592110276222229,-0.01795375533401966,0.16610780358314514,0.45289313793182373,-0.043420497328042984,0.20443961024284363,0.5313935279846191,-0.05514645576477051,0.25975510478019714,0.46098634600639343,0.012824778445065022,0.21797454357147217,0.25618359446525574,-0.033366452902555466,0.2049945890903473,0.36363258957862854,-0.04694114997982979,0.23505735397338867,0.4663606882095337,-0.04118269681930542,0.3126484453678131,0.4351956248283386,-0.006245641969144344,0.27443644404411316,0.22729367017745972,-0.047547224909067154,0.25356292724609375,0.3407445251941681,-0.044930145144462585,0.2804643511772156,0.45433464646339417,-0.028387844562530518,0.37569838762283325,0.4312407076358795,-0.029767686501145363,0.32451844215393066,0.28024351596832275,-0.057143114507198334,0.29120776057243347,0.3331977128982544,-0.0583726167678833,0.3004624545574188,0.4286371171474457,-0.05053649842739105,Left,e
0.812676191329956,0.9026237726211548,-7.289982590918953e-07,0.7301337718963623,0.812585175037384,-0.029776671901345253,0.6886183023452759,0.6459072828292847,-0.0431232713162899,0.7315548658370972,0.5358939170837402,-0.05977318063378334,0.8008236289024353,0.5289961695671082,-0.07076404243707657,0.7100865244865417,0.5048608183860779,-0.001779909827746451,0.7068064212799072,0.33823615312576294,-0.03900192305445671,0.7053312659263611,0.41822054982185364,-0.06611832976341248,0.713777482509613,0.5054931640625,-0.08106545358896255,0.7643293738365173,0.4882103204727173,-0.005117890425026417,0.7658199667930603,0.29594874382019043,-0.040961697697639465,0.7546036243438721,0.40055423974990845,-0.057389527559280396,0.7579200267791748,0.4950639307498932,-0.06120287999510765,0.8152162432670593,0.49556592106819153,-0.016097605228424072,0.8206285834312439,0.31723007559776306,-0.04625575244426727,0.8028702139854431,0.40704983472824097,-0.04843003302812576,0.7996978759765625,0.5026656985282898,-0.042481016367673874,0.86542809009552,0.5268113613128662,-0.03177615627646446,0.8652403354644775,0.38880443572998047,-0.051566049456596375,0.8444921374320984,0.42796850204467773,-0.05334533751010895,0.8344583511352539,0.5047745704650879,-0.05108125880360603,Left,e
0.5901311635971069,0.7902817726135254,-7.410151852127456e-07,0.50069260597229,0.7477749586105347,-0.029046449810266495,0.44480079412460327,0.5810636281967163,-0.038396093994379044,0.47348320484161377,0.44906264543533325,-0.05138382315635681,0.5388835668563843,0.42251914739608765,-0.05783767253160477,0.4599328935146332,0.4118548631668091,0.004239439032971859,0.43808963894844055,0.2425212264060974,-0.03341206908226013,0.43232178688049316,0.333505779504776,-0.05577416345477104,0.44770628213882446,0.4255177974700928,-0.06537750363349915,0.5117208361625671,0.3814111649990082,0.0009340341202914715,0.4954531192779541,0.1845153421163559,-0.0385420061647892,0.4800499379634857,0.2901996970176697,-0.048816509544849396,0.49337005615234375,0.3889903724193573,-0.04344559088349342,0.5639370083808899,0.3769628703594208,-0.011282785795629025,0.5547620058059692,0.1803126186132431,-0.048143431544303894,0.5295901894569397,0.27385997772216797,-0.04748747870326042,0.5358826518058777,0.37359362840652466,-0.03453345596790314,0.6202693581581116,0.39502662420272827,-0.027786631137132645,0.597111701965332,0.24729764461517334,-0.055349696427583694,0.5672394633293152,0.2876392602920532,-0.05882229655981064,0.5638687014579773,0.3692622780799866,-0.05335588380694389,Left,e
0.5234602689743042,0.664329469203949,-3.593818860281317e-07,0.4874601364135742,0.6619495153427124,-0.013329519890248775,0.4578779637813568,0.5965338945388794,-0.018000612035393715,0.4636795222759247,0.5340537428855896,-0.02428232692182064,0.49311476945877075,0.5129318833351135,-0.027020994573831558,0.4619995653629303,0.5078426003456116,0.004568451549857855,0.4455220699310303,0.4389128088951111,-0.01379609014838934,0.4432156980037689,0.48123136162757874,-0.024883877485990524,0.4548059105873108,0.5207446217536926,-0.029745133593678474,0.4840679466724396,0.4906787574291229,0.0028401375748217106,0.46974021196365356,0.4048846960067749,-0.016453390941023827,0.46055102348327637,0.453319251537323,-0.02210910990834236,0.46953341364860535,0.4973912239074707,-0.0196415763348341,0.5066142082214355,0.4855303168296814,-0.0032596455421298742,0.49632295966148376,0.39827877283096313,-0.020476818084716797,0.48189085721969604,0.43962445855140686,-0.020945506170392036,0.4871205687522888,0.48265230655670166,-0.015359939076006413,0.5321552753448486,0.49154847860336304,-0.011375241912901402,0.5167708396911621,0.4357106387615204,-0.02322348952293396,0.49973243474960327,0.45477616786956787,-0.025354783982038498,0.4993744492530823,0.4895378351211548,-0.02321535535156727,Left,e
0.29818394780158997,0.8846321105957031,-9.831392162595876e-07,0.19615204632282257,0.8521454334259033,-0.022723333910107613,0.12849244475364685,0.6888993382453918,-0.03128370642662048,0.14141502976417542,0.5373138785362244,-0.0471578910946846,0.20437459647655487,0.47056135535240173,-0.0568745881319046,0.14217185974121094,0.4997217655181885,0.02784016914665699,0.09497471898794174,0.35994723439216614,-0.011981816962361336,0.08904920518398285,0.4375147223472595,-0.040250327438116074,0.1161322295665741,0.5208643078804016,-0.053546786308288574,0.18762162327766418,0.44800636172294617,0.019519295543432236,0.14100602269172668,0.2674712836742401,-0.026376547291874886,0.12710781395435333,0.36502644419670105,-0.04313298314809799,0.1530548632144928,0.46954262256622314,-0.04013162851333618,0.23806381225585938,0.41970983147621155,0.0013773757964372635,0.1951720416545868,0.22917130589485168,-0.04165652394294739,0.17434647679328918,0.3305056095123291,-0.04366833716630936,0.19927053153514862,0.4439832270145416,-0.030762478709220886,0.29873132705688477,0.41722536087036133,-0.021027855575084686,0.24795687198638916,0.2718694806098938,-0.04998241737484932,0.21707165241241455,0.3274547755718231,-0.05245296657085419,0.22642700374126434,0.426944375038147,-0.04575333744287491,Left,e
0.8474879264831543,0.7967886924743652,-5.057279395259684e-07,0.7849549055099487,0.7388801574707031,-0.02307850494980812,0.7538009285926819,0.6194374561309814,-0.03552486374974251,0.7847169637680054,0.5333320498466492,-0.05016614869236946,0.8348456621170044,0.5191847085952759,-0.06089933589100838,0.7646307349205017,0.4823826253414154,-0.007956531830132008,0.7696265578269958,0.3544039726257324,-0.03545588627457619,0.7710790038108826,0.4021542966365814,-0.05727886036038399,0.7708503007888794,0.473917692899704,-0.07012835144996643,0.8088489770889282,0.46404963731765747,-0.011810948140919209,0.8140191435813904,0.31040310859680176,-0.034235879778862,0.8158528208732605,0.3773462176322937,-0.049034129828214645,0.8149433732032776,0.45208266377449036,-0.05640070140361786,0.8511662483215332,0.47327980399131775,-0.02053237147629261,0.8579907417297363,0.3294295072555542,-0.03990096598863602,0.8560688495635986,0.3853399157524109,-0.04561208188533783,0.8506379127502441,0.4575057327747345,-0.04695243760943413,0.8912314176559448,0.5046974420547485,-0.03244219720363617,0.8960078954696655,0.40092262625694275,-0.04674246907234192,0.8887636065483093,0.4247508943080902,-0.04946054145693779,0.8790327906608582,0.4804401993751526,-0.05034011974930763,Left,e
0.5416086316108704,0.8083018064498901,-5.451627203001408e-07,0.4778890311717987,0.7737297415733337,-0.028192995116114616,0.43052414059638977,0.6478646993637085,-0.04214365407824516,0.43540772795677185,0.5446240305900574,-0.05915091559290886,0.4843147397041321,0.5243803262710571,-0.07032793760299683,0.4645824134349823,0.4803624153137207,0.0013723036972805858,0.4537928104400635,0.3442995548248291,-0.033613115549087524,0.4407133162021637,0.4170038402080536,-0.05569953843951225,0.4479149878025055,0.49562978744506836,-0.06579671800136566,0.5040114521980286,0.4687715172767639,-0.0019427236402407289,0.4986845850944519,0.29952841997146606,-0.03959767892956734,0.4763360023498535,0.3875408172607422,-0.05241483822464943,0.48069295287132263,0.4753058850765228,-0.049905259162187576,0.5450518131256104,0.4764629006385803,-0.013094083406031132,0.5463107228279114,0.3121381998062134,-0.04857761040329933,0.5163530707359314,0.38711804151535034,-0.050836484879255295,0.513153612613678,0.4742991328239441,-0.04051933065056801,0.589983344078064,0.5025683045387268,-0.027967318892478943,0.583848774433136,0.3774530291557312,-0.05290774628520012,0.5550784468650818,0.40818551182746887,-0.05628484487533569,0.5450621843338013,0.4772265553474426,-0.0515177845954895,Left,e
0.5502381324768066,0.7264818549156189,-3.00505007544416e-07,0.5110926032066345,0.7204131484031677,-0.018433207646012306,0.4765961170196533,0.6579617857933044,-0.027882060036063194,0.4692210555076599,0.5956878662109375,-0.03885267674922943,0.4949547052383423,0.5742478966712952,-0.04584091901779175,0.4877588450908661,0.5453935265541077,0.0009566156077198684,0.4751419723033905,0.46753883361816406,-0.021468592807650566,0.4716985523700714,0.5160067081451416,-0.034797489643096924,0.4816284775733948,0.561337947845459,-0.04023738205432892,0.5102711915969849,0.5337520241737366,0.0002672601549420506,0.5012121200561523,0.4393468499183655,-0.02222602441906929,0.4927225708961487,0.497111052274704,-0.02857445739209652,0.4992789626121521,0.5437330007553101,-0.026036027818918228,0.5350121855735779,0.5319746136665344,-0.005576651077717543,0.5282971262931824,0.4367052912712097,-0.026757659390568733,0.5149562358856201,0.4889449179172516,-0.026198480278253555,0.5171396136283875,0.538621723651886,-0.018755409866571426,0.5628082752227783,0.5408074855804443,-0.013760757632553577,0.5527623295783997,0.4698300361633301,-0.028646908700466156,0.5365902185440063,0.4978777766227722,-0.02956642210483551,0.5327116250991821,0.5413934588432312,-0.025640396401286125,Left,e
0.3675714135169983,0.844971776008606,-6.764324780306197e-07,0.28973716497421265,0.8157581686973572,-0.02123873680830002,0.23087134957313538,0.6791948676109314,-0.03228367865085602,0.21381399035453796,0.5606334805488586,-0.05092019587755203,0.2568039894104004,0.5256128907203674,-0.06367771327495575,0.25940313935279846,0.4806695282459259,0.02060091681778431,0.22799400985240936,0.3337392807006836,-0.02296489104628563,0.21441349387168884,0.4095028042793274,-0.05066422373056412,0.2385897934436798,0.4950001537799835,-0.06266701966524124,0.29704880714416504,0.45579761266708374,0.0089412247762084,0.2796424329280853,0.25183939933776855,-0.04007231071591377,0.2460058033466339,0.3412952721118927,-0.0566294826567173,0.2546366751194,0.4368461072444916,-0.05183389037847519,0.33959439396858215,0.454206258058548,-0.012097828090190887,0.324118971824646,0.25605249404907227,-0.05615825206041336,0.2867109477519989,0.34788817167282104,-0.05745873600244522,0.29356297850608826,0.4482223093509674,-0.04215068370103836,0.38758528232574463,0.4751303195953369,-0.036946866661310196,0.3608962595462799,0.32698822021484375,-0.06270789355039597,0.32390427589416504,0.3781115412712097,-0.06211750581860542,0.32424187660217285,0.4693250060081482,-0.05261654406785965,Left,e
0.8377745747566223,0.8981209397315979,-4.502946637785499e-07,0.7671782970428467,0.826622486114502,-0.029471758753061295,0.7406799793243408,0.67223060131073,-0.04088657349348068,0.7820311188697815,0.5786386728286743,-0.054773785173892975,0.8410171270370483,0.5924513936042786,-0.06270112097263336,0.786018967628479,0.5285859704017639,0.004843793343752623,0.8037694692611694,0.3962652087211609,-0.02776362933218479,0.7964141368865967,0.4677567481994629,-0.05223660171031952,0.7924346923828125,0.5511966347694397,-0.06491472572088242,0.838272750377655,0.5283886790275574,0.003012554720044136,0.8583341836929321,0.3736002445220947,-0.02983400970697403,0.8432260751724243,0.45807045698165894,-0.04726749286055565,0.8373951315879822,0.5436402559280396,-0.050395458936691284,0.8821650147438049,0.5507503747940063,-0.0065528517588973045,0.9075352549552917,0.4103187024593353,-0.03553484380245209,0.886518120765686,0.47890496253967285,-0.04173930361866951,0.873043954372406,0.5650503635406494,-0.03719077259302139,0.9245309233665466,0.5957767367362976,-0.020356597378849983,0.9417540431022644,0.4943090081214905,-0.040161848068237305,0.923926591873169,0.513221263885498,-0.04497300833463669,0.9075472354888916,0.5677345991134644,-0.043386310338974,Left,e
0.6292321085929871,0.8553520441055298,-6.657099902440677e-07,0.5513216853141785,0.832787811756134,-0.027306726202368736,0.48940128087997437,0.6993436813354492,-0.037725549191236496,0.4927466809749603,0.5773205757141113,-0.05274979770183563,0.5421189069747925,0.5663125514984131,-0.06110353395342827,0.5173246264457703,0.506345272064209,0.014394943602383137,0.4993407428264618,0.36389535665512085,-0.020871680229902267,0.4915238320827484,0.4505995512008667,-0.04297089949250221,0.5043845772743225,0.526923656463623,-0.05300380289554596,0.559815526008606,0.48650214076042175,0.01015870738774538,0.546769917011261,0.31017202138900757,-0.02898748777806759,0.5278630256652832,0.4133300185203552,-0.040583398193120956,0.5349926948547363,0.5007458925247192,-0.03561290726065636,0.6036421656608582,0.48726192116737366,-0.0033679150510579348,0.5968130230903625,0.31722626090049744,-0.039988841861486435,0.5700733661651611,0.411837100982666,-0.04049841687083244,0.5703070163726807,0.5034934878349304,-0.02761344239115715,0.6525039076805115,0.5079354047775269,-0.02121015638113022,0.6434681415557861,0.3791125416755676,-0.0449940524995327,0.6133126020431519,0.42090514302253723,-0.04772477224469185,0.603873610496521,0.49213722348213196,-0.042287811636924744,Left,e
0.6007365584373474,0.7841469049453735,-3.828041883480182e-07,0.5501616597175598,0.7665059566497803,-0.019261203706264496,0.5115247964859009,0.673121988773346,-0.02753269113600254,0.5141844153404236,0.5927477478981018,-0.038434118032455444,0.5494168400764465,0.5846500396728516,-0.044563256204128265,0.5318141579627991,0.545343279838562,0.005125397816300392,0.5203429460525513,0.446368932723999,-0.019522376358509064,0.5174493789672852,0.5040191411972046,-0.03463192656636238,0.5287092328071594,0.5607134103775024,-0.040986526757478714,0.5614055395126343,0.5344915390014648,0.002856309525668621,0.5550094246864319,0.4162561595439911,-0.024262627586722374,0.545305609703064,0.48784035444259644,-0.0319153256714344,0.5527287721633911,0.5508091449737549,-0.027939999476075172,0.5918883681297302,0.5377231240272522,-0.005339400377124548,0.5899597406387329,0.4204949736595154,-0.029372503980994225,0.5742716193199158,0.47928786277770996,-0.02908380515873432,0.5765281319618225,0.5418471693992615,-0.019739599898457527,0.6245651245117188,0.5533110499382019,-0.01648852974176407,0.6196078062057495,0.46207886934280396,-0.03207056596875191,0.6022432446479797,0.48448479175567627,-0.033436957746744156,0.5976886749267578,0.5336664915084839,-0.02894391119480133,Left,e
0.5911732912063599,0.8205652236938477,2.1040814601747115e-07,0.5424412488937378,0.8148865103721619,-0.0267924964427948,0.4939562678337097,0.7549111843109131,-0.05147148296236992,0.44855597615242004,0.7121166586875916,-0.07700929045677185,0.41083571314811707,0.6810826063156128,-0.10104838758707047,0.49260491132736206,0.5663962364196777,-0.03005846031010151,0.44864702224731445,0.522783637046814,-0.07462128251791,0.4287063777446747,0.5782549977302551,-0.10932562500238419,0.4186151623725891,0.6344543099403381,-0.1271660178899765,0.5248361229896545,0.5265541672706604,-0.037646595388650894,0.49232998490333557,0.39460325241088867,-0.07125642895698547,0.47514021396636963,0.3020819127559662,-0.09599356353282928,0.46058762073516846,0.217369943857193,-0.11118660867214203,0.5638253092765808,0.5335478782653809,-0.050043005496263504,0.5500255823135376,0.3968117833137512,-0.08212778717279434,0.5428804755210876,0.3043709993362427,-0.10236677527427673,0.53642338514328,0.22235167026519775,-0.11228688806295395,0.6020781993865967,0.5712258219718933,-0.0640074759721756,0.6118163466453552,0.4614921808242798,-0.08243732154369354,0.6212339401245117,0.3927379846572876,-0.08640290051698685,0.6305695176124573,0.33001717925071716,-0.0872240886092186,Left,f
0.6905068755149841,0.9587259292602539,1.028996621244005e-08,0.6221990585327148,0.9260421991348267,-0.05284774303436279,0.5523054003715515,0.8448271751403809,-0.10197144746780396,0.49039018154144287,0.7962140440940857,-0.15179657936096191,0.44986492395401,0.7328759431838989,-0.20098097622394562,0.5538597106933594,0.5468166470527649,-0.06894145905971527,0.4872552752494812,0.46917134523391724,-0.1493760347366333,0.4614098072052002,0.5679649710655212,-0.21152999997138977,0.4548795521259308,0.6692442297935486,-0.24492241442203522,0.6048330664634705,0.4878638982772827,-0.07873830944299698,0.5612608790397644,0.26706546545028687,-0.13345180451869965,0.5323296785354614,0.13032811880111694,-0.17842502892017365,0.5092013478279114,0.002371549606323242,-0.2114505022764206,0.6629959940910339,0.49927815794944763,-0.0968925803899765,0.6441484689712524,0.2797110974788666,-0.14596356451511383,0.6298957467079163,0.14028441905975342,-0.1815774142742157,0.6189973950386047,0.010964304208755493,-0.2053055614233017,0.7203226089477539,0.5622395873069763,-0.11881540715694427,0.7416304349899292,0.39463141560554504,-0.1448369324207306,0.758413553237915,0.28818511962890625,-0.15439313650131226,0.7760938405990601,0.18810105323791504,-0.16316185891628265,Left,f
0.561284601688385,0.7753593921661377,1.0310586873174543e-07,0.5269940495491028,0.766494870185852,-0.01542749535292387,0.4958178400993347,0.728813886642456,-0.030215946957468987,0.4712896943092346,0.6997132301330566,-0.045831773430109024,0.45245295763015747,0.6714496612548828,-0.060578081756830215,0.49847882986068726,0.6058897972106934,-0.016118142753839493,0.46911633014678955,0.5708858370780945,-0.04296489804983139,0.45998960733413696,0.6045781970024109,-0.06394585222005844,0.4594573974609375,0.6396960020065308,-0.07474227249622345,0.520340621471405,0.5805749297142029,-0.02169094979763031,0.501488983631134,0.49480029940605164,-0.042087722569704056,0.4897833466529846,0.4366932511329651,-0.05775314196944237,0.4807394742965698,0.38294506072998047,-0.06760048866271973,0.5447399616241455,0.5842621326446533,-0.03042064607143402,0.5377134084701538,0.4963630139827728,-0.05024842172861099,0.5318843126296997,0.4360005855560303,-0.06403044611215591,0.5269287824630737,0.38121911883354187,-0.07145503163337708,0.5681005120277405,0.6087331175804138,-0.0399465374648571,0.5754836797714233,0.5393352508544922,-0.051070693880319595,0.57956463098526,0.49437934160232544,-0.054279912263154984,0.5836457014083862,0.453225314617157,-0.05575559288263321,Left,f
0.3791559934616089,0.8413669466972351,9.963427771708666e-08,0.3222484588623047,0.833965539932251,-0.0255114808678627,0.26654744148254395,0.7826600074768066,-0.04721154645085335,0.21732181310653687,0.7384971380233765,-0.07052864134311676,0.1814374476671219,0.6916495561599731,-0.0923466831445694,0.2670418322086334,0.5994005799293518,-0.020119760185480118,0.21542876958847046,0.5439214110374451,-0.05862932652235031,0.19548551738262177,0.5813016891479492,-0.08808812499046326,0.19181059300899506,0.6258225440979004,-0.1030752882361412,0.29632768034935,0.5538745522499084,-0.026408161967992783,0.2584415674209595,0.4333644509315491,-0.05297372117638588,0.23358604311943054,0.35007214546203613,-0.07178552448749542,0.21372263133525848,0.2758077085018158,-0.0838201642036438,0.33236896991729736,0.546869695186615,-0.03886355832219124,0.3116661012172699,0.42044365406036377,-0.06467468291521072,0.296002060174942,0.33783385157585144,-0.0817454606294632,0.2818686068058014,0.26659998297691345,-0.09120476245880127,0.3690428137779236,0.5684226155281067,-0.05357387289404869,0.37193652987480164,0.46906208992004395,-0.07049230486154556,0.375002920627594,0.4019668698310852,-0.07702146470546722,0.3770839273929596,0.3415101170539856,-0.08041461557149887,Left,f
0.8250154852867126,0.8166882991790771,7.58737144224142e-08,0.7931973934173584,0.7794337868690491,-0.04122218117117882,0.7785219550132751,0.7205478549003601,-0.0620289146900177,0.802200198173523,0.6669683456420898,-0.07827075570821762,0.8302857875823975,0.6167543530464172,-0.08989287167787552,0.7792840003967285,0.5483109354972839,-0.03059515357017517,0.7913574576377869,0.48721444606781006,-0.05170312523841858,0.8039709329605103,0.5098616480827332,-0.06857869774103165,0.8126831650733948,0.5308274626731873,-0.08001049607992172,0.8100219964981079,0.5285952091217041,-0.024185147136449814,0.8092309236526489,0.4011278748512268,-0.039542391896247864,0.8121518492698669,0.328732430934906,-0.05488620698451996,0.8108747601509094,0.27206796407699585,-0.06775129586458206,0.8407599925994873,0.5424742102622986,-0.02342069521546364,0.8433102369308472,0.4268991947174072,-0.04298590496182442,0.8483045101165771,0.356828510761261,-0.06190422922372818,0.8511509299278259,0.2953230142593384,-0.07591231912374496,0.8744062781333923,0.5816327333450317,-0.02591800130903721,0.8910616040229797,0.5126726627349854,-0.04248092323541641,0.8999059796333313,0.4723796546459198,-0.05371597036719322,0.9072988033294678,0.4300500452518463,-0.0627196654677391,Left,f
0.5734084248542786,0.8150104880332947,1.646347840278395e-07,0.5323964357376099,0.8087154626846313,-0.023927994072437286,0.4953978657722473,0.7682186365127563,-0.04447205364704132,0.46911758184432983,0.734414279460907,-0.0649973452091217,0.45030149817466736,0.6934814453125,-0.083707794547081,0.49760702252388,0.6095361113548279,-0.02786642126739025,0.4625893831253052,0.5634942650794983,-0.06260856240987778,0.45438143610954285,0.6128135919570923,-0.08797381073236465,0.45538049936294556,0.6629820466041565,-0.10077573359012604,0.5253655910491943,0.5772348046302795,-0.032590169459581375,0.5012271404266357,0.4711819887161255,-0.06082439795136452,0.4863872230052948,0.39853769540786743,-0.08210024982690811,0.47479790449142456,0.3301961123943329,-0.09546540677547455,0.556054413318634,0.5822184681892395,-0.04119399935007095,0.54412442445755,0.47608476877212524,-0.06807782500982285,0.5349242091178894,0.40391284227371216,-0.0862048789858818,0.5279909372329712,0.3378326892852783,-0.09593131393194199,0.5866070985794067,0.6130523085594177,-0.05100912228226662,0.5944189429283142,0.5280774235725403,-0.06642033159732819,0.5997682213783264,0.4750129282474518,-0.07130365073680878,0.605197548866272,0.42576098442077637,-0.07373546808958054,Left,f
0.6848463416099548,0.9285943508148193,-1.6659495116755352e-08,0.6290835738182068,0.902086079120636,-0.04336683824658394,0.5732702016830444,0.8446999788284302,-0.08654140681028366,0.5435777902603149,0.8067090511322021,-0.13142122328281403,0.5264363288879395,0.7478699684143066,-0.17362672090530396,0.5747249722480774,0.5593580603599548,-0.05721482262015343,0.5282899141311646,0.4807389974594116,-0.1278914362192154,0.5176032781600952,0.5779166221618652,-0.17881347239017487,0.5244431495666504,0.6693963408470154,-0.2050723433494568,0.6232728362083435,0.5129303932189941,-0.07002989947795868,0.5885140895843506,0.3103867173194885,-0.11895900964736938,0.5683690309524536,0.18388432264328003,-0.15663544833660126,0.5557612776756287,0.06377065181732178,-0.18440137803554535,0.6762856245040894,0.5248514413833618,-0.0907018780708313,0.6650832891464233,0.3198073208332062,-0.1374329775571823,0.6568108201026917,0.19237327575683594,-0.16948969662189484,0.6516695618629456,0.07079660892486572,-0.1905970275402069,0.7325507402420044,0.5829471349716187,-0.11433451622724533,0.7576258182525635,0.4320127069950104,-0.1402209848165512,0.7745324969291687,0.33564087748527527,-0.1505119353532791,0.7903839349746704,0.24050068855285645,-0.15955929458141327,Left,f
0.3578740656375885,0.9369842410087585,1.6975866401480744e-07,0.28624266386032104,0.9385618567466736,-0.03238982707262039,0.21203629672527313,0.8898476362228394,-0.06235560402274132,0.14926084876060486,0.8622397780418396,-0.09368889778852463,0.09654578566551208,0.8263376355171204,-0.12406022846698761,0.21810120344161987,0.6535739898681641,-0.03655461221933365,0.1483062207698822,0.6233096122741699,-0.09078612923622131,0.11302968859672546,0.683358371257782,-0.13356615602970123,0.10004450380802155,0.7486041784286499,-0.15551847219467163,0.24798837304115295,0.6012072563171387,-0.04665438458323479,0.1985476315021515,0.4615853428840637,-0.08468969166278839,0.16124673187732697,0.3591006398200989,-0.11093255877494812,0.1281970888376236,0.2684433162212372,-0.12656520307064056,0.28721076250076294,0.5950390100479126,-0.06368628889322281,0.2534635365009308,0.44326692819595337,-0.10006585717201233,0.22470594942569733,0.3439311683177948,-0.12112696468830109,0.19729310274124146,0.2592545747756958,-0.13113565742969513,0.3266200125217438,0.6303922533988953,-0.0833572968840599,0.3214147090911865,0.506356954574585,-0.10631789267063141,0.320138543844223,0.42149025201797485,-0.11157625168561935,0.3204180598258972,0.34615999460220337,-0.11209064722061157,Left,f
0.8345180153846741,0.8877156972885132,8.195758027795819e-08,0.7970297932624817,0.8554282188415527,-0.051298048347234726,0.7665287256240845,0.7940137386322021,-0.08610072731971741,0.7701738476753235,0.7296323180198669,-0.11739972978830338,0.7862548232078552,0.6619172692298889,-0.14304721355438232,0.768502414226532,0.5830362439155579,-0.05054846033453941,0.7611355185508728,0.49344611167907715,-0.10245317965745926,0.7700409293174744,0.5470973253250122,-0.13948191702365875,0.7779324054718018,0.6124520897865295,-0.1582762598991394,0.8072608113288879,0.5511486530303955,-0.04680009186267853,0.798575222492218,0.3927564024925232,-0.08240713179111481,0.8010818958282471,0.3033939003944397,-0.10783283412456512,0.8018324971199036,0.22258225083351135,-0.12539973855018616,0.84764564037323,0.5623950958251953,-0.05113224312663078,0.8511599898338318,0.424784779548645,-0.08410698920488358,0.8582953214645386,0.33611994981765747,-0.10603204369544983,0.8603838086128235,0.2532714307308197,-0.119436115026474,0.8886871933937073,0.6081567406654358,-0.0599735789000988,0.9139583706855774,0.5144021511077881,-0.07968978583812714,0.9288461804389954,0.45697879791259766,-0.08867590874433517,0.938886284828186,0.4024214744567871,-0.0950143039226532,Left,f
0.5809191465377808,0.8424879908561707,1.9214324709082575e-07,0.5391234755516052,0.8399022817611694,-0.027725718915462494,0.4987645149230957,0.8030244708061218,-0.05252864584326744,0.4685653746128082,0.7718589305877686,-0.0771121084690094,0.4478057622909546,0.7323724031448364,-0.10058390349149704,0.49941858649253845,0.6301721334457397,-0.037026289850473404,0.46167445182800293,0.5854468941688538,-0.0746191143989563,0.45283517241477966,0.6327962875366211,-0.10220006108283997,0.4524725675582886,0.6800587177276611,-0.11692889034748077,0.5301861763000488,0.5939940214157104,-0.04236375913023949,0.5015789270401001,0.4787752628326416,-0.07260435074567795,0.48397719860076904,0.4020038843154907,-0.09749571233987808,0.46973514556884766,0.3280000388622284,-0.1147763803601265,0.5640615224838257,0.5992531776428223,-0.051294516772031784,0.5499653220176697,0.4824838638305664,-0.0808153823018074,0.5399250984191895,0.4053313136100769,-0.10324521362781525,0.5330411791801453,0.3366551697254181,-0.11689858138561249,0.5986917018890381,0.6311426758766174,-0.06142917275428772,0.6082161068916321,0.5369035005569458,-0.0799378752708435,0.6157764196395874,0.4775375425815582,-0.08803754299879074,0.6224072575569153,0.421949565410614,-0.09360498189926147,Left,f
0.5353229641914368,0.9278156757354736,3.909853063532864e-08,0.46683254837989807,0.9056566953659058,-0.03508276492357254,0.3994888961315155,0.8338873982429504,-0.06953375786542892,0.3424711227416992,0.783136248588562,-0.10652487725019455,0.2939751148223877,0.7320752143859863,-0.1421135663986206,0.4066256284713745,0.5730150938034058,-0.03948160260915756,0.33692431449890137,0.5189760327339172,-0.10498981177806854,0.3101091980934143,0.5986994504928589,-0.15643273293972015,0.3033571243286133,0.6829879283905029,-0.18351812660694122,0.4454179108142853,0.5224239826202393,-0.05360497161746025,0.3970410227775574,0.3416311740875244,-0.09990351647138596,0.3651016354560852,0.21354418992996216,-0.13398680090904236,0.3367222845554352,0.09834441542625427,-0.1563997119665146,0.4934854507446289,0.5269199013710022,-0.07587810605764389,0.4650793969631195,0.3446820378303528,-0.11900421977043152,0.445829838514328,0.22511452436447144,-0.14672264456748962,0.42734402418136597,0.11382558941841125,-0.1628284454345703,0.5408860445022583,0.5761187672615051,-0.10096558928489685,0.5529115200042725,0.43572375178337097,-0.12460413575172424,0.5651232004165649,0.34428173303604126,-0.13122306764125824,0.576022744178772,0.2589653730392456,-0.1354530304670334,Left,f
0.5866895914077759,0.7662562131881714,8.980536136959927e-08,0.5552359819412231,0.758145809173584,-0.018710734322667122,0.5255921483039856,0.7297816872596741,-0.03534552827477455,0.5065496563911438,0.7029099464416504,-0.05215120315551758,0.4965991973876953,0.6637172102928162,-0.06763879209756851,0.529259443283081,0.6055176854133606,-0.022130385041236877,0.5030953884124756,0.5669006705284119,-0.04939508065581322,0.4960288405418396,0.601684033870697,-0.06974208354949951,0.49798473715782166,0.6363312602043152,-0.08028965443372726,0.5499030351638794,0.5821071267127991,-0.025446046143770218,0.5297157764434814,0.5016636848449707,-0.0463574193418026,0.5165864825248718,0.4480676054954529,-0.06270810216665268,0.507315456867218,0.39564746618270874,-0.07376574724912643,0.574013352394104,0.5849617719650269,-0.03188728541135788,0.5643298029899597,0.5021742582321167,-0.05164134129881859,0.5567427277565002,0.4488309621810913,-0.0653616264462471,0.5510076880455017,0.40002864599227905,-0.07344944030046463,0.5997737646102905,0.6064599752426147,-0.03939185291528702,0.6070764660835266,0.5397356152534485,-0.0506848581135273,0.6101148724555969,0.49843454360961914,-0.05491233989596367,0.6121121644973755,0.4600380063056946,-0.05763598531484604,Left,f
0.4099082350730896,0.8364152312278748,4.412816423382537e-08,0.3480875492095947,0.8070870637893677,-0.030986785888671875,0.2898614704608917,0.7431620359420776,-0.06302691251039505,0.24130725860595703,0.6984055638313293,-0.09691356867551804,0.20847965776920319,0.6446475982666016,-0.13038136065006256,0.3181147277355194,0.5281631946563721,-0.042699750512838364,0.2578585743904114,0.470353364944458,-0.0922572910785675,0.23314185440540314,0.5286639928817749,-0.1293666660785675,0.22771233320236206,0.593042254447937,-0.14975802600383759,0.3544704020023346,0.4888918697834015,-0.05272987484931946,0.3140629827976227,0.3416649103164673,-0.09102873504161835,0.287666380405426,0.2398618906736374,-0.1206401064991951,0.26637187600135803,0.15030470490455627,-0.14203095436096191,0.39441463351249695,0.49812981486320496,-0.06810279190540314,0.3746992349624634,0.34147852659225464,-0.10342501848936081,0.358741819858551,0.23983338475227356,-0.12923674285411835,0.3465563654899597,0.152309387922287,-0.14647895097732544,0.4344938099384308,0.5423620939254761,-0.08538856357336044,0.4474911391735077,0.41873490810394287,-0.10730495303869247,0.4576984643936157,0.3375498056411743,-0.11767847090959549,0.46783125400543213,0.2612110376358032,-0.12594032287597656,Left,f
0.8412331342697144,0.860569179058075,2.0577107306962716e-07,0.8021858334541321,0.8317455053329468,-0.06432783603668213,0.7704110145568848,0.7723580598831177,-0.10538545995950699,0.7781625390052795,0.7088850140571594,-0.1403675675392151,0.8006606698036194,0.6364120841026306,-0.17021328210830688,0.7675514221191406,0.5512802600860596,-0.06765269488096237,0.7682828903198242,0.4673785865306854,-0.11818455159664154,0.7911655902862549,0.50811767578125,-0.15632879734039307,0.8114188313484192,0.5568135380744934,-0.17916178703308105,0.8050830364227295,0.5105181336402893,-0.058756276965141296,0.7914486527442932,0.34915557503700256,-0.09513724595308304,0.7950098514556885,0.2533852458000183,-0.12401626259088516,0.7964556217193604,0.17052048444747925,-0.146908238530159,0.8474379181861877,0.5157573819160461,-0.05806778371334076,0.8490567207336426,0.3695739209651947,-0.09423739463090897,0.8588126301765442,0.27787214517593384,-0.12217697501182556,0.8642382025718689,0.19828635454177856,-0.14183931052684784,0.8945316672325134,0.556320071220398,-0.06263499706983566,0.9235867261886597,0.4637879729270935,-0.08875058591365814,0.9422738552093506,0.4062611758708954,-0.10509299486875534,0.9563166499137878,0.34963423013687134,-0.1181088387966156,Left,f
0.6265068054199219,0.8563269972801208,8.552991914712038e-08,0.5654098987579346,0.8313591480255127,-0.035024791955947876,0.5104092955589294,0.7641617059707642,-0.06640326976776123,0.4659695625305176,0.711231529712677,-0.09926708042621613,0.4467528760433197,0.6466089487075806,-0.1295638084411621,0.518633246421814,0.535720705986023,-0.03918425366282463,0.4677343964576721,0.46044257283210754,-0.09532933682203293,0.45632821321487427,0.5365427136421204,-0.1370425969362259,0.46044594049453735,0.6154996752738953,-0.15853874385356903,0.5601088404655457,0.48809096217155457,-0.04714445769786835,0.5228376388549805,0.33177703619003296,-0.08696763217449188,0.5048903822898865,0.22512367367744446,-0.1178470328450203,0.49120062589645386,0.12456104159355164,-0.14005379378795624,0.6072583794593811,0.49233996868133545,-0.06237473338842392,0.5916414260864258,0.3332405388355255,-0.10123618692159653,0.5821777582168579,0.2298063039779663,-0.12845934927463531,0.5747570395469666,0.1370253562927246,-0.14548443257808685,0.656512439250946,0.5329496264457703,-0.08004523068666458,0.6822380423545837,0.40760305523872375,-0.10299637913703918,0.7026867866516113,0.32865357398986816,-0.11346206068992615,0.720271110534668,0.2544848322868347,-0.12140045315027237,Left,f
0.6242055296897888,0.7809942364692688,1.1228642904370645e-07,0.5922209620475769,0.7631963491439819,-0.021075839176774025,0.564931333065033,0.7214743494987488,-0.038492001593112946,0.549936830997467,0.6813480854034424,-0.05604731664061546,0.5501716136932373,0.6379131078720093,-0.07174878567457199,0.5748903751373291,0.5977455973625183,-0.02021903544664383,0.5545647144317627,0.5498640537261963,-0.04939739778637886,0.5511984825134277,0.5828655958175659,-0.07142647355794907,0.5543351173400879,0.6202023029327393,-0.08279187232255936,0.600895881652832,0.5762812495231628,-0.022954391315579414,0.5891149640083313,0.48488032817840576,-0.04330819100141525,0.5842165350914001,0.4257134795188904,-0.059710193425416946,0.582232654094696,0.3680940866470337,-0.07103441655635834,0.6278331875801086,0.583619236946106,-0.02971912920475006,0.6271034479141235,0.4960370659828186,-0.04962877556681633,0.6276599168777466,0.43854671716690063,-0.06410782784223557,0.629127025604248,0.3869897127151489,-0.0727468952536583,0.6553531885147095,0.6114628911018372,-0.037947554141283035,0.6723025441169739,0.5480719208717346,-0.04945547506213188,0.6825826168060303,0.5089306831359863,-0.05446397140622139,0.6912678480148315,0.47170963883399963,-0.057967621833086014,Left,f
0.35669195652008057,0.9424657821655273,5.071256836686189e-08,0.28966736793518066,0.9091777801513672,-0.027271859347820282,0.2349223643541336,0.8458681702613831,-0.054383888840675354,0.18680793046951294,0.7992637157440186,-0.08400744199752808,0.1544855684041977,0.7393673658370972,-0.11266868561506271,0.2503538131713867,0.6290789246559143,-0.026615209877490997,0.19348005950450897,0.5694969892501831,-0.0788876935839653,0.16805723309516907,0.6182714104652405,-0.12055768072605133,0.1641593724489212,0.6806602478027344,-0.1426190882921219,0.2901189625263214,0.579384446144104,-0.03756983205676079,0.2544492781162262,0.4325082004070282,-0.07210876047611237,0.23321425914764404,0.32597750425338745,-0.09873031824827194,0.21484747529029846,0.232235848903656,-0.1168942004442215,0.3357544541358948,0.5779557228088379,-0.05566907301545143,0.3239089846611023,0.4302273988723755,-0.08799716085195541,0.31476151943206787,0.33158189058303833,-0.10911885648965836,0.30354446172714233,0.24257299304008484,-0.12225378304719925,0.3799434006214142,0.617753267288208,-0.07621932774782181,0.40181848406791687,0.510204553604126,-0.09664436429738998,0.4191635251045227,0.4347373843193054,-0.10288052260875702,0.43392854928970337,0.36444851756095886,-0.1066109761595726,Left,f
0.8419463634490967,0.8887473344802856,-5.701635075183731e-08,0.8009318113327026,0.840799868106842,-0.039770834147930145,0.771533727645874,0.770611047744751,-0.06887032091617584,0.7732143402099609,0.7059729099273682,-0.09774264693260193,0.7911866903305054,0.6491690874099731,-0.12216047942638397,0.7723516821861267,0.5663352012634277,-0.03661084175109863,0.7605438232421875,0.48355355858802795,-0.0883636474609375,0.774057149887085,0.5421686768531799,-0.12725472450256348,0.789855420589447,0.6076213121414185,-0.1482740044593811,0.8118980526924133,0.5299254059791565,-0.03894210606813431,0.7921698093414307,0.3736198842525482,-0.07359234988689423,0.7902460098266602,0.27850574254989624,-0.10022574663162231,0.7887532114982605,0.19237053394317627,-0.1206502616405487,0.8557081818580627,0.5372901558876038,-0.049087997525930405,0.8549066185951233,0.39502111077308655,-0.08254513889551163,0.8615080118179321,0.3055241107940674,-0.10536395758390427,0.8661221861839294,0.22426074743270874,-0.12041311711072922,0.9028826951980591,0.5824674963951111,-0.06308338046073914,0.9310043454170227,0.4867382049560547,-0.08275876939296722,0.9492058753967285,0.4305036664009094,-0.09226205945014954,0.963525116443634,0.3757551312446594,-0.10018618404865265,Left,f
0.6261147260665894,0.7315343618392944,6.821933595801966e-08,0.590630054473877,0.7268450260162354,-0.016406109556555748,0.5589839816093445,0.7003306746482849,-0.03168480098247528,0.5360757112503052,0.6791442632675171,-0.04725121334195137,0.5282422304153442,0.6470991373062134,-0.06198014318943024,0.5665267705917358,0.5805822014808655,-0.01865670457482338,0.5366531014442444,0.5551198124885559,-0.04529997333884239,0.52873295545578,0.5853320956230164,-0.06618648767471313,0.530258297920227,0.6183326244354248,-0.07716779410839081,0.5868237614631653,0.5533761978149414,-0.02320699580013752,0.5694288015365601,0.4759505093097687,-0.041817061603069305,0.55836021900177,0.42258328199386597,-0.05569395050406456,0.5494117140769958,0.37398672103881836,-0.06492988765239716,0.6102697849273682,0.5541689991950989,-0.03118850290775299,0.6101893186569214,0.4732752740383148,-0.049103327095508575,0.608514130115509,0.4213106334209442,-0.06114591285586357,0.6060010194778442,0.37321099638938904,-0.06813598424196243,0.6328034996986389,0.5771130323410034,-0.04020421952009201,0.6449090838432312,0.5159862637519836,-0.05159519612789154,0.65116947889328,0.4744388163089752,-0.055082980543375015,0.6557339429855347,0.4334186911582947,-0.05695294961333275,Left,f
0.422213077545166,0.8115342855453491,4.712951096053075e-08,0.3566811680793762,0.8425033092498779,-0.03437596186995506,0.2857988476753235,0.8267213106155396,-0.058251380920410156,0.23422303795814514,0.7952835559844971,-0.08219453692436218,0.21508187055587769,0.732734203338623,-0.1017276719212532,0.26631733775138855,0.6305040717124939,-0.021685797721147537,0.20699924230575562,0.5967200994491577,-0.0643274113535881,0.2147134393453598,0.6445975303649902,-0.09633467346429825,0.23595035076141357,0.6854583024978638,-0.11217675358057022,0.2939526438713074,0.5602077841758728,-0.022473638877272606,0.24250183999538422,0.45737069845199585,-0.048450905829668045,0.21660636365413666,0.3928443193435669,-0.06589070707559586,0.1928125023841858,0.33291634917259216,-0.07752721011638641,0.3333939015865326,0.5230894684791565,-0.031719863414764404,0.29911279678344727,0.40753233432769775,-0.056989554315805435,0.2803257703781128,0.333373486995697,-0.07170185446739197,0.2638905644416809,0.2678412199020386,-0.07924691587686539,0.3801403045654297,0.5148975253105164,-0.044558435678482056,0.3721671402454376,0.4050132632255554,-0.05822765454649925,0.36960190534591675,0.33972957730293274,-0.06299290060997009,0.364615261554718,0.28223592042922974,-0.06554366648197174,Left,f
0.542833685874939,0.6853696703910828,4.437244172095234e-07,0.5267320871353149,0.6912616491317749,-0.11595672369003296,0.5713039040565491,0.6985961198806763,-0.16853643953800201,0.6515369415283203,0.7197918891906738,-0.19180162250995636,0.7249010801315308,0.7293320298194885,-0.20739245414733887,0.6536816358566284,0.5608879327774048,-0.18843749165534973,0.7829960584640503,0.5795413851737976,-0.24410380423069,0.860792338848114,0.5850253701210022,-0.2665121853351593,0.9241131544113159,0.5753680467605591,-0.2780614197254181,0.6883642077445984,0.5974130034446716,-0.13830363750457764,0.7441049218177795,0.6654495000839233,-0.196431964635849,0.6973486542701721,0.691426694393158,-0.19335053861141205,0.6614070534706116,0.6750026941299438,-0.18231534957885742,0.7089139223098755,0.6448816061019897,-0.09225580841302872,0.737740159034729,0.7176916599273682,-0.14835095405578613,0.6804326176643372,0.7244952917098999,-0.13188546895980835,0.6483914256095886,0.6999825835227966,-0.11012143641710281,0.7246651649475098,0.6865289211273193,-0.053536441177129745,0.7386836409568787,0.7418289184570312,-0.09395267069339752,0.6900014281272888,0.7432075142860413,-0.08833464980125427,0.6615225672721863,0.7214288711547852,-0.07648805528879166,Left,g
0.6340876817703247,0.7014729380607605,7.210509807009657e-07,0.6655343174934387,0.6825897097587585,-0.08734440803527832,0.7304425239562988,0.6667546033859253,-0.10892761498689651,0.7914919257164001,0.6742587685585022,-0.11159972101449966,0.846006453037262,0.6839017868041992,-0.10760542005300522,0.7726238965988159,0.5287827253341675,-0.05304759368300438,0.8452250361442566,0.5430134534835815,-0.07401059567928314,0.8980588912963867,0.5665448904037476,-0.08713609725236893,0.9410094618797302,0.5938008427619934,-0.09380301088094711,0.7732263207435608,0.578845739364624,-0.009555804543197155,0.8189880847930908,0.6581624746322632,-0.049310795962810516,0.7839840650558472,0.7136525511741638,-0.06598024070262909,0.7516649961471558,0.7311909794807434,-0.06315162032842636,0.7737677693367004,0.6353639364242554,0.02602074295282364,0.8003792762756348,0.6926937699317932,-0.01607007347047329,0.7614036202430725,0.7260745763778687,-0.030653180554509163,0.7387341260910034,0.7237327098846436,-0.025094427168369293,0.7799317240715027,0.6756173372268677,0.05612674355506897,0.7947134375572205,0.7166897058486938,0.026020962744951248,0.7667648196220398,0.73432856798172,0.013576535508036613,0.7488464713096619,0.7287296056747437,0.01481940969824791,Left,g
0.45336517691612244,0.6935906410217285,5.935218609920412e-07,0.44211119413375854,0.6832970976829529,-0.13023050129413605,0.4897724986076355,0.6929370760917664,-0.18629680573940277,0.5636259317398071,0.7264982461929321,-0.20797093212604523,0.63994961977005,0.7571737170219421,-0.22139470279216766,0.5860232710838318,0.5497373938560486,-0.2023053765296936,0.7030616998672485,0.6166625022888184,-0.26820823550224304,0.7759584188461304,0.6486562490463257,-0.30093157291412354,0.8372501730918884,0.656749427318573,-0.3180390000343323,0.6104834079742432,0.5950646996498108,-0.14125627279281616,0.6500087976455688,0.7145596146583557,-0.2029508501291275,0.5901820659637451,0.7643797397613525,-0.19930054247379303,0.5516352653503418,0.753204345703125,-0.18687880039215088,0.6243431568145752,0.6504983305931091,-0.08655095100402832,0.6390791535377502,0.7443704605102539,-0.14960576593875885,0.5760449767112732,0.7654111981391907,-0.13770194351673126,0.550535261631012,0.7385498881340027,-0.11709178239107132,0.6374212503433228,0.6953667402267456,-0.039262522011995316,0.6345468163490295,0.7582249641418457,-0.08446408063173294,0.5855085253715515,0.7749250531196594,-0.08251028507947922,0.5634297728538513,0.7534970045089722,-0.07216787338256836,Left,g
0.5124988555908203,0.7286436557769775,3.1894336416371516e-07,0.5263767838478088,0.7022165656089783,-0.07508186995983124,0.5690946578979492,0.6849086880683899,-0.0984487533569336,0.6137802600860596,0.6924957036972046,-0.10579460114240646,0.6583419442176819,0.7081152200698853,-0.10810201615095139,0.6155932545661926,0.5981717109680176,-0.07134076207876205,0.6864567995071411,0.6375030279159546,-0.10060741752386093,0.7290793657302856,0.6614549160003662,-0.11619336158037186,0.7690386176109314,0.6769283413887024,-0.12481746077537537,0.6195535063743591,0.6400159001350403,-0.03928741067647934,0.6552348732948303,0.7083069682121277,-0.08251708745956421,0.6150458455085754,0.7412809133529663,-0.09179440885782242,0.5849412679672241,0.7395066618919373,-0.08655233681201935,0.624518096446991,0.6831403970718384,-0.013661021366715431,0.6454963684082031,0.7364070415496826,-0.05700426548719406,0.6043686270713806,0.7569615244865417,-0.058316782116889954,0.5850144028663635,0.7417508363723755,-0.04655223712325096,0.630400538444519,0.7119350433349609,0.006568309850990772,0.6413456201553345,0.7534815073013306,-0.02442813105881214,0.610870361328125,0.7657250761985779,-0.028683124110102654,0.5942056775093079,0.7488139867782593,-0.023360544815659523,Left,g
0.3632235825061798,0.5192081928253174,4.022385837743059e-07,0.4130581319332123,0.537394106388092,-0.04693276435136795,0.4700542390346527,0.5686346888542175,-0.044328782707452774,0.5122267007827759,0.6097360253334045,-0.02997148223221302,0.5506526827812195,0.6399940252304077,-0.011828024871647358,0.5253602266311646,0.4955604076385498,0.012331998907029629,0.5770940184593201,0.5135788321495056,0.03505818545818329,0.6110021471977234,0.5220545530319214,0.04475713521242142,0.6391432285308838,0.5305182337760925,0.04962676018476486,0.5069448947906494,0.5161105990409851,0.046780478209257126,0.5367194414138794,0.5592202544212341,0.06194623187184334,0.5197925567626953,0.5685721635818481,0.05424166098237038,0.502141535282135,0.5578800439834595,0.052041132003068924,0.49026840925216675,0.5400310754776001,0.07717272639274597,0.513756513595581,0.5872917771339417,0.08526962995529175,0.49867430329322815,0.5899322032928467,0.06331948190927505,0.4901258647441864,0.5766754746437073,0.05173316225409508,0.48029619455337524,0.5620732307434082,0.10486747324466705,0.49738001823425293,0.5902329087257385,0.10938530415296555,0.4898027181625366,0.5964306592941284,0.09609441459178925,0.48445868492126465,0.5890664458274841,0.08872558176517487,Left,g
0.10801459848880768,0.5054068565368652,4.036476184410276e-07,0.1323367953300476,0.5291907787322998,-0.07550694793462753,0.182404562830925,0.5490057468414307,-0.08902138471603394,0.22814103960990906,0.5722941756248474,-0.08318883180618286,0.27484017610549927,0.5867969393730164,-0.06927432864904404,0.25165417790412903,0.43758633732795715,-0.05137144774198532,0.3173423111438751,0.46334129571914673,-0.06326115131378174,0.359561026096344,0.4698491394519806,-0.06948928534984589,0.3968208432197571,0.47282519936561584,-0.07161694765090942,0.24430477619171143,0.46332457661628723,-0.009468749165534973,0.2770251929759979,0.5403541922569275,-0.026838334277272224,0.24115505814552307,0.5672752857208252,-0.031937725841999054,0.21739652752876282,0.5563256740570068,-0.027021320536732674,0.2371898740530014,0.4969102144241333,0.0256327036768198,0.25961384177207947,0.5622750520706177,0.003375203348696232,0.21616718173027039,0.5713999271392822,-0.006365279201418161,0.20184272527694702,0.5501729249954224,-0.003602042328566313,0.2374064177274704,0.5185484886169434,0.05578843876719475,0.24651004374027252,0.566157341003418,0.03826943039894104,0.21861955523490906,0.5741882920265198,0.02807202935218811,0.2061152458190918,0.5541433095932007,0.027274644002318382,Left,g
0.6401216387748718,0.5886490345001221,2.0067191996986367e-07,0.6724144220352173,0.607711672782898,-0.06668739020824432,0.7154018878936768,0.642678439617157,-0.07365582138299942,0.7477500438690186,0.6919311881065369,-0.06469474732875824,0.7779027819633484,0.7238588333129883,-0.04842967912554741,0.7782958149909973,0.6011465787887573,-0.030891023576259613,0.8336490392684937,0.6284566521644592,-0.045650381594896317,0.8746857643127441,0.6411101818084717,-0.055632203817367554,0.9046337604522705,0.6520962715148926,-0.06015971675515175,0.7613030076026917,0.6264271140098572,0.0037350293714553118,0.7794703245162964,0.698911190032959,-0.02338401786983013,0.7441614866256714,0.7031161785125732,-0.03702481463551521,0.715196967124939,0.686035692691803,-0.03533251956105232,0.7443139553070068,0.6536705493927002,0.03116009570658207,0.75313401222229,0.7132863998413086,-0.0018031415529549122,0.7183027267456055,0.7025914788246155,-0.0182001031935215,0.7034832239151001,0.6806387901306152,-0.016439475119113922,0.7339264750480652,0.6678722500801086,0.054383356124162674,0.7368601560592651,0.7081363201141357,0.027651671320199966,0.7114381194114685,0.6984185576438904,0.013594887219369411,0.6979794502258301,0.6746196746826172,0.01206178218126297,Left,g
0.39914825558662415,0.5571197867393494,2.429349024168914e-07,0.42887192964553833,0.5612083077430725,-0.060367174446582794,0.4746161699295044,0.5800562500953674,-0.06855086982250214,0.5124732851982117,0.615790069103241,-0.06442639976739883,0.5490771532058716,0.6434632539749146,-0.05411803349852562,0.5347533822059631,0.519951343536377,-0.018591344356536865,0.588247537612915,0.5453585982322693,-0.03130819648504257,0.6234752535820007,0.5539712905883789,-0.04189707711338997,0.6522178649902344,0.5660126805305481,-0.04849308729171753,0.5208541750907898,0.5582922697067261,0.00962800718843937,0.5423392057418823,0.6357717514038086,-0.021691184490919113,0.504975438117981,0.6457895040512085,-0.03991396352648735,0.47604864835739136,0.6330263614654541,-0.04142102226614952,0.5067525506019592,0.5950968265533447,0.030897410586476326,0.5229651927947998,0.6587445139884949,-0.006037644576281309,0.4872439205646515,0.6597044467926025,-0.024232840165495872,0.46758103370666504,0.6400145888328552,-0.023709991946816444,0.49715739488601685,0.6192458271980286,0.048501159995794296,0.5042499899864197,0.6662108898162842,0.018708353862166405,0.4782910943031311,0.6651325225830078,0.003960727248340845,0.4617674648761749,0.6438846588134766,0.0018772517796605825,Left,g
0.2797250747680664,0.4984021484851837,2.632442033245752e-07,0.31761452555656433,0.5285251140594482,-0.1206471174955368,0.40979117155075073,0.5789191722869873,-0.14195799827575684,0.5039380788803101,0.6557775139808655,-0.1326930820941925,0.5856205821037292,0.7298964858055115,-0.11003272235393524,0.5242107510566711,0.4218086302280426,-0.08950357139110565,0.6710069179534912,0.41750645637512207,-0.1053801029920578,0.7640461921691895,0.40292197465896606,-0.11229828745126724,0.8387609124183655,0.38144809007644653,-0.11396852135658264,0.5360922813415527,0.4945141673088074,-0.02606700174510479,0.6354766488075256,0.5287857055664062,-0.03615661337971687,0.6329458355903625,0.5549280047416687,-0.0412251316010952,0.6315144300460815,0.5540724396705627,-0.04024713858962059,0.5359061360359192,0.5666275024414062,0.027192117646336555,0.5982609987258911,0.6542323231697083,-0.002099002478644252,0.5337418913841248,0.6747013330459595,-0.01657910645008087,0.4965980648994446,0.6571846008300781,-0.014835822395980358,0.5332606434822083,0.6289709806442261,0.07239152491092682,0.5821822285652161,0.6884902715682983,0.047659628093242645,0.5400831699371338,0.705045759677887,0.03770703822374344,0.507390022277832,0.6828770637512207,0.03913545608520508,Left,g
0.397041916847229,0.6159888505935669,1.34849585720076e-07,0.43008220195770264,0.6214508414268494,-0.04495818167924881,0.4706646502017975,0.6434798240661621,-0.04025835171341896,0.5037177801132202,0.6773399114608765,-0.023348793387413025,0.5339602828025818,0.6964522004127502,0.0002736303140409291,0.5261967778205872,0.5874137878417969,-0.0015049465000629425,0.5686590075492859,0.5983256697654724,-0.00505798077210784,0.5982626080513,0.6009443998336792,-0.009409144520759583,0.6237427592277527,0.6155573129653931,-0.01144410204142332,0.5129485130310059,0.6139216423034668,0.026039626449346542,0.5258525609970093,0.6824527382850647,0.010788263753056526,0.49470946192741394,0.6780626773834229,-0.0003323896380607039,0.47737935185432434,0.6604468822479248,0.0010488488478586078,0.4993007481098175,0.6448186635971069,0.04778642952442169,0.5077375173568726,0.7025426626205444,0.026005394756793976,0.4779725968837738,0.689501166343689,0.009039881639182568,0.4711094796657562,0.6712937355041504,0.007915894500911236,0.492817759513855,0.6696649789810181,0.06722172349691391,0.49177807569503784,0.7047199606895447,0.04897811636328697,0.4711448848247528,0.6960280537605286,0.035085249692201614,0.4654838740825653,0.6751369833946228,0.03197889402508736,Left,g
0.5471196174621582,0.6009308099746704,4.4690111167255964e-07,0.6031618118286133,0.5939798355102539,-0.06172248721122742,0.6654941439628601,0.623245358467102,-0.06393450498580933,0.7135738134384155,0.6715199947357178,-0.054298900067806244,0.7587814927101135,0.7063233852386475,-0.040096402168273926,0.7299760580062866,0.5531784296035767,0.014785482548177242,0.7964165806770325,0.5686455965042114,0.02701984904706478,0.8400035500526428,0.573451578617096,0.02998814731836319,0.8741269707679749,0.5878428220748901,0.031098661944270134,0.707373857498169,0.5970109701156616,0.05231110006570816,0.7438967227935791,0.655831515789032,0.045792099088430405,0.7185351848602295,0.6406707167625427,0.027794523164629936,0.6913467645645142,0.606793999671936,0.025311468169093132,0.6855656504631042,0.6398416757583618,0.08284501731395721,0.7095364332199097,0.7045490145683289,0.06717608869075775,0.6782445311546326,0.6794900298118591,0.036341868340969086,0.6590018272399902,0.6447223424911499,0.026376407593488693,0.6741310954093933,0.676535964012146,0.11029241234064102,0.6853362917900085,0.710731029510498,0.09843558818101883,0.6626251935958862,0.6906324625015259,0.07837925106287003,0.6473935842514038,0.6621447801589966,0.07047611474990845,Left,g
0.3183746337890625,0.47149983048439026,4.859135174228868e-07,0.34570974111557007,0.4825381636619568,-0.09253795444965363,0.4019320011138916,0.510237455368042,-0.11235836893320084,0.4569356143474579,0.5473217368125916,-0.1095479279756546,0.5114944577217102,0.5754439234733582,-0.09944459795951843,0.48930197954177856,0.40048983693122864,-0.06551529467105865,0.568096399307251,0.40974029898643494,-0.08374813199043274,0.6252166628837585,0.4067213535308838,-0.09423230588436127,0.6699995994567871,0.40961048007011414,-0.09795544296503067,0.48386821150779724,0.4382743239402771,-0.013329559937119484,0.5385690331459045,0.4764361083507538,-0.030489511787891388,0.5194380879402161,0.48238280415534973,-0.035365570336580276,0.5068491101264954,0.46833863854408264,-0.029969314113259315,0.47371935844421387,0.4873475432395935,0.030548302456736565,0.49484798312187195,0.5509952306747437,0.004824864212423563,0.4446259140968323,0.5543485283851624,-0.0066404216922819614,0.4256124198436737,0.5336088538169861,-0.0030158336739987135,0.46870914101600647,0.5219288468360901,0.06863502413034439,0.47897204756736755,0.568096399307251,0.0494055412709713,0.4439769983291626,0.5648378729820251,0.03952357545495033,0.4275833070278168,0.5418224334716797,0.0400182269513607,Left,g
0.3878833055496216,0.5969191193580627,1.8633380705068703e-07,0.41959133744239807,0.6339439153671265,-0.045180898159742355,0.4625203311443329,0.6680060029029846,-0.041090477257966995,0.494889497756958,0.7006551623344421,-0.023153040558099747,0.5270187258720398,0.7176702618598938,0.001118017011322081,0.516659140586853,0.6073500514030457,-0.010770422406494617,0.5605150461196899,0.6268104910850525,-0.0046285903081297874,0.5911624431610107,0.6381645798683167,-0.0033635522704571486,0.6174342632293701,0.6474658846855164,-0.0019357454730197787,0.5040777921676636,0.6150996685028076,0.021174488589167595,0.5231949090957642,0.6780686974525452,0.022205019369721413,0.497206449508667,0.688532829284668,0.015327309258282185,0.4777439832687378,0.6753213405609131,0.015269220806658268,0.49260690808296204,0.6308335661888123,0.04921015724539757,0.5061691999435425,0.6882291436195374,0.04397452622652054,0.4793672561645508,0.6911718845367432,0.026805918663740158,0.4683038592338562,0.6777293086051941,0.02111802250146866,0.4876946806907654,0.6443966627120972,0.07478414475917816,0.4953159987926483,0.6791235208511353,0.06921032816171646,0.4791580140590668,0.685868501663208,0.056650560349226,0.47216278314590454,0.6755412817001343,0.05160493403673172,Left,g
0.06916327774524689,0.6346253752708435,5.208598281569721e-07,0.0844753161072731,0.6333940029144287,-0.09091845899820328,0.13278846442699432,0.6508858799934387,-0.11947595328092575,0.1850292831659317,0.6800329685211182,-0.1289079338312149,0.23699480295181274,0.6906877756118774,-0.13165968656539917,0.20575319230556488,0.5343679785728455,-0.06940276175737381,0.28001663088798523,0.5518352389335632,-0.09393832087516785,0.33032962679862976,0.5581415295600891,-0.10642150044441223,0.3739315867424011,0.554501473903656,-0.1129394993185997,0.20778658986091614,0.576959490776062,-0.026925135403871536,0.24798864126205444,0.639062762260437,-0.06640475243330002,0.20117981731891632,0.6738502979278564,-0.07510315626859665,0.1686105728149414,0.6683329939842224,-0.06736013293266296,0.20791152119636536,0.6229825615882874,0.007134285289794207,0.23008020222187042,0.6779624223709106,-0.03425842896103859,0.1811237782239914,0.6907379627227783,-0.040630441159009933,0.16252511739730835,0.6663307547569275,-0.031133487820625305,0.21313393115997314,0.6555490493774414,0.03510269895195961,0.221565842628479,0.701032817363739,0.005211593583226204,0.18720562756061554,0.7047721147537231,-0.003833305323496461,0.172255277633667,0.6788915991783142,-0.001309548388235271,Left,g
0.6063925623893738,0.6499523520469666,2.549571718191146e-07,0.6283048391342163,0.664863646030426,-0.07937931269407272,0.6752685308456421,0.6980711817741394,-0.0999525859951973,0.7182035446166992,0.7454307675361633,-0.10386611521244049,0.760894775390625,0.7831727266311646,-0.10093245655298233,0.7466093897819519,0.648853600025177,-0.06341139227151871,0.8155390620231628,0.7044104337692261,-0.09098448604345322,0.8624343872070312,0.7280981540679932,-0.10547800362110138,0.9012504816055298,0.7471628189086914,-0.11213810741901398,0.7373559474945068,0.6875959634780884,-0.026741914451122284,0.7578484416007996,0.7786411046981812,-0.06849351525306702,0.7171414494514465,0.774867832660675,-0.0811782032251358,0.6910275220870972,0.7469649910926819,-0.07709645479917526,0.7273302674293518,0.73045414686203,0.002896247198805213,0.7372133135795593,0.8050338625907898,-0.040198493748903275,0.6950821280479431,0.7857966423034668,-0.04657793790102005,0.6789560317993164,0.7543603181838989,-0.03670569881796837,0.723615288734436,0.7600597143173218,0.027061570435762405,0.7290612459182739,0.8148579001426697,-0.0030493433587253094,0.6970015168190002,0.7962060570716858,-0.009348076768219471,0.6818169951438904,0.7662243247032166,-0.004636009689420462,Left,g
0.42302268743515015,0.5674964785575867,2.337085902581748e-07,0.43942251801490784,0.584097146987915,-0.08919563889503479,0.4823923110961914,0.6214733123779297,-0.1129387617111206,0.5248556137084961,0.6712656021118164,-0.1170673742890358,0.5680183172225952,0.707792341709137,-0.11324574053287506,0.5621021389961243,0.5522712469100952,-0.0738486647605896,0.6308491230010986,0.6023585200309753,-0.10435260087251663,0.6775544285774231,0.6220659613609314,-0.12018793821334839,0.7182652354240417,0.6378389596939087,-0.12740834057331085,0.5515871644020081,0.5967504978179932,-0.031934648752212524,0.5720725655555725,0.6823912858963013,-0.07234010100364685,0.5252043008804321,0.6851199269294739,-0.08330643177032471,0.49663862586021423,0.6622983813285828,-0.07849162817001343,0.5419384837150574,0.6437513828277588,0.0015383308054879308,0.5483930706977844,0.7073654532432556,-0.04449494183063507,0.5002228021621704,0.6962381601333618,-0.05433212220668793,0.4833480715751648,0.6705027222633362,-0.04604998603463173,0.5405736565589905,0.6805562973022461,0.029287189245224,0.5423282980918884,0.7290667295455933,-0.004556171130388975,0.5064285397529602,0.716272234916687,-0.01465611346065998,0.49004143476486206,0.6877325773239136,-0.012198824435472488,Left,g
0.3837061822414398,0.597622811794281,3.264522092649713e-07,0.4117344617843628,0.5913681983947754,-0.0751008614897728,0.465745747089386,0.607188880443573,-0.08672753721475601,0.5114754438400269,0.6374751925468445,-0.08033952862024307,0.555234432220459,0.6637038588523865,-0.06603377312421799,0.5300549268722534,0.5206750631332397,-0.041606638580560684,0.5917379856109619,0.5440192818641663,-0.06076949089765549,0.6335568428039551,0.5557057857513428,-0.07338016480207443,0.6686539649963379,0.5705609917640686,-0.07987754791975021,0.5181611776351929,0.5610082149505615,-0.002405510749667883,0.5484232902526855,0.6437248587608337,-0.03655589371919632,0.5005581378936768,0.6611238718032837,-0.049478281289339066,0.47003984451293945,0.6480278372764587,-0.045620158314704895,0.5072087645530701,0.6080918908119202,0.029053444042801857,0.5275368094444275,0.6745707988739014,-0.009110771119594574,0.4818183183670044,0.6766371130943298,-0.02149992249906063,0.4652191996574402,0.6556830406188965,-0.01621953956782818,0.5044337511062622,0.6439833045005798,0.05596008151769638,0.510189950466156,0.6905578374862671,0.025907712057232857,0.47700560092926025,0.6862209439277649,0.013474935665726662,0.4628949761390686,0.6610397696495056,0.01374083012342453,Left,g
0.4233713746070862,0.6261255741119385,1.961427500418722e-07,0.4509669840335846,0.6113104224205017,-0.04789220541715622,0.492723673582077,0.6114233732223511,-0.048422250896692276,0.527860164642334,0.6285709142684937,-0.03751787170767784,0.560498058795929,0.6350898742675781,-0.020902585238218307,0.5343269109725952,0.5553977489471436,-0.008057058788836002,0.5771271586418152,0.5678273439407349,-0.013659076765179634,0.6044853329658508,0.5699398517608643,-0.01860852539539337,0.6280496716499329,0.5786386728286743,-0.020746275782585144,0.5262836217880249,0.5866655111312866,0.018443074077367783,0.550787091255188,0.6394940614700317,-0.0004812692350242287,0.5200916528701782,0.656090497970581,-0.013622839003801346,0.4960985481739044,0.6557402014732361,-0.013795861043035984,0.5210964679718018,0.6209381818771362,0.03916694223880768,0.53971928358078,0.6629377007484436,0.013699110597372055,0.5081748962402344,0.6688634753227234,-0.004211429972201586,0.4923158288002014,0.6612176895141602,-0.0058496263809502125,0.5214906930923462,0.6485478281974792,0.057498686015605927,0.5364254713058472,0.6742419600486755,0.03728298470377922,0.5138493776321411,0.6761269569396973,0.023819182068109512,0.4994300603866577,0.6658740043640137,0.020686078816652298,Left,g
0.5131001472473145,0.5732771754264832,3.002700168508454e-07,0.5489303469657898,0.602138102054596,-0.06362731009721756,0.5994845628738403,0.6325744390487671,-0.06082134321331978,0.6393702626228333,0.6579861640930176,-0.038503654301166534,0.677466630935669,0.6737138628959656,-0.009469850920140743,0.6578305959701538,0.5582531690597534,-0.03050151653587818,0.7160810828208923,0.5828991532325745,-0.027087178081274033,0.7538874745368958,0.5913465023040771,-0.02579028159379959,0.783786416053772,0.5980378985404968,-0.02325291745364666,0.650122344493866,0.573905348777771,0.01222715713083744,0.7102886438369751,0.595420241355896,0.02591298148036003,0.7426541447639465,0.6154406666755676,0.027906548231840134,0.7676708698272705,0.623933732509613,0.02839353121817112,0.6366876363754272,0.5919666290283203,0.048113979399204254,0.6621904373168945,0.6442219018936157,0.04371628165245056,0.6323165893554688,0.6659294962882996,0.02287192828953266,0.6141483187675476,0.6661554574966431,0.013171418569982052,0.626815140247345,0.6034495830535889,0.0801396444439888,0.6406980752944946,0.6429839134216309,0.06472170352935791,0.6215470433235168,0.6573707461357117,0.042415108531713486,0.6072142124176025,0.6491988897323608,0.03014644794166088,Left,g
0.4351128935813904,0.5234464406967163,1.7448407163556112e-07,0.4638347625732422,0.5338649153709412,-0.08415386080741882,0.5255401730537415,0.5574713349342346,-0.09029510617256165,0.5773999094963074,0.5902087688446045,-0.07469324767589569,0.6294230818748474,0.5983618497848511,-0.04926031455397606,0.6052888631820679,0.46526390314102173,-0.0488114133477211,0.6815272569656372,0.47535258531570435,-0.06444686651229858,0.7335013151168823,0.462939590215683,-0.07326850295066833,0.7729964256286621,0.45334285497665405,-0.07619743049144745,0.5946134328842163,0.50579434633255,-0.002148951403796673,0.6304508447647095,0.5743895769119263,-0.02774450182914734,0.5858047008514404,0.5930882096290588,-0.03731686994433403,0.5530787110328674,0.5844916105270386,-0.03274626284837723,0.5839539170265198,0.5490351319313049,0.03582474961876869,0.6078068017959595,0.6152193546295166,0.0028759874403476715,0.5606785416603088,0.6171141266822815,-0.012820870615541935,0.542843222618103,0.5969022512435913,-0.010354431346058846,0.5808274745941162,0.5825883150100708,0.06841357052326202,0.5987897515296936,0.627915620803833,0.04141603410243988,0.5688725709915161,0.6276113390922546,0.026682952418923378,0.5546801090240479,0.6047709584236145,0.02449413575232029,Left,g
0.4214676022529602,0.6497551798820496,7.723663202341413e-07,0.43355467915534973,0.5889173150062561,-0.07821928709745407,0.4735354781150818,0.5602559447288513,-0.10937494039535522,0.521979808807373,0.5747159123420715,-0.1257075071334839,0.572658360004425,0.5903586745262146,-0.1365741789340973,0.530902624130249,0.4696640372276306,-0.08869752287864685,0.5924725532531738,0.489338755607605,-0.13300785422325134,0.6337491869926453,0.5046116709709167,-0.16287340223789215,0.6755504012107849,0.5139898061752319,-0.18168163299560547,0.5429739356040955,0.5323895215988159,-0.06509023159742355,0.6136437654495239,0.5401405692100525,-0.11058785021305084,0.660429060459137,0.5617386698722839,-0.13311347365379333,0.7044777870178223,0.5723394155502319,-0.1444055289030075,0.5448163151741028,0.5950660109519958,-0.04784611240029335,0.5703076720237732,0.6255091428756714,-0.1036587804555893,0.5181998014450073,0.6352704763412476,-0.1089581623673439,0.4891147315502167,0.6293989419937134,-0.0985487848520279,0.5421313643455505,0.6480867266654968,-0.036652691662311554,0.5511370301246643,0.6654043793678284,-0.08250375837087631,0.511398434638977,0.664729654788971,-0.0881962776184082,0.4857395589351654,0.6557177305221558,-0.0825200229883194,Left,h
0.4863363206386566,0.6227072477340698,7.975915536917455e-07,0.5225545167922974,0.5596422553062439,-0.09506572037935257,0.584145724773407,0.5338894724845886,-0.10934701561927795,0.64580237865448,0.5524283051490784,-0.10202688723802567,0.7100400924682617,0.5637073516845703,-0.08515046536922455,0.6480199694633484,0.41059333086013794,-0.06991768628358841,0.7360213398933411,0.4480777978897095,-0.10451248288154602,0.7921085953712463,0.4628170132637024,-0.1274319887161255,0.8467071056365967,0.4694204032421112,-0.13913890719413757,0.6505277752876282,0.48539093136787415,-0.03156333416700363,0.7543001174926758,0.49432483315467834,-0.06534749269485474,0.8202743530273438,0.5186127424240112,-0.08690012246370316,0.8792566061019897,0.5231004953384399,-0.09554598480463028,0.6473832726478577,0.5621327757835388,-0.003579916199669242,0.690729022026062,0.5888564586639404,-0.06128625199198723,0.6274034976959229,0.6120688915252686,-0.08046260476112366,0.5993536114692688,0.6106953024864197,-0.07426635921001434,0.6468747854232788,0.6249460577964783,0.017911309376358986,0.673147976398468,0.6462247371673584,-0.03086046688258648,0.6278142333030701,0.651495635509491,-0.04419087618589401,0.5997199416160583,0.6366047263145447,-0.04128626361489296,Left,h
0.4427413046360016,0.6156558990478516,5.840348649144289e-07,0.46507325768470764,0.5921335816383362,-0.05502242222428322,0.5008844137191772,0.5778903365135193,-0.06303146481513977,0.5379982590675354,0.5823862552642822,-0.05717169865965843,0.572312593460083,0.5843780040740967,-0.045823149383068085,0.5308157801628113,0.49169111251831055,-0.041666559875011444,0.5849753022193909,0.5184268355369568,-0.05801140144467354,0.6184120774269104,0.5276097059249878,-0.06930161267518997,0.6489831805229187,0.5314376950263977,-0.07469133287668228,0.537058413028717,0.5296582579612732,-0.01534302905201912,0.5929886698722839,0.5434658527374268,-0.030906224623322487,0.6310875415802002,0.5609046220779419,-0.04096836596727371,0.6628390550613403,0.5686546564102173,-0.04470245912671089,0.5398104786872864,0.5669794082641602,0.005703952629119158,0.5637994408607483,0.5986652970314026,-0.022208863869309425,0.5334339737892151,0.621451735496521,-0.03297993168234825,0.5136381983757019,0.6232605576515198,-0.030067257583141327,0.5410424470901489,0.594149112701416,0.023055506870150566,0.5529096126556396,0.6188387870788574,-0.002314107958227396,0.5309979915618896,0.6321232914924622,-0.01148380059748888,0.5135461091995239,0.6259630918502808,-0.01088146585971117,Left,h
0.25561726093292236,0.6039474010467529,8.727471367819817e-07,0.26599594950675964,0.5537053346633911,-0.10660412162542343,0.31733861565589905,0.5431911945343018,-0.13689900934696198,0.3822157084941864,0.5621511936187744,-0.13667136430740356,0.4454101622104645,0.5779784917831421,-0.12308737635612488,0.38437315821647644,0.4418371021747589,-0.1500857174396515,0.4566943943500519,0.46605628728866577,-0.216038316488266,0.5115535259246826,0.47738736867904663,-0.25836652517318726,0.5687935948371887,0.4791693389415741,-0.28567084670066833,0.39889976382255554,0.5044062733650208,-0.10262223333120346,0.4818190634250641,0.5222710371017456,-0.1731756180524826,0.5402016639709473,0.5372867584228516,-0.20829971134662628,0.5987675189971924,0.5360220670700073,-0.2288486510515213,0.4025782644748688,0.572573184967041,-0.05936702340841293,0.41273704171180725,0.6285229325294495,-0.113807313144207,0.3477329611778259,0.6244150996208191,-0.10143040865659714,0.32716792821884155,0.6053035259246826,-0.08127142488956451,0.40472277998924255,0.6315814852714539,-0.025785693898797035,0.3952215015888214,0.6648208498954773,-0.07093673199415207,0.34983253479003906,0.6653044819831848,-0.0740639790892601,0.33971357345581055,0.6412999629974365,-0.06676574051380157,Left,h
0.5160295367240906,0.6395966410636902,7.390904670501186e-07,0.5398737192153931,0.5977768898010254,-0.0734771117568016,0.5840120315551758,0.6019079685211182,-0.0944969430565834,0.6247246265411377,0.6398868560791016,-0.09835726767778397,0.6666942238807678,0.6760265231132507,-0.09596153348684311,0.6354404091835022,0.5407023429870605,-0.0791807770729065,0.6845390796661377,0.6044883728027344,-0.11772137135267258,0.7210372090339661,0.6410552859306335,-0.14460137486457825,0.7580815553665161,0.66595458984375,-0.16065309941768646,0.6349164843559265,0.5992622375488281,-0.05047070235013962,0.6995521783828735,0.6568178534507751,-0.08734948933124542,0.7347606420516968,0.7050182819366455,-0.1057099923491478,0.7691635489463806,0.7355515360832214,-0.11424921452999115,0.6293781995773315,0.6530858278274536,-0.027606656774878502,0.6457517147064209,0.6937648057937622,-0.07096315175294876,0.5979824066162109,0.6828539967536926,-0.07234873622655869,0.5783908367156982,0.6670036315917969,-0.060883764177560806,0.6246117949485779,0.6949129104614258,-0.010450031608343124,0.6313164830207825,0.7178149223327637,-0.04319840297102928,0.5974941849708557,0.7053381204605103,-0.044459231197834015,0.5812849402427673,0.6874749064445496,-0.03739405795931816,Left,h
0.42575544118881226,0.638396680355072,7.334123779401125e-07,0.43736177682876587,0.5863072872161865,-0.09250252693891525,0.48985379934310913,0.5721466541290283,-0.11879810690879822,0.5580392479896545,0.5939028859138489,-0.117461659014225,0.6161966323852539,0.6157394051551819,-0.10449685901403427,0.5491149425506592,0.5022156834602356,-0.13321954011917114,0.6256835460662842,0.5176833271980286,-0.18648461997509003,0.6792371869087219,0.5252844095230103,-0.22199706733226776,0.7330950498580933,0.5305789709091187,-0.24637818336486816,0.5587196350097656,0.5567817091941833,-0.08751549571752548,0.634082555770874,0.570065438747406,-0.14294405281543732,0.6854903697967529,0.5785723328590393,-0.17280903458595276,0.7332571744918823,0.5786408185958862,-0.1924402266740799,0.5603979229927063,0.615698516368866,-0.04420163109898567,0.5851275324821472,0.6566764116287231,-0.08519520610570908,0.5262354016304016,0.643208920955658,-0.07383374869823456,0.500593900680542,0.6255027055740356,-0.05810137465596199,0.5633888840675354,0.6705988049507141,-0.00904641393572092,0.5664096474647522,0.6872596740722656,-0.04800558090209961,0.5232964158058167,0.68437659740448,-0.05276666209101677,0.5084243416786194,0.6684280633926392,-0.048075247555971146,Left,h
0.39015793800354004,0.6627450585365295,4.783111080541858e-07,0.4130992889404297,0.6275588870048523,-0.05564426630735397,0.45031678676605225,0.6080105304718018,-0.0571502223610878,0.48451170325279236,0.6049714088439941,-0.04246297478675842,0.5151903033256531,0.5962771773338318,-0.020967649295926094,0.4635218679904938,0.5160842537879944,-0.03901496157050133,0.5146415829658508,0.5323265790939331,-0.05709968879818916,0.5471048951148987,0.5349287986755371,-0.07030665874481201,0.5767439603805542,0.5311618447303772,-0.07658015936613083,0.4683689773082733,0.5518152713775635,-0.009386398829519749,0.5239948034286499,0.5515891313552856,-0.02396426908671856,0.559766411781311,0.5621262788772583,-0.03327987343072891,0.5913642644882202,0.559235155582428,-0.0369076170027256,0.474039763212204,0.5873034000396729,0.013880109414458275,0.5032668113708496,0.6096004247665405,-0.013671834953129292,0.47238266468048096,0.6401678919792175,-0.025683164596557617,0.4562492072582245,0.6439112424850464,-0.023834360763430595,0.47988161444664,0.6132590174674988,0.03344941511750221,0.49506762623786926,0.6321790814399719,0.006833383347839117,0.47353360056877136,0.6503638625144958,-0.005933092441409826,0.4571954905986786,0.6462087631225586,-0.008298787288367748,Left,h
0.4343058466911316,0.6192618012428284,8.715032890904695e-07,0.44741126894950867,0.5766976475715637,-0.13140642642974854,0.5169551968574524,0.5691314339637756,-0.1735798716545105,0.5908254384994507,0.5758926272392273,-0.18179550766944885,0.6599162817001343,0.6029292345046997,-0.17729823291301727,0.582896888256073,0.4418737292289734,-0.17547006905078888,0.688264787197113,0.4862227141857147,-0.23451189696788788,0.752518892288208,0.49815958738327026,-0.26597723364830017,0.8137372136116028,0.494929701089859,-0.28274962306022644,0.5920022130012512,0.5031903386116028,-0.11464458703994751,0.712681770324707,0.520328938961029,-0.17686593532562256,0.7868319153785706,0.534722089767456,-0.20577093958854675,0.8493379354476929,0.5223532915115356,-0.2202024757862091,0.5966688394546509,0.5717004537582397,-0.05905112996697426,0.6260146498680115,0.6208139061927795,-0.11978549510240555,0.5566774606704712,0.6416609287261963,-0.12250008434057236,0.5276389718055725,0.6340594291687012,-0.10786723345518112,0.6073945760726929,0.633808434009552,-0.013127995654940605,0.6120869517326355,0.6636710166931152,-0.06071155518293381,0.5540439486503601,0.6786192655563354,-0.06956952065229416,0.5264471173286438,0.6672353148460388,-0.06481346487998962,Left,h
0.3169064223766327,0.7464349269866943,1.2865475582657382e-06,0.3535413444042206,0.7452674508094788,-0.13978488743305206,0.43854668736457825,0.7386014461517334,-0.16993071138858795,0.5185540318489075,0.726197361946106,-0.16195902228355408,0.595271110534668,0.6998347043991089,-0.14093081653118134,0.4888851046562195,0.5198315382003784,-0.15582166612148285,0.6177190542221069,0.588636577129364,-0.20357239246368408,0.6989755034446716,0.6189712285995483,-0.23018158972263336,0.7748240232467651,0.6282984018325806,-0.24268364906311035,0.4997670352458954,0.5813015103340149,-0.08414718508720398,0.6353670358657837,0.6069530844688416,-0.1247641071677208,0.7207701206207275,0.6419278979301453,-0.1425817459821701,0.8011220693588257,0.6332346200942993,-0.14961937069892883,0.5106070637702942,0.6499125957489014,-0.021324964240193367,0.5608973503112793,0.7189668416976929,-0.07197250425815582,0.4921572208404541,0.7648202180862427,-0.08156424760818481,0.45746272802352905,0.7489931583404541,-0.07028466463088989,0.5258409380912781,0.6991140246391296,0.030956298112869263,0.5428523421287537,0.7541025280952454,-0.012804441154003143,0.4941595792770386,0.7840835452079773,-0.027757767587900162,0.4617002010345459,0.7615724802017212,-0.026011761277914047,Left,h
0.5291416645050049,0.7104867100715637,8.647347726764565e-07,0.5842213034629822,0.7363451719284058,-0.1179426982998848,0.6642268896102905,0.7322555780410767,-0.13053403794765472,0.7281224131584167,0.7194530963897705,-0.10425199568271637,0.7844647765159607,0.6911531090736389,-0.06453053653240204,0.7089370489120483,0.5282831192016602,-0.1296415776014328,0.8210954666137695,0.596481204032898,-0.1628892868757248,0.8940846920013428,0.6221513748168945,-0.18846820294857025,0.9572362303733826,0.6365067362785339,-0.20243749022483826,0.7023206949234009,0.5605559945106506,-0.056860871613025665,0.8172515034675598,0.6089338660240173,-0.06143537536263466,0.8676636219024658,0.6607363224029541,-0.06416589766740799,0.9152346849441528,0.6786205768585205,-0.06914051622152328,0.7023259401321411,0.6032613515853882,0.007335193455219269,0.7511005401611328,0.6842765808105469,-0.00676180562004447,0.6936291456222534,0.7318784594535828,-0.014943776652216911,0.6657142639160156,0.7288827896118164,-0.01457155030220747,0.7077546119689941,0.6306473612785339,0.06193187087774277,0.7255589962005615,0.6886729598045349,0.04266434162855148,0.6883329153060913,0.7257509827613831,0.02662249654531479,0.6609935760498047,0.7144384384155273,0.0202073622494936,Left,h
0.36068373918533325,0.6794978976249695,6.741254878761538e-07,0.38485199213027954,0.6480833292007446,-0.07886902242898941,0.4331439733505249,0.6399869322776794,-0.09161949157714844,0.4829665720462799,0.6510993838310242,-0.0829237848520279,0.5314434766769409,0.6545149683952332,-0.06631259620189667,0.47161275148391724,0.5264824032783508,-0.07265869528055191,0.5357803702354431,0.5810863971710205,-0.10132407397031784,0.5795773863792419,0.6093056797981262,-0.12159483134746552,0.6216880679130554,0.6264017820358276,-0.13224627077579498,0.4778861403465271,0.585410475730896,-0.03341116011142731,0.5553926229476929,0.6113933324813843,-0.053557220846414566,0.6005479097366333,0.6339054703712463,-0.0627230778336525,0.6418747901916504,0.6357805728912354,-0.06607676297426224,0.4826345145702362,0.6420068144798279,-0.0015235614264383912,0.517558217048645,0.6734305620193481,-0.034071944653987885,0.4733034670352936,0.6904668211936951,-0.04168619215488434,0.4498201310634613,0.6824453473091125,-0.035157423466444016,0.48782333731651306,0.6844467520713806,0.0245704036206007,0.5060967206954956,0.7061864733695984,-0.003594946349039674,0.4758298397064209,0.7110604047775269,-0.012219349853694439,0.45584121346473694,0.6958422064781189,-0.010640365071594715,Left,h
0.4138200879096985,0.6439080238342285,9.024262226375868e-07,0.44541996717453003,0.6463614702224731,-0.14112597703933716,0.5165485143661499,0.6500880718231201,-0.1757214218378067,0.5908148288726807,0.6638614535331726,-0.16816972196102142,0.6667221188545227,0.6530451774597168,-0.1447780877351761,0.5860404968261719,0.4539438486099243,-0.19029994308948517,0.6939863562583923,0.5200322270393372,-0.25719785690307617,0.7686508893966675,0.5465413331985474,-0.3016328513622284,0.8452764749526978,0.5585913062095642,-0.3293420076370239,0.5959838628768921,0.5269010066986084,-0.12034571915864944,0.7229695916175842,0.5323006510734558,-0.18286456167697906,0.8059077262878418,0.548484206199646,-0.21757474541664124,0.8894096612930298,0.5391122698783875,-0.24004365503787994,0.6017035245895386,0.6036909818649292,-0.05619044601917267,0.6334494948387146,0.6646512746810913,-0.11592540889978409,0.5546663999557495,0.6897217631340027,-0.12216515094041824,0.5246281027793884,0.6745957136154175,-0.11213456839323044,0.612151563167572,0.6677559018135071,-0.0028032739646732807,0.6138346791267395,0.7119176983833313,-0.0573645755648613,0.5544437170028687,0.7280671000480652,-0.0735422819852829,0.529215931892395,0.6972785592079163,-0.07395809888839722,Left,h
0.30238741636276245,0.7073115706443787,8.706313110451447e-07,0.3202936053276062,0.6951946020126343,-0.12402482330799103,0.3795587718486786,0.6914986371994019,-0.1541435867547989,0.44748830795288086,0.6996492147445679,-0.1502818912267685,0.515581488609314,0.6728671789169312,-0.13492068648338318,0.44413065910339355,0.5257559418678284,-0.15172278881072998,0.5355096459388733,0.5597455501556396,-0.2002154290676117,0.5957644581794739,0.5654625296592712,-0.22838890552520752,0.6535240411758423,0.5601909160614014,-0.2437048852443695,0.4571702182292938,0.5815644264221191,-0.09349741041660309,0.565540075302124,0.5766257643699646,-0.14333127439022064,0.6369622945785522,0.5874227285385132,-0.1690736711025238,0.6985328197479248,0.580473005771637,-0.1828984022140503,0.4638826847076416,0.6445868015289307,-0.04172677919268608,0.4967062771320343,0.696446418762207,-0.1018160805106163,0.4383156895637512,0.7360889315605164,-0.11795327067375183,0.4075179696083069,0.7383742332458496,-0.11287801712751389,0.47168391942977905,0.697100043296814,0.001650104415602982,0.48398682475090027,0.7379911541938782,-0.05376649275422096,0.4389129877090454,0.7677485346794128,-0.07401211559772491,0.40981847047805786,0.7590590715408325,-0.07694949954748154,Left,h
0.5018383264541626,0.7126547694206238,1.1199923619642504e-06,0.5431774258613586,0.732923686504364,-0.10932917147874832,0.6149367094039917,0.7260611057281494,-0.12787391245365143,0.6763925552368164,0.7170723676681519,-0.11216291040182114,0.7331700325012207,0.6868846416473389,-0.08372163772583008,0.6469867825508118,0.5346763134002686,-0.12766174972057343,0.7457717657089233,0.5802099108695984,-0.1655275970697403,0.8132587671279907,0.605633020401001,-0.19037340581417084,0.873933732509613,0.6231827735900879,-0.203497976064682,0.6466532349586487,0.567846417427063,-0.06686056405305862,0.751686155796051,0.603456437587738,-0.09404265135526657,0.8129692077636719,0.652747631072998,-0.10762327909469604,0.8704769611358643,0.6713387370109558,-0.11568189412355423,0.6508044004440308,0.6140806078910828,-0.012300044298171997,0.6962229013442993,0.6831311583518982,-0.0456080362200737,0.6379031538963318,0.721355676651001,-0.04921146109700203,0.6092314124107361,0.7109277844429016,-0.040652744472026825,0.6586862206459045,0.6449987292289734,0.033773090690374374,0.6730325818061829,0.6987252235412598,0.0024770600721240044,0.6324694156646729,0.7207057476043701,-0.008137961849570274,0.6089710593223572,0.6990912556648254,-0.00752392178401351,Left,h
0.3123111128807068,0.7274823784828186,6.913072070346971e-07,0.33033841848373413,0.7094588875770569,-0.1286475509405136,0.4067186117172241,0.6970391273498535,-0.15708941221237183,0.4826270043849945,0.6937924027442932,-0.14727066457271576,0.5468043684959412,0.7079628109931946,-0.12369070202112198,0.44979920983314514,0.5490109920501709,-0.17728455364704132,0.571453332901001,0.6001561284065247,-0.22314082086086273,0.6401876211166382,0.6087184548377991,-0.24034105241298676,0.7031434178352356,0.5990849733352661,-0.24712930619716644,0.47209370136260986,0.5980340242385864,-0.1113719791173935,0.595660924911499,0.6095259785652161,-0.16140618920326233,0.6738148927688599,0.6058619022369385,-0.17996276915073395,0.7393151521682739,0.5794183611869812,-0.18828323483467102,0.49125024676322937,0.6526494026184082,-0.0498836524784565,0.5383070111274719,0.6660338044166565,-0.10100480914115906,0.4651687741279602,0.6734632253646851,-0.1047123447060585,0.42974749207496643,0.6630438566207886,-0.09240066260099411,0.510923445224762,0.7050715088844299,0.002223742427304387,0.5183020234107971,0.6995905637741089,-0.040741465985774994,0.46410560607910156,0.7032017707824707,-0.05502934381365776,0.4347022473812103,0.6832067966461182,-0.0553324855864048,Left,h
0.3201238811016083,0.6340641975402832,4.248253731020668e-07,0.34855759143829346,0.647625744342804,-0.07142087072134018,0.4025922417640686,0.6310664415359497,-0.07781524211168289,0.44658318161964417,0.6164944767951965,-0.06054501608014107,0.47941312193870544,0.5894578099250793,-0.035344455391168594,0.417386919260025,0.5023474097251892,-0.07923507690429688,0.4832410514354706,0.5086160898208618,-0.09896161407232285,0.5241628885269165,0.5032330751419067,-0.11435860395431519,0.5608429312705994,0.487223744392395,-0.12327013909816742,0.42311739921569824,0.5143312215805054,-0.0373513363301754,0.498836874961853,0.4931504428386688,-0.04333742707967758,0.5432404279708862,0.4901503324508667,-0.04709629714488983,0.583483874797821,0.47386258840560913,-0.05115078389644623,0.42694592475891113,0.5324157476425171,-0.00023583621077705175,0.47233691811561584,0.5585212111473083,-0.012939810752868652,0.4386473596096039,0.5985100269317627,-0.018701788038015366,0.4187910854816437,0.605805516242981,-0.01783016137778759,0.4294845461845398,0.5473030209541321,0.031312327831983566,0.45189371705055237,0.5714637637138367,0.01372959278523922,0.4293676018714905,0.5962887406349182,0.002447128761559725,0.4116491675376892,0.5909073352813721,-0.0016320438589900732,Left,h
0.25509631633758545,0.65337735414505,4.0976203763420926e-07,0.2501455545425415,0.631096363067627,-0.11990176141262054,0.3071156144142151,0.64018714427948,-0.15565147995948792,0.38356882333755493,0.6704331636428833,-0.162056103348732,0.45595917105674744,0.6738933324813843,-0.15981219708919525,0.3996807932853699,0.5111644268035889,-0.14557737112045288,0.4969784617424011,0.5001034140586853,-0.18772228062152863,0.5474169254302979,0.4813339412212372,-0.20420072972774506,0.5950866937637329,0.4526950716972351,-0.21034280955791473,0.4296139180660248,0.5674856305122375,-0.09486311674118042,0.5322449803352356,0.5417372584342957,-0.13936516642570496,0.5881296992301941,0.5251394510269165,-0.15518583357334137,0.6374115943908691,0.4956049621105194,-0.15917877852916718,0.4386846423149109,0.6296308040618896,-0.05096729099750519,0.45423877239227295,0.6249532103538513,-0.10575727373361588,0.38536977767944336,0.6292433738708496,-0.11466590315103531,0.35559746623039246,0.6291924715042114,-0.10546177625656128,0.44042205810546875,0.6842471957206726,-0.015260153450071812,0.4365464448928833,0.6660478711128235,-0.06122683361172676,0.3845275640487671,0.6661946773529053,-0.07301383465528488,0.3591170012950897,0.661505401134491,-0.07111670076847076,Left,h
0.5625647306442261,0.6782955527305603,8.819170034257695e-07,0.5985119342803955,0.725534200668335,-0.0904548317193985,0.6643916964530945,0.7262364625930786,-0.09352709352970123,0.7159249186515808,0.723851203918457,-0.06383773684501648,0.7507573366165161,0.6974589228630066,-0.02211853861808777,0.6968570351600647,0.5372069478034973,-0.10265989601612091,0.7874670028686523,0.5630998611450195,-0.1317703127861023,0.8537429571151733,0.5744955539703369,-0.15586026012897491,0.9073542356491089,0.5775355696678162,-0.17021743953227997,0.6989679932594299,0.550466775894165,-0.0452459454536438,0.7989810109138489,0.5568068623542786,-0.056835852563381195,0.8595640063285828,0.5837145447731018,-0.06493621319532394,0.9162589907646179,0.5887735486030579,-0.07116664201021194,0.7018886804580688,0.5765665769577026,0.0065817381255328655,0.7449614405632019,0.6471596956253052,-0.011627945117652416,0.6950839161872864,0.6921334266662598,-0.017914485186338425,0.6708177924156189,0.6870531439781189,-0.01465148851275444,0.7054099440574646,0.5904661417007446,0.05149281769990921,0.7193564176559448,0.6462529897689819,0.02141241542994976,0.6844872236251831,0.6741675138473511,0.0033800043165683746,0.6637046337127686,0.6580650210380554,-0.002131131710484624,Left,h
0.617855429649353,0.6437840461730957,4.486534805892006e-07,0.64713454246521,0.6586800217628479,-0.06221188232302666,0.6896625757217407,0.6688146591186523,-0.07323210686445236,0.7256487011909485,0.6869426369667053,-0.06844200938940048,0.7606818079948425,0.7020500302314758,-0.0575922466814518,0.7185426354408264,0.5728275179862976,-0.05845852941274643,0.7820985317230225,0.5999972224235535,-0.07716284692287445,0.8232306838035583,0.609153151512146,-0.08711519837379456,0.8586685657501221,0.611863911151886,-0.09082011133432388,0.7238003015518188,0.5923249125480652,-0.028033873066306114,0.7908900380134583,0.5997673869132996,-0.04153727367520332,0.8366023898124695,0.6086435914039612,-0.04585156589746475,0.874850869178772,0.6087367534637451,-0.04582755267620087,0.7234671115875244,0.6180531978607178,-0.0032724416814744473,0.7585363388061523,0.6636473536491394,-0.02711765468120575,0.7282257676124573,0.6857839822769165,-0.03559856489300728,0.7110735177993774,0.6838775873184204,-0.03197174146771431,0.7217074036598206,0.6403196454048157,0.016850123181939125,0.7392657995223999,0.6774342060089111,-0.004510834813117981,0.7201370000839233,0.6871009469032288,-0.014416142366826534,0.7065085768699646,0.6741410493850708,-0.015352546237409115,Left,h
0.6249775886535645,0.607032060623169,4.896685368294129e-07,0.65238356590271,0.5979278087615967,-0.05696599557995796,0.6922466158866882,0.5909106135368347,-0.06575004756450653,0.7315830588340759,0.6009289026260376,-0.06086116284132004,0.7650303840637207,0.6008431315422058,-0.05123377591371536,0.7243407964706421,0.49422773718833923,-0.04029295593500137,0.781644880771637,0.49995532631874084,-0.056962549686431885,0.8197602033615112,0.49842706322669983,-0.06984546035528183,0.851533055305481,0.49339526891708374,-0.07657893747091293,0.7277801036834717,0.5282883644104004,-0.01287711039185524,0.7844034433364868,0.5257696509361267,-0.02771843783557415,0.8187323212623596,0.5333056449890137,-0.03872561454772949,0.8461689352989197,0.5315707325935364,-0.042721785604953766,0.7268264293670654,0.5631309151649475,0.009011531248688698,0.7570211291313171,0.5878357887268066,-0.016422320157289505,0.7350162863731384,0.6189253330230713,-0.029651980847120285,0.7181894779205322,0.6252453923225403,-0.029174694791436195,0.7231448292732239,0.5844528675079346,0.026927152648568153,0.7411743402481079,0.6105847954750061,0.0029098326340317726,0.7252986431121826,0.6295368671417236,-0.008215926587581635,0.708728015422821,0.6279081702232361,-0.009103448130190372,Left,h
0.6164996027946472,0.5996484756469727,3.119946541119134e-07,0.629610002040863,0.6465904712677002,-0.06098107993602753,0.6745777130126953,0.6830765604972839,-0.07006582617759705,0.7146844863891602,0.7085921168327332,-0.05931911617517471,0.7485518455505371,0.7366421222686768,-0.04177551344037056,0.7212467789649963,0.6177067756652832,-0.0782371312379837,0.785654604434967,0.674784779548645,-0.09001719951629639,0.8249154090881348,0.697952151298523,-0.09346230328083038,0.8582209348678589,0.7080807685852051,-0.09327726811170578,0.7273317575454712,0.6124367117881775,-0.04010516405105591,0.7957676649093628,0.6630920767784119,-0.04402925446629524,0.8308581113815308,0.6908326148986816,-0.04095591977238655,0.8575683236122131,0.7010766267776489,-0.03867349028587341,0.7274332642555237,0.6191765666007996,-0.004206710495054722,0.7723997831344604,0.6748862862586975,-0.007358114700764418,0.7624161243438721,0.6987428665161133,-0.009603176265954971,0.7556905746459961,0.7064907550811768,-0.00919895526021719,0.724094033241272,0.6238464713096619,0.026913562789559364,0.7471620440483093,0.6609580516815186,0.022238565608859062,0.7409782409667969,0.6897001266479492,0.015518617816269398,0.7330663204193115,0.6970264911651611,0.012541231699287891,Left,h
0.4968794584274292,0.8534349799156189,-7.157544246183534e-07,0.4329107403755188,0.8037080764770508,-0.0357104130089283,0.38296017050743103,0.6452061533927917,-0.0548323318362236,0.40007835626602173,0.5144047737121582,-0.07490735501050949,0.46157848834991455,0.4941582679748535,-0.08527813106775284,0.40054798126220703,0.48813894391059875,-0.014955858699977398,0.39330267906188965,0.3753815293312073,-0.05343520641326904,0.39965367317199707,0.48351675271987915,-0.07243431359529495,0.4129703640937805,0.52060866355896,-0.08172495663166046,0.44927510619163513,0.47412392497062683,-0.014007898978888988,0.4428795576095581,0.35731935501098633,-0.056436628103256226,0.44302260875701904,0.4790216386318207,-0.06395553052425385,0.4468119144439697,0.5123494267463684,-0.06045893207192421,0.4947719871997833,0.48070991039276123,-0.02098461613059044,0.49372050166130066,0.3543211817741394,-0.05772680044174194,0.4851089119911194,0.4622930586338043,-0.04969639703631401,0.48079225420951843,0.5254451036453247,-0.03480793163180351,0.5420461893081665,0.4983067810535431,-0.03234880417585373,0.5461514592170715,0.3649296760559082,-0.05061331018805504,0.5505845546722412,0.2864026427268982,-0.05362124741077423,0.5522695183753967,0.20170748233795166,-0.05289935693144798,Left,i
0.5539931654930115,0.6726016998291016,-3.082760144934582e-07,0.5271964073181152,0.6225869059562683,-0.01687033660709858,0.5184297561645508,0.5536149144172668,-0.026856020092964172,0.5344502925872803,0.4945492446422577,-0.038241907954216,0.561336100101471,0.4750852584838867,-0.04646337777376175,0.5317611694335938,0.48648786544799805,0.002085415879264474,0.5401788949966431,0.426204651594162,-0.01687292382121086,0.5397723913192749,0.46409425139427185,-0.029970817267894745,0.5386152863502502,0.49765127897262573,-0.03514552116394043,0.5547380447387695,0.4898955225944519,0.0025939824990928173,0.5652323961257935,0.42404451966285706,-0.01912493258714676,0.5604947805404663,0.4744458794593811,-0.032051701098680496,0.5545852780342102,0.5087867379188538,-0.03568559139966965,0.5764461755752563,0.4974946081638336,-0.0006852085352875292,0.5873900055885315,0.43753865361213684,-0.019683977589011192,0.5770000219345093,0.4832631051540375,-0.024794703349471092,0.5658013820648193,0.5212478041648865,-0.02229999378323555,0.5970421433448792,0.5132306814193726,-0.005666499957442284,0.6063918471336365,0.4504987597465515,-0.011875511147081852,0.6146676540374756,0.4128631055355072,-0.014587757177650928,0.6208640336990356,0.3782183527946472,-0.015201806090772152,Left,i
0.5560701489448547,0.8961045742034912,-7.306231282200315e-07,0.49199604988098145,0.833972692489624,-0.03992898762226105,0.4458691477775574,0.6796751022338867,-0.06254024803638458,0.45792174339294434,0.5437281131744385,-0.087102010846138,0.5187584161758423,0.5047131776809692,-0.10282604396343231,0.45625248551368713,0.4965149164199829,-0.00976502988487482,0.4514351189136505,0.3737483620643616,-0.050231605768203735,0.4586729407310486,0.47283992171287537,-0.07072371989488602,0.4721492528915405,0.5280196070671082,-0.07832808792591095,0.5070209503173828,0.4842584431171417,-0.008148091845214367,0.5019675493240356,0.34920263290405273,-0.05270314961671829,0.5030444264411926,0.46512261033058167,-0.06673327088356018,0.5053751468658447,0.51261305809021,-0.06686471402645111,0.5561025142669678,0.49189114570617676,-0.015216234140098095,0.5557655096054077,0.3642599284648895,-0.05976630002260208,0.5433555841445923,0.4884594678878784,-0.06194593384861946,0.5329603552818298,0.5694819688796997,-0.0507039800286293,0.6068521738052368,0.5146379470825195,-0.02616627886891365,0.606974720954895,0.37244290113449097,-0.045869383960962296,0.6118835210800171,0.2871042490005493,-0.051722269505262375,0.6141472458839417,0.19590958952903748,-0.05267108604311943,Left,i
0.2735752463340759,0.9051796197891235,-7.867632234592747e-07,0.19375714659690857,0.8742398023605347,-0.02852589823305607,0.11900375038385391,0.7620240449905396,-0.049771517515182495,0.09822412580251694,0.6380447745323181,-0.07620084285736084,0.1409626305103302,0.5596137046813965,-0.09621654450893402,0.13196790218353271,0.587364912033081,-0.0007320586591959,0.09462497383356094,0.4829118847846985,-0.044701240956783295,0.10149378329515457,0.5690504312515259,-0.06809479743242264,0.12432890385389328,0.6227957010269165,-0.07666035741567612,0.172333762049675,0.5585458874702454,-0.005798975471407175,0.13462099432945251,0.4345828890800476,-0.06169222295284271,0.14498600363731384,0.5530581474304199,-0.08157935738563538,0.15745732188224792,0.6288287043571472,-0.08006256818771362,0.21496504545211792,0.5468940734863281,-0.01870018243789673,0.1792101114988327,0.43865346908569336,-0.07152210921049118,0.18361321091651917,0.5746164321899414,-0.07568179070949554,0.19402547180652618,0.6769653558731079,-0.06116621196269989,0.2620902955532074,0.5477045774459839,-0.034335073083639145,0.23032939434051514,0.4192871153354645,-0.06136306747794151,0.21397364139556885,0.3446546196937561,-0.06920410692691803,0.200381338596344,0.2744835317134857,-0.06827649474143982,Left,i
0.7574006915092468,0.8212087750434875,-3.743293746083509e-07,0.7055986523628235,0.7572486400604248,-0.05627790093421936,0.6819644570350647,0.6477067470550537,-0.0919731855392456,0.7192860245704651,0.5754917860031128,-0.1230195164680481,0.7777000665664673,0.5544320940971375,-0.14450061321258545,0.7161913514137268,0.5276317000389099,-0.057624902576208115,0.7170278429985046,0.45384010672569275,-0.1029299795627594,0.7166577577590942,0.5381098389625549,-0.11504928767681122,0.7206755876541138,0.5719974637031555,-0.11767064034938812,0.7584011554718018,0.5283807516098022,-0.051168665289878845,0.7591543793678284,0.4443646967411041,-0.10288558155298233,0.7523682713508606,0.5618323683738708,-0.10623541474342346,0.7599325776100159,0.5815311074256897,-0.0995631143450737,0.7988851070404053,0.5434187650680542,-0.05437050014734268,0.8032695055007935,0.45041215419769287,-0.105994813144207,0.7890138030052185,0.5461066961288452,-0.10691934823989868,0.7816943526268005,0.5827771425247192,-0.09821870923042297,0.8391532301902771,0.564451277256012,-0.062483228743076324,0.8533556461334229,0.4680907130241394,-0.10379225015640259,0.8665134310722351,0.4021848440170288,-0.12540732324123383,0.8783519864082336,0.3115781247615814,-0.13742832839488983,Left,i
0.5387820601463318,0.7176257371902466,-2.636349449858244e-07,0.507281482219696,0.6775293350219727,-0.020532747730612755,0.4894029498100281,0.607365608215332,-0.02986859530210495,0.49944841861724854,0.5379387736320496,-0.038851190358400345,0.5244666934013367,0.5062375664710999,-0.04416308552026749,0.4941134452819824,0.5402339100837708,-0.0025342272128909826,0.4939197599887848,0.4731864333152771,-0.02064829133450985,0.49985015392303467,0.5088373422622681,-0.03338395059108734,0.5026378631591797,0.5381856560707092,-0.03965146467089653,0.5191798210144043,0.5335625410079956,0.0003544534556567669,0.5174348950386047,0.46254071593284607,-0.019456373527646065,0.5214056968688965,0.5078198313713074,-0.03277536481618881,0.5207442045211792,0.53559809923172,-0.038772862404584885,0.5416503548622131,0.532829999923706,-0.0007423131610266864,0.5417869687080383,0.4606011211872101,-0.01741231605410576,0.540944516658783,0.49200043082237244,-0.025480959564447403,0.5365380644798279,0.52189040184021,-0.027830084785819054,0.5638068914413452,0.5414283871650696,-0.003901814576238394,0.5628888010978699,0.47798025608062744,-0.012231918051838875,0.5640256404876709,0.43927663564682007,-0.019459206610918045,0.5625290274620056,0.40525197982788086,-0.02460298500955105,Left,i
0.5442061424255371,0.8300913572311401,-8.005698077795387e-07,0.47962838411331177,0.765766978263855,-0.05095427855849266,0.42284348607063293,0.6175894141197205,-0.08212834596633911,0.43377694487571716,0.4805440604686737,-0.11230861395597458,0.4974701404571533,0.43171966075897217,-0.13144166767597198,0.43216389417648315,0.4316127598285675,-0.032128673046827316,0.42903539538383484,0.31503668427467346,-0.08254250138998032,0.4372316300868988,0.43477174639701843,-0.10773635655641556,0.447456955909729,0.471871554851532,-0.11988825350999832,0.48764288425445557,0.41352102160453796,-0.02737581729888916,0.4777684211730957,0.2904379367828369,-0.07901963591575623,0.48111647367477417,0.4269011616706848,-0.09092646837234497,0.4844556450843811,0.4472620487213135,-0.09115665405988693,0.5398375988006592,0.4183099567890167,-0.03243673965334892,0.5331553816795349,0.30171218514442444,-0.08237826824188232,0.5250812768936157,0.4305446147918701,-0.08175019919872284,0.5165388584136963,0.49291813373565674,-0.07015272229909897,0.591170608997345,0.4356227219104767,-0.04229713976383209,0.5910449028015137,0.29178476333618164,-0.07033074647188187,0.5920020937919617,0.20224274694919586,-0.08012021332979202,0.5862248539924622,0.10290399193763733,-0.08394045382738113,Left,i
0.3031665086746216,0.8519111275672913,-9.318665092905576e-07,0.21784232556819916,0.8095879554748535,-0.029909968376159668,0.1396973729133606,0.6654980182647705,-0.04946424812078476,0.11512917280197144,0.5303214192390442,-0.07535992562770844,0.15726959705352783,0.4467524290084839,-0.09188862144947052,0.1692591905593872,0.446750283241272,0.010105332359671593,0.13526684045791626,0.32188355922698975,-0.038065195083618164,0.1338496059179306,0.42774325609207153,-0.06318794935941696,0.1500513255596161,0.49910303950309753,-0.06988071650266647,0.21191315352916718,0.4305248260498047,0.003915609326213598,0.1772191822528839,0.297360897064209,-0.05748498812317848,0.17492905259132385,0.4301312267780304,-0.07859048247337341,0.17718791961669922,0.518490195274353,-0.07418681681156158,0.25824007391929626,0.434026300907135,-0.011669336818158627,0.21823230385780334,0.32237184047698975,-0.06850186735391617,0.20939037203788757,0.4712342619895935,-0.06899511814117432,0.2104429304599762,0.5795930624008179,-0.047990091145038605,0.3053067922592163,0.45227524638175964,-0.030678456649184227,0.27443981170654297,0.3071433901786804,-0.05785194784402847,0.25569257140159607,0.21717599034309387,-0.06235729902982712,0.241582989692688,0.12504234910011292,-0.056431349366903305,Left,i
0.7985867261886597,0.8412213325500488,-5.023697440265096e-07,0.7737838625907898,0.7397204637527466,-0.034200891852378845,0.7735404968261719,0.6202710866928101,-0.05249946936964989,0.8173745274543762,0.5381739139556885,-0.0706401839852333,0.8712297081947327,0.5249669551849365,-0.0817715972661972,0.7897329330444336,0.5248712301254272,-0.0032854878809303045,0.8194111585617065,0.43524909019470215,-0.034518010914325714,0.815085768699646,0.5110359787940979,-0.05733787268400192,0.8082383871078491,0.5578555464744568,-0.06918811798095703,0.8334402441978455,0.54117351770401,0.001004508463665843,0.8640018701553345,0.4396187663078308,-0.0338512659072876,0.8523573279380798,0.5271263122558594,-0.057179421186447144,0.8413808345794678,0.5723387598991394,-0.06751283258199692,0.8718625903129578,0.5624516606330872,-0.001066375058144331,0.9053533673286438,0.46522900462150574,-0.029269583523273468,0.888996958732605,0.524335503578186,-0.03983446583151817,0.8691478967666626,0.5688663125038147,-0.0413515642285347,0.9037702083587646,0.5939485430717468,-0.006562856025993824,0.9285333752632141,0.5149534344673157,-0.01691015064716339,0.9449979662895203,0.46453696489334106,-0.024824870750308037,0.9545711278915405,0.4136507511138916,-0.030686546117067337,Left,i
0.46066519618034363,0.7134724855422974,-4.2301414282519545e-07,0.4063693583011627,0.6798110008239746,-0.0215227659791708,0.3655169904232025,0.5939192771911621,-0.033880814909935,0.36284953355789185,0.500211775302887,-0.04909437522292137,0.39369213581085205,0.44498419761657715,-0.05995447188615799,0.37280014157295227,0.4938671886920929,0.0048006814904510975,0.35596126317977905,0.41898268461227417,-0.023527901619672775,0.36532896757125854,0.4714611768722534,-0.040476150810718536,0.3793433606624603,0.5116506218910217,-0.04596831649541855,0.40153607726097107,0.47480013966560364,0.004064904525876045,0.389987975358963,0.3811241388320923,-0.03047645092010498,0.395067036151886,0.4501681923866272,-0.045400865375995636,0.40001243352890015,0.49753937125205994,-0.04554971307516098,0.4318386912345886,0.46495184302330017,-0.002202936913818121,0.4218912720680237,0.38135814666748047,-0.03520753234624863,0.4191707670688629,0.46496525406837463,-0.038359928876161575,0.4188873767852783,0.5296770334243774,-0.028245843946933746,0.46447139978408813,0.46582770347595215,-0.010524829849600792,0.45222553610801697,0.3759668171405792,-0.023811841383576393,0.4475771188735962,0.3204076886177063,-0.025647521018981934,0.44311147928237915,0.2656257748603821,-0.02245768904685974,Left,i
0.46807289123535156,0.7949600219726562,-6.70151450776757e-07,0.3986525237560272,0.7497726678848267,-0.03390295431017876,0.3389410972595215,0.6310392022132874,-0.055199187248945236,0.33456850051879883,0.5095971822738647,-0.07991291582584381,0.3778020441532135,0.4344768524169922,-0.09821712970733643,0.35094302892684937,0.47163906693458557,-0.00281531666405499,0.33361443877220154,0.3646194636821747,-0.04198436439037323,0.3377755880355835,0.43970462679862976,-0.06559271365404129,0.35089051723480225,0.49090248346328735,-0.07550634443759918,0.3917468190193176,0.4518631100654602,-0.005085972603410482,0.37619492411613464,0.32355040311813354,-0.05496465042233467,0.37737947702407837,0.4245460331439972,-0.07767173647880554,0.38286465406417847,0.49305394291877747,-0.08100085705518723,0.4337107241153717,0.4470336139202118,-0.01503295823931694,0.42011314630508423,0.3292132019996643,-0.06209634616971016,0.41120046377182007,0.43250203132629395,-0.07047787308692932,0.40789124369621277,0.5159305930137634,-0.06164076179265976,0.4776982367038727,0.45609837770462036,-0.028174497187137604,0.4644324481487274,0.33102548122406006,-0.050219275057315826,0.45480966567993164,0.25173869729042053,-0.05787616968154907,0.44531145691871643,0.17860987782478333,-0.058699652552604675,Left,i
0.3976168930530548,0.8948612213134766,-7.324450166379393e-07,0.3316875100135803,0.8034424781799316,-0.05068298056721687,0.2972520887851715,0.6100966334342957,-0.07754839956760406,0.3216094970703125,0.4726416766643524,-0.10540831089019775,0.3921109735965729,0.4535585939884186,-0.12161500006914139,0.34928277134895325,0.42060786485671997,-0.011376626789569855,0.3576972484588623,0.3004545569419861,-0.058223873376846313,0.3429422378540039,0.41810670495033264,-0.08008399605751038,0.3506183624267578,0.4764525592327118,-0.08714701235294342,0.40356916189193726,0.43708816170692444,-0.0063542467541992664,0.41684359312057495,0.30809807777404785,-0.06445513665676117,0.3910897970199585,0.434598833322525,-0.08116127550601959,0.3858201801776886,0.4844798743724823,-0.07755167037248611,0.45141592621803284,0.4743766188621521,-0.011866670101881027,0.4661612808704376,0.35303637385368347,-0.0673903375864029,0.42711496353149414,0.48353931307792664,-0.06716320663690567,0.4052318036556244,0.5715121626853943,-0.04901973530650139,0.4987494945526123,0.5258344411849976,-0.022222857922315598,0.5210554599761963,0.3906210660934448,-0.046647220849990845,0.5341615676879883,0.30293670296669006,-0.05186304822564125,0.5474502444267273,0.2081836760044098,-0.049286406487226486,Left,i
0.7665196061134338,0.8424018621444702,-3.8803693769295933e-07,0.729338526725769,0.7701254487037659,-0.06038184463977814,0.7092442512512207,0.6652858257293701,-0.0951370820403099,0.7347252368927002,0.5732309818267822,-0.12344394624233246,0.786830723285675,0.5361412167549133,-0.14174683392047882,0.724669337272644,0.5313410758972168,-0.055574044585227966,0.7297120094299316,0.4444711208343506,-0.09704921394586563,0.7332102656364441,0.5315325856208801,-0.1100325807929039,0.7378569841384888,0.5622357726097107,-0.11412275582551956,0.7676393389701843,0.5308378338813782,-0.0433046817779541,0.7706351280212402,0.4360589385032654,-0.09354139864444733,0.768692672252655,0.5508931875228882,-0.1053597629070282,0.7700450420379639,0.5741284489631653,-0.10507192462682724,0.8071023225784302,0.5402409434318542,-0.0392843633890152,0.8104848861694336,0.442618727684021,-0.08977752923965454,0.7997271418571472,0.5437427759170532,-0.09674972295761108,0.7895174026489258,0.5807462334632874,-0.09150061756372452,0.8426136374473572,0.5547727346420288,-0.039600517600774765,0.8539864420890808,0.46089330315589905,-0.0755404531955719,0.8660535216331482,0.4050978422164917,-0.09370917826890945,0.8751533627510071,0.3193122148513794,-0.10324677079916,Left,i
0.6460576057434082,0.8848885297775269,-4.3063568000434316e-07,0.5875476598739624,0.8373571634292603,-0.11067800968885422,0.5522196888923645,0.718773365020752,-0.17159327864646912,0.5720872282981873,0.5812896490097046,-0.2180396318435669,0.6337184309959412,0.49731478095054626,-0.2488209754228592,0.5596703290939331,0.49261337518692017,-0.1081683486700058,0.5451674461364746,0.3869742155075073,-0.16834673285484314,0.5602259039878845,0.5052909851074219,-0.1838400512933731,0.5735594034194946,0.537608802318573,-0.1869993954896927,0.6172804236412048,0.4589686393737793,-0.07852734625339508,0.6034950017929077,0.3433740437030792,-0.15079498291015625,0.609230637550354,0.5141908526420593,-0.1654389649629593,0.6164965629577637,0.5322632193565369,-0.16306449472904205,0.6681712865829468,0.4421420693397522,-0.06087407469749451,0.6538458466529846,0.31480735540390015,-0.13263918459415436,0.6492288708686829,0.4532289505004883,-0.1406790167093277,0.6413533091545105,0.4962150454521179,-0.13192255795001984,0.7101329565048218,0.43414002656936646,-0.05102481320500374,0.7111883759498596,0.29801732301712036,-0.09558196365833282,0.7172574400901794,0.22021883726119995,-0.11523573100566864,0.714567244052887,0.10968208312988281,-0.12462670356035233,Left,i
0.632694661617279,0.67299485206604,-3.626261104727746e-07,0.6029649376869202,0.6470332741737366,-0.02507314644753933,0.5926572680473328,0.5861991047859192,-0.03508877009153366,0.6108909249305725,0.5331294536590576,-0.041358012706041336,0.6386115550994873,0.5125455856323242,-0.04203737527132034,0.5890193581581116,0.5171101093292236,-0.021548796445131302,0.5951526165008545,0.4727923572063446,-0.0373249426484108,0.6020834445953369,0.5176090598106384,-0.04391714185476303,0.5993365049362183,0.5394272804260254,-0.04689407721161842,0.6133193373680115,0.5063920021057129,-0.015547417104244232,0.6173375248908997,0.45375868678092957,-0.0350894033908844,0.6243988275527954,0.5151369571685791,-0.044050056487321854,0.6221100687980652,0.5325692296028137,-0.04753376916050911,0.6355066895484924,0.5030184388160706,-0.012114183977246284,0.6399791240692139,0.4487195611000061,-0.03051004372537136,0.6460201740264893,0.4968090355396271,-0.0344945453107357,0.6438626050949097,0.5231528282165527,-0.034210994839668274,0.6569283604621887,0.506488561630249,-0.010438176803290844,0.6620493531227112,0.44912654161453247,-0.022138452157378197,0.6671063303947449,0.4212896525859833,-0.027993228286504745,0.6671479940414429,0.3865000605583191,-0.03174419328570366,Left,i
0.3547549545764923,0.9365120530128479,-7.496527132389019e-07,0.2917586863040924,0.85398268699646,-0.03989251330494881,0.24913929402828217,0.6761482954025269,-0.06217002496123314,0.27183637022972107,0.5350238680839539,-0.08608410507440567,0.3399476706981659,0.5105880498886108,-0.09891825169324875,0.27322763204574585,0.49497026205062866,-0.013058899901807308,0.2739582657814026,0.36359071731567383,-0.05626638978719711,0.2742026150226593,0.48461687564849854,-0.07893860340118408,0.28404268622398376,0.5388053059577942,-0.08970636129379272,0.33049896359443665,0.49406060576438904,-0.01230289414525032,0.3355298638343811,0.3529966473579407,-0.061252981424331665,0.32739341259002686,0.48474836349487305,-0.07428805530071259,0.32579052448272705,0.5321518778800964,-0.07312113046646118,0.3846610486507416,0.5155529379844666,-0.020231930539011955,0.39612266421318054,0.3646118938922882,-0.06339231133460999,0.38000795245170593,0.4780030846595764,-0.058185797184705734,0.36910638213157654,0.5520748496055603,-0.043112218379974365,0.4377254247665405,0.5526474714279175,-0.03277437016367912,0.45518428087234497,0.4105125069618225,-0.054246678948402405,0.4644131660461426,0.3215870261192322,-0.058645885437726974,0.46798795461654663,0.22954386472702026,-0.057970862835645676,Left,i
0.7790228128433228,0.7679124474525452,-3.8018342252144066e-07,0.7442110180854797,0.7015074491500854,-0.05622047930955887,0.7222816944122314,0.6035590767860413,-0.08786840736865997,0.7450141906738281,0.5122787952423096,-0.11282850056886673,0.7946955561637878,0.4760688841342926,-0.12800940871238708,0.7374337315559387,0.481949120759964,-0.04791707545518875,0.7370660901069641,0.40349653363227844,-0.0791870504617691,0.7405008673667908,0.4898291230201721,-0.08750161528587341,0.744482696056366,0.5237897634506226,-0.0905083417892456,0.7787953019142151,0.47539621591567993,-0.035202182829380035,0.7771007418632507,0.3870779275894165,-0.07601284980773926,0.7750152945518494,0.4994753897190094,-0.08667045831680298,0.7776683568954468,0.5244824886322021,-0.08815106749534607,0.8155357241630554,0.47595155239105225,-0.029483612626791,0.8174303770065308,0.37857574224472046,-0.07084754854440689,0.8084887266159058,0.4702121913433075,-0.07693180441856384,0.7986761331558228,0.5100624561309814,-0.07407478988170624,0.8480440974235535,0.4840899705886841,-0.02787637524306774,0.8631288409233093,0.3947034478187561,-0.05953919515013695,0.8778648376464844,0.33987098932266235,-0.07719700783491135,0.8887984156608582,0.2612558603286743,-0.08782976865768433,Left,i
0.6061586141586304,0.8703488111495972,-5.136159302310261e-07,0.5648810863494873,0.7833069562911987,-0.04996572434902191,0.5479453802108765,0.6592460870742798,-0.07679949700832367,0.5795120000839233,0.5575361251831055,-0.10214334726333618,0.6313204169273376,0.5130619406700134,-0.1191965788602829,0.5508184432983398,0.5236458778381348,-0.021494757384061813,0.5653985738754272,0.42255640029907227,-0.062419991940259933,0.5653221607208252,0.5106489658355713,-0.08435874432325363,0.5646421313285828,0.5562831163406372,-0.09287215769290924,0.5967886447906494,0.5304220914840698,-0.012700209394097328,0.6071099638938904,0.431441068649292,-0.05586816743016243,0.6007868051528931,0.5308188199996948,-0.07585952430963516,0.5981215238571167,0.5575413107872009,-0.08272530883550644,0.6406829953193665,0.5455029010772705,-0.01301488559693098,0.6568062901496887,0.4400516152381897,-0.05285493656992912,0.6472647190093994,0.5116456151008606,-0.06695842742919922,0.6355628371238708,0.5546035766601562,-0.0687488317489624,0.6813570857048035,0.5648605227470398,-0.017653945833444595,0.6983683705329895,0.45754700899124146,-0.036451518535614014,0.7138602137565613,0.3882639408111572,-0.050872594118118286,0.7236481308937073,0.3179683983325958,-0.060599107295274734,Left,i
0.5298058986663818,0.657417893409729,-3.128935475160688e-07,0.5029718279838562,0.6160773038864136,-0.017315227538347244,0.49299535155296326,0.5397365689277649,-0.02579379454255104,0.5104784369468689,0.4790501296520233,-0.033920519053936005,0.5364453792572021,0.4527207314968109,-0.038134846836328506,0.4965767562389374,0.4741549789905548,-0.007168190088123083,0.4996247887611389,0.41550326347351074,-0.02601676806807518,0.5029692053794861,0.4633437991142273,-0.036246009171009064,0.5049718618392944,0.4948863685131073,-0.039665985852479935,0.5210307836532593,0.47380027174949646,-0.004358051810413599,0.5232544541358948,0.41994452476501465,-0.023491190746426582,0.5217041969299316,0.4735138416290283,-0.029923398047685623,0.5206000804901123,0.49517902731895447,-0.03011823445558548,0.5434315800666809,0.4800364077091217,-0.0051151965744793415,0.5500344038009644,0.42768600583076477,-0.022597771137952805,0.5415728688240051,0.481099396944046,-0.022940589115023613,0.5330460071563721,0.5201216340065002,-0.017980411648750305,0.5649133920669556,0.4918878674507141,-0.007480103988200426,0.5712260603904724,0.42833369970321655,-0.016787249594926834,0.578680694103241,0.3896448016166687,-0.020124224945902824,0.5848197937011719,0.35072365403175354,-0.02066067047417164,Left,i
0.31385862827301025,0.7611590623855591,-4.099356658571196e-07,0.2549971342086792,0.7307230234146118,-0.026615126058459282,0.19935569167137146,0.6310523748397827,-0.04308822378516197,0.18051964044570923,0.5252671837806702,-0.06241811439394951,0.21143171191215515,0.4430578351020813,-0.07590606808662415,0.18866391479969025,0.5000603199005127,0.001650734688155353,0.16244061291217804,0.41561371088027954,-0.03359676152467728,0.178145632147789,0.46020519733428955,-0.051646314561367035,0.19821888208389282,0.48660507798194885,-0.05638148635625839,0.22631536424160004,0.47828981280326843,0.0016575752524659038,0.2076200544834137,0.39029473066329956,-0.044281426817178726,0.22116291522979736,0.46808990836143494,-0.0600595623254776,0.22950473427772522,0.5196811556816101,-0.0565190464258194,0.26708999276161194,0.4701630175113678,-0.004938215482980013,0.24657878279685974,0.37095147371292114,-0.048262547701597214,0.2506549656391144,0.4725848436355591,-0.047078102827072144,0.2555597126483917,0.5499991774559021,-0.029863521456718445,0.3067020773887634,0.4749106168746948,-0.013806632719933987,0.29225367307662964,0.3743428587913513,-0.03372685983777046,0.2838839888572693,0.3103019595146179,-0.03517988696694374,0.27570009231567383,0.24385246634483337,-0.02880513295531273,Left,i
0.8407208919525146,0.8398610949516296,-4.511406928031647e-07,0.8059674501419067,0.7662089467048645,-0.029321884736418724,0.7954185605049133,0.6611354351043701,-0.04038580507040024,0.8288285136222839,0.5858557224273682,-0.04919608309864998,0.870177149772644,0.5626208186149597,-0.050860706716775894,0.7789963483810425,0.5737370848655701,-0.007364329881966114,0.7919052839279175,0.5067012906074524,-0.034437403082847595,0.8009610772132874,0.5769254565238953,-0.0505555234849453,0.798332691192627,0.6118661165237427,-0.05696825310587883,0.8177722692489624,0.5664706826210022,-0.0017938724486157298,0.8303926587104797,0.498424232006073,-0.035407911986112595,0.8368139266967773,0.5868163108825684,-0.052013665437698364,0.8308851718902588,0.6261756420135498,-0.055289044976234436,0.8548940420150757,0.5698598623275757,-0.0014739041216671467,0.868694007396698,0.49167802929878235,-0.031349651515483856,0.871652364730835,0.5529493093490601,-0.039301566779613495,0.863345742225647,0.5875251889228821,-0.03669667989015579,0.8853126168251038,0.5791156888008118,-0.0033231780398637056,0.8972771763801575,0.49715256690979004,-0.020168999210000038,0.9056198000907898,0.4497796595096588,-0.02784094586968422,0.9073202013969421,0.39381104707717896,-0.03020450659096241,Left,i
0.7092973589897156,0.8075956106185913,-3.203277572083607e-07,0.670687735080719,0.7464686632156372,-0.07789506018161774,0.644943356513977,0.6373069882392883,-0.11796975880861282,0.657833456993103,0.5268456339836121,-0.14776991307735443,0.7033250331878662,0.4682787358760834,-0.1660727709531784,0.6532442569732666,0.5006101131439209,-0.07364173233509064,0.6329087615013123,0.4023153483867645,-0.12556809186935425,0.6414750814437866,0.501679003238678,-0.14336839318275452,0.6541506052017212,0.5480983853340149,-0.14818206429481506,0.6939407587051392,0.4848899245262146,-0.05398540943861008,0.6750403642654419,0.3904062807559967,-0.12415032833814621,0.6745058298110962,0.5270470976829529,-0.14615896344184875,0.6773025393486023,0.5708182454109192,-0.14749859273433685,0.730323076248169,0.4779697060585022,-0.0437181293964386,0.715651273727417,0.3836553990840912,-0.11287957429885864,0.7045891880989075,0.47624367475509644,-0.13192442059516907,0.6926499605178833,0.5112196803092957,-0.12980882823467255,0.7602453231811523,0.4701440632343292,-0.03803921490907669,0.7631921768188477,0.37110430002212524,-0.08455077558755875,0.7665295600891113,0.30008000135421753,-0.11038151383399963,0.765610933303833,0.20450317859649658,-0.12334991246461868,Left,i
0.5970832705497742,0.8229274749755859,2.9902153642069607e-07,0.5513555407524109,0.7396121621131897,-0.03376870974898338,0.5317673683166504,0.6315008401870728,-0.0385926216840744,0.5579404830932617,0.5331506133079529,-0.04178602248430252,0.5827729105949402,0.45297232270240784,-0.042661380022764206,0.5147438645362854,0.5317530632019043,0.00781339779496193,0.49096807837486267,0.4218718111515045,-0.005366223398596048,0.4794388711452484,0.3531504273414612,-0.015677237883210182,0.47154492139816284,0.2908720076084137,-0.021434873342514038,0.5549589991569519,0.5267773270606995,0.012238526716828346,0.5480689406394958,0.3978869915008545,-0.0033449986949563026,0.545566201210022,0.3223392367362976,-0.014358140528202057,0.5459614396095276,0.255142480134964,-0.017495721578598022,0.5904236435890198,0.5540139675140381,0.009761094115674496,0.5912679433822632,0.49176135659217834,-0.027785392478108406,0.5827232003211975,0.5761175751686096,-0.03527726233005524,0.5803795456886292,0.6247797608375549,-0.027025289833545685,0.6204161643981934,0.5976777672767639,0.004970789421349764,0.6150878667831421,0.548863410949707,-0.02682548202574253,0.6037348508834839,0.6158789992332458,-0.027330001816153526,0.600369930267334,0.6593883037567139,-0.018798261880874634,Left,k
0.5744466781616211,0.6961370706558228,2.490407098321157e-07,0.553374707698822,0.6572253108024597,-0.0251329243183136,0.5461404323577881,0.5965191721916199,-0.02728922665119171,0.5590801239013672,0.5413637161254883,-0.025873057544231415,0.5722177624702454,0.5004612803459167,-0.02227325364947319,0.5238115191459656,0.5513483285903931,-0.0038321614265441895,0.516787052154541,0.48327669501304626,-0.010759063065052032,0.5137714147567749,0.4424804747104645,-0.01575656421482563,0.5101649165153503,0.4068312346935272,-0.018886517733335495,0.5468346476554871,0.5477708578109741,0.0035523120313882828,0.5497633814811707,0.47919735312461853,-0.00524543970823288,0.5559204816818237,0.4371511936187744,-0.011788432486355305,0.5600250959396362,0.3993673324584961,-0.014102923683822155,0.5670492053031921,0.5595483779907227,0.00698344549164176,0.5719886422157288,0.5199556350708008,-0.014530854299664497,0.5701756477355957,0.5670482516288757,-0.02029288560152054,0.5686965584754944,0.5936328768730164,-0.016749415546655655,0.5836067795753479,0.5780267715454102,0.008857653476297855,0.584929883480072,0.5536863803863525,-0.012298939749598503,0.5806370377540588,0.5899571180343628,-0.01654551923274994,0.5775931477546692,0.6140731573104858,-0.01416734792292118,Left,k
0.5617749094963074,0.855299711227417,3.006876454492158e-07,0.5160611867904663,0.7556125521659851,-0.04070182889699936,0.49530842900276184,0.6304461359977722,-0.048500142991542816,0.5256314873695374,0.5118923187255859,-0.05395089462399483,0.560697078704834,0.4182727634906769,-0.056405771523714066,0.4778784215450287,0.5120130777359009,0.0028929775580763817,0.4530734717845917,0.3712177574634552,-0.01589306816458702,0.4430484473705292,0.2854924201965332,-0.027914267033338547,0.4364425241947174,0.20824632048606873,-0.03400024399161339,0.5263491868972778,0.5087677240371704,0.008153364062309265,0.5245385766029358,0.345115065574646,-0.0131650660187006,0.528251588344574,0.25778454542160034,-0.02423025108873844,0.5343467593193054,0.18049246072769165,-0.025880195200443268,0.5682964324951172,0.5428544878959656,0.005311297252774239,0.5690691471099854,0.46916767954826355,-0.04252135381102562,0.5554502606391907,0.5708526968955994,-0.05069255083799362,0.5530765652656555,0.6280676126480103,-0.03973225876688957,0.6040844321250916,0.594582200050354,-0.0001231042406288907,0.5967317223548889,0.5460670590400696,-0.0406925268471241,0.5811448693275452,0.6242387890815735,-0.04265785217285156,0.5786409378051758,0.6705923676490784,-0.03327036648988724,Left,k
0.33531492948532104,0.9503210186958313,3.319943076007803e-08,0.26168331503868103,0.8658748865127563,-0.03171190991997719,0.2283039689064026,0.7024371027946472,-0.04440705105662346,0.25307855010032654,0.5589356422424316,-0.06020687147974968,0.2953163981437683,0.4608702063560486,-0.07290856540203094,0.24381616711616516,0.5442613363265991,-0.01022760197520256,0.1997084766626358,0.3646562099456787,-0.052545059472322464,0.17373105883598328,0.25651344656944275,-0.07792947441339493,0.15474234521389008,0.16335338354110718,-0.09334621578454971,0.30109983682632446,0.5325785279273987,-0.019631268456578255,0.27446889877319336,0.3422020971775055,-0.07426807284355164,0.24254149198532104,0.22656169533729553,-0.10319960117340088,0.2237311750650406,0.1245327889919281,-0.1142602413892746,0.3547869920730591,0.5659129023551941,-0.035049717873334885,0.32857847213745117,0.47060906887054443,-0.10146059840917587,0.30429863929748535,0.6194121241569519,-0.0974753350019455,0.30950474739074707,0.7032169699668884,-0.07544274628162384,0.4061135947704315,0.6260703802108765,-0.053579140454530716,0.3638608455657959,0.573906660079956,-0.10337049514055252,0.339846134185791,0.6811240911483765,-0.0980178713798523,0.3461763560771942,0.7354162335395813,-0.08158645033836365,Left,k
0.775046706199646,0.8663195967674255,3.1330210958913085e-07,0.7561309933662415,0.7587454319000244,-0.040338367223739624,0.7551209926605225,0.6412875056266785,-0.04938407614827156,0.7967427968978882,0.55634605884552,-0.0552530512213707,0.8382823467254639,0.4966118037700653,-0.05737687274813652,0.7444354295730591,0.5339077115058899,-0.005568327382206917,0.748312771320343,0.40467727184295654,-0.025093620643019676,0.7534799575805664,0.3325720429420471,-0.038283515721559525,0.7609255313873291,0.25894907116889954,-0.04635588079690933,0.7888156771659851,0.5553454160690308,0.0011567291803658009,0.8214362263679504,0.42635488510131836,-0.023342106491327286,0.8469672799110413,0.36336952447891235,-0.03804541751742363,0.8731778860092163,0.2959752678871155,-0.04342537745833397,0.8227623701095581,0.6044213771820068,0.0012174089206382632,0.8446500301361084,0.5500100255012512,-0.04444883018732071,0.8145027160644531,0.6386839747428894,-0.05024494603276253,0.8003380298614502,0.684211254119873,-0.0390184111893177,0.8479524254798889,0.6643211841583252,-0.001187503570690751,0.8579638004302979,0.6214739680290222,-0.03701243922114372,0.8339090943336487,0.6838815212249756,-0.03638751432299614,0.8229124546051025,0.7214027643203735,-0.02645074389874935,Left,k
0.5165157318115234,0.9215101003646851,8.563452524867898e-08,0.4699501693248749,0.8059496879577637,-0.03726334869861603,0.4488148093223572,0.6651918292045593,-0.04373970255255699,0.48180556297302246,0.5435577034950256,-0.04888682812452316,0.5211042165756226,0.44855111837387085,-0.05122038349509239,0.4342285394668579,0.5355070233345032,-0.0007843737257644534,0.4073490798473358,0.3739693760871887,-0.02432912029325962,0.3975479006767273,0.28206610679626465,-0.03819027915596962,0.3949429392814636,0.1897924840450287,-0.045995697379112244,0.4881528615951538,0.5341960787773132,-5.162100205780007e-05,0.48743194341659546,0.34798669815063477,-0.031127702444791794,0.48898226022720337,0.25376227498054504,-0.04658519849181175,0.4959597885608673,0.16333729028701782,-0.050171807408332825,0.5375703573226929,0.5734797716140747,-0.006341132335364819,0.5423741340637207,0.49795010685920715,-0.06517500430345535,0.5222007036209106,0.6271200180053711,-0.07201004028320312,0.5200163722038269,0.6944704651832581,-0.057387661188840866,0.5807335376739502,0.6338523030281067,-0.014483604580163956,0.5719448328018188,0.5824536681175232,-0.06225396320223808,0.5524557828903198,0.6779658198356628,-0.06218976154923439,0.5510958433151245,0.7288833856582642,-0.05019894614815712,Left,k
0.5555720925331116,0.7139756679534912,2.8224044967828377e-07,0.5332892537117004,0.6595513224601746,-0.023033887147903442,0.5267152190208435,0.5872125625610352,-0.023276176303625107,0.5429646968841553,0.5250717401504517,-0.020847059786319733,0.5592619180679321,0.48004308342933655,-0.01660224050283432,0.5050496459007263,0.5334645509719849,0.0006420960417017341,0.5042005181312561,0.45752424001693726,-0.006841424386948347,0.5054599046707153,0.4087948501110077,-0.012493163347244263,0.5047891736030579,0.36410656571388245,-0.015934698283672333,0.5303820967674255,0.5342510938644409,0.006174584850668907,0.5395426154136658,0.4542706608772278,-0.004186985082924366,0.5499793291091919,0.40683290362358093,-0.010901370085775852,0.5568504929542542,0.3629072606563568,-0.012368419207632542,0.5527898669242859,0.5520451664924622,0.007646039593964815,0.5619710683822632,0.5154679417610168,-0.01695386879146099,0.55750572681427,0.5673671960830688,-0.022151174023747444,0.5532658100128174,0.5932693481445312,-0.01668582297861576,0.5709566473960876,0.5781890153884888,0.007881812751293182,0.5765805244445801,0.5456464886665344,-0.014723038300871849,0.5690273642539978,0.5879884362220764,-0.016636686399579048,0.5631881952285767,0.6145957112312317,-0.01181788556277752,Left,k
0.3891966938972473,0.8981447219848633,4.058720648458802e-08,0.32055580615997314,0.8069037199020386,-0.03306184336543083,0.28901582956314087,0.6470751762390137,-0.0424359031021595,0.314039945602417,0.506513237953186,-0.05280245840549469,0.35370030999183655,0.40712690353393555,-0.06067465618252754,0.29157233238220215,0.5206934213638306,-0.0036363527178764343,0.258226215839386,0.35500189661979675,-0.03515073284506798,0.23714715242385864,0.26003843545913696,-0.051108021289110184,0.22395586967468262,0.17148056626319885,-0.05937645584344864,0.34439119696617126,0.508275032043457,-0.007634697016328573,0.3240213096141815,0.31589239835739136,-0.04660689830780029,0.3053223192691803,0.21220514178276062,-0.06344378739595413,0.2990473508834839,0.11589556932449341,-0.06665925681591034,0.39548465609550476,0.5373451113700867,-0.018475385382771492,0.37380602955818176,0.4476701021194458,-0.07663463056087494,0.3537164628505707,0.5878530740737915,-0.07698526978492737,0.36088261008262634,0.6622867584228516,-0.0586412213742733,0.44315305352211,0.5866148471832275,-0.03160518407821655,0.4061155617237091,0.5252508521080017,-0.07782076299190521,0.3868825435638428,0.6301397681236267,-0.07553674280643463,0.3950347900390625,0.6845051050186157,-0.062066927552223206,Left,k
0.7932012677192688,0.8527576923370361,3.4135763371523353e-07,0.7809690237045288,0.7574217319488525,-0.038344308733940125,0.7798867225646973,0.6476265788078308,-0.043240003287792206,0.8134192824363708,0.5672304630279541,-0.043820325285196304,0.8478090763092041,0.5091326832771301,-0.040691178292036057,0.7604761123657227,0.5603947043418884,5.427551514003426e-05,0.7682489156723022,0.4507157802581787,-0.010660831816494465,0.7786579728126526,0.3854973614215851,-0.01793817989528179,0.7887303233146667,0.3252701163291931,-0.021943146362900734,0.7972617745399475,0.5769564509391785,0.009643390774726868,0.824640691280365,0.4628983736038208,-0.004584118258208036,0.8502476215362549,0.40653374791145325,-0.013487113639712334,0.872893214225769,0.3510652780532837,-0.01548789069056511,0.8265752196311951,0.6183311343193054,0.012509743683040142,0.8470708727836609,0.5695950984954834,-0.023419706150889397,0.8296891450881958,0.636985719203949,-0.03307497128844261,0.8186612725257874,0.6699950695037842,-0.0267171747982502,0.848993182182312,0.6678199172019958,0.01319256890565157,0.863882839679718,0.6247185468673706,-0.017153574153780937,0.8442367315292358,0.6733449101448059,-0.02026982232928276,0.8308585286140442,0.702961266040802,-0.014339915476739407,Left,k
0.6442852020263672,0.9346370697021484,4.673375144648162e-07,0.6047166585922241,0.810269832611084,-0.06461141258478165,0.5920284390449524,0.6536733508110046,-0.08268663287162781,0.6388397216796875,0.5147388577461243,-0.095132015645504,0.683150589466095,0.40128660202026367,-0.1027475893497467,0.560573935508728,0.49780118465423584,-0.02142939902842045,0.547936201095581,0.31239140033721924,-0.052646759897470474,0.5484141111373901,0.2004777193069458,-0.07309160381555557,0.5513066649436951,0.0989328920841217,-0.0855066105723381,0.6220976114273071,0.5026022791862488,-0.01077718660235405,0.6337273716926575,0.28898435831069946,-0.04941413179039955,0.6519770622253418,0.17066851258277893,-0.0736841931939125,0.6703042387962341,0.06804433465003967,-0.08373963087797165,0.6747152805328369,0.5548704266548157,-0.00956458318978548,0.6869222521781921,0.454923540353775,-0.07950644195079803,0.6674079298973083,0.5759071111679077,-0.09580164402723312,0.6575685739517212,0.655663788318634,-0.08528370410203934,0.7171228528022766,0.6297813653945923,-0.01217340026050806,0.7230297327041626,0.5548514127731323,-0.07258503139019012,0.7028909921646118,0.6477833986282349,-0.07999546825885773,0.6915119886398315,0.7175418734550476,-0.07064402848482132,Left,k
0.603674590587616,0.6620712280273438,3.545074775956891e-07,0.5953134298324585,0.6331042647361755,-0.0298480074852705,0.5980150699615479,0.5834711790084839,-0.03532327711582184,0.6128174662590027,0.5364102125167847,-0.03523221239447594,0.6233280301094055,0.49690166115760803,-0.032787881791591644,0.5684937238693237,0.5290535092353821,-0.01892530918121338,0.574434757232666,0.465940922498703,-0.029703296720981598,0.5775802731513977,0.424482136964798,-0.03596510738134384,0.5791541934013367,0.3854617178440094,-0.039458151906728745,0.5888149738311768,0.5270463228225708,-0.008826645091176033,0.6044013500213623,0.46714580059051514,-0.021605245769023895,0.6199615001678467,0.4326575696468353,-0.028384191915392876,0.6313964128494263,0.40099355578422546,-0.03002776764333248,0.6056864857673645,0.5382170081138611,-0.002097798278555274,0.6222972869873047,0.5215926170349121,-0.026054978370666504,0.6228452920913696,0.5663000345230103,-0.03191106393933296,0.620201051235199,0.5886392593383789,-0.02765088900923729,0.6174746155738831,0.5548022389411926,0.0030146248172968626,0.630952775478363,0.5456876754760742,-0.018911276012659073,0.6284194588661194,0.5788128972053528,-0.022876892238855362,0.6229839324951172,0.5980913639068604,-0.01979781687259674,Left,k
0.42423832416534424,0.8135669827461243,6.104350092073219e-08,0.37417498230934143,0.7231817245483398,-0.040907226502895355,0.3627820312976837,0.589900553226471,-0.04821603745222092,0.4026327133178711,0.4757508337497711,-0.051958076655864716,0.4426794946193695,0.39557623863220215,-0.05465063080191612,0.346684992313385,0.46051025390625,-0.018480392172932625,0.32520201802253723,0.3028262257575989,-0.03959360718727112,0.3110910654067993,0.19582977890968323,-0.05208102986216545,0.30373555421829224,0.1009054183959961,-0.06119707599282265,0.4010419249534607,0.46130526065826416,-0.01393087301403284,0.3908079266548157,0.2807542681694031,-0.039383795112371445,0.3791358768939972,0.17014729976654053,-0.05134587362408638,0.36953204870224,0.0754534900188446,-0.055678460747003555,0.4481544494628906,0.5001468658447266,-0.015287070535123348,0.45499950647354126,0.409113347530365,-0.06717422604560852,0.43521648645401,0.530271589756012,-0.07290539145469666,0.4279748797416687,0.6111137270927429,-0.06113824248313904,0.48587626218795776,0.5571328997612,-0.018947020173072815,0.48104724287986755,0.4870886206626892,-0.07027826458215714,0.46057724952697754,0.5763264894485474,-0.07516215741634369,0.4543701410293579,0.6414140462875366,-0.06703921407461166,Left,k
0.7842630743980408,0.7360870838165283,4.7322455998255464e-07,0.77988201379776,0.7017561197280884,-0.058034591376781464,0.7919833660125732,0.6289196610450745,-0.0700046643614769,0.813362181186676,0.557431161403656,-0.06799090653657913,0.8251860737800598,0.4976615905761719,-0.06023703143000603,0.7387319207191467,0.5589252710342407,-0.05688555911183357,0.7447742223739624,0.471580445766449,-0.08185350149869919,0.7471021413803101,0.41445392370224,-0.09721473604440689,0.7488514184951782,0.3565554618835449,-0.1065945252776146,0.7675734162330627,0.5492573976516724,-0.03366902843117714,0.786806046962738,0.45202401280403137,-0.060914330184459686,0.8103529810905457,0.39481058716773987,-0.07681943476200104,0.829642117023468,0.3385196328163147,-0.0853789821267128,0.7924553751945496,0.5550554990768433,-0.01532646082341671,0.8226388096809387,0.5250853896141052,-0.05524639040231705,0.8266446590423584,0.596977710723877,-0.06742119044065475,0.8235201835632324,0.6354021430015564,-0.06434936821460724,0.8113698959350586,0.5656600594520569,-0.0004368557420093566,0.8341264724731445,0.5564203262329102,-0.038137007504701614,0.8335981965065002,0.6120517253875732,-0.0509301982820034,0.8253039121627808,0.6436771154403687,-0.05192546173930168,Left,k
0.6565349102020264,0.929607629776001,4.099242403299286e-07,0.6273602843284607,0.808531641960144,-0.060201890766620636,0.6230131983757019,0.6587148904800415,-0.07278387248516083,0.6758828163146973,0.5325528383255005,-0.07875130325555801,0.7215831875801086,0.43479108810424805,-0.07995476573705673,0.5854228138923645,0.5067087411880493,-0.01402882020920515,0.5783635973930359,0.3420661389827728,-0.03581111505627632,0.5787715911865234,0.23642045259475708,-0.05144377052783966,0.5803613662719727,0.14066269993782043,-0.06074363738298416,0.6431015133857727,0.5118581652641296,-0.00112074613571167,0.6603913903236389,0.3179759979248047,-0.025979841127991676,0.684444785118103,0.21311041712760925,-0.04272123798727989,0.7084713578224182,0.12289708852767944,-0.04914483055472374,0.691236674785614,0.5645565390586853,0.002769574522972107,0.712175190448761,0.48444217443466187,-0.053099602460861206,0.6937841773033142,0.5865724086761475,-0.06744277477264404,0.6794600486755371,0.6549612283706665,-0.05863531306385994,0.7280336618423462,0.6374561190605164,0.0030250803101807833,0.7433812022209167,0.5607506632804871,-0.0453043170273304,0.7210127115249634,0.639879047870636,-0.048781249672174454,0.7025404572486877,0.7043456435203552,-0.03879207745194435,Left,k
0.5576202273368835,0.6323900818824768,1.979705643861962e-07,0.53165602684021,0.5780522227287292,-0.022134151309728622,0.5247257947921753,0.5060099363327026,-0.024861594662070274,0.5463646650314331,0.4451305866241455,-0.025977283716201782,0.5678296685218811,0.4030041992664337,-0.02519942633807659,0.5123411417007446,0.4472489058971405,0.0015529317315667868,0.5065112113952637,0.3669491112232208,-0.005310336127877235,0.5046201944351196,0.31831589341163635,-0.010225026868283749,0.5033860206604004,0.2757328450679779,-0.013134334236383438,0.5389589667320251,0.44726553559303284,0.0055728815495967865,0.5426455140113831,0.3611197769641876,-0.0030921194702386856,0.5486161708831787,0.3081303536891937,-0.009775456972420216,0.5541669726371765,0.2643929719924927,-0.012026342563331127,0.5620753765106201,0.4663560092449188,0.005599373951554298,0.5681189298629761,0.4199294447898865,-0.018098024651408195,0.5614429712295532,0.4676605463027954,-0.025290682911872864,0.556909441947937,0.5025447607040405,-0.021641122177243233,0.5812668800354004,0.49429646134376526,0.004362588282674551,0.5823978781700134,0.460933655500412,-0.018421603366732597,0.5736416578292847,0.49899038672447205,-0.022293170914053917,0.5675482749938965,0.5313161015510559,-0.01894531212747097,Left,k
0.6238048672676086,0.7737478613853455,3.3738641036507033e-07,0.5939345955848694,0.7090150713920593,-0.03716546297073364,0.5839064121246338,0.6195885539054871,-0.04383612051606178,0.6104816198348999,0.5347990989685059,-0.04678712412714958,0.6338918209075928,0.4706169664859772,-0.046665485948324203,0.5551146864891052,0.5211179852485657,-0.0035421045031398535,0.5418463349342346,0.4150694012641907,-0.013717900961637497,0.5366645455360413,0.3505125045776367,-0.022326666861772537,0.5317319631576538,0.2947880029678345,-0.027841897681355476,0.5909302234649658,0.5173823237419128,0.0060326335951685905,0.5903726816177368,0.40079206228256226,-0.004998091142624617,0.5970065593719482,0.3313005566596985,-0.014348592609167099,0.6024823188781738,0.2736414670944214,-0.018239077180624008,0.6220192313194275,0.5419842600822449,0.009701949544250965,0.6314797401428223,0.4770152270793915,-0.020065704360604286,0.6283895373344421,0.5387296080589294,-0.029846735298633575,0.6242716908454895,0.5843678116798401,-0.026279229670763016,0.6466313600540161,0.5797479152679443,0.010862003080546856,0.6517353057861328,0.5386344194412231,-0.01902187056839466,0.6447035074234009,0.588401198387146,-0.025156576186418533,0.6385422348976135,0.6301405429840088,-0.02168041653931141,Left,k
0.6085349321365356,0.7544318437576294,-3.5431543921049524e-08,0.5690833330154419,0.713054358959198,-0.027673030272126198,0.5329700708389282,0.6364398002624512,-0.04683423414826393,0.4961722493171692,0.5783379077911377,-0.06373156607151031,0.45852941274642944,0.5461072325706482,-0.07903434336185455,0.5502495765686035,0.5017478466033936,-0.0322270393371582,0.5418091416358948,0.3999043405056,-0.058324284851551056,0.5361077785491943,0.33939728140830994,-0.06690667569637299,0.5301874279975891,0.27888306975364685,-0.07158311456441879,0.5857001543045044,0.5120733380317688,-0.03039984218776226,0.6027454733848572,0.4724942445755005,-0.05881860852241516,0.5880653262138367,0.5732188820838928,-0.049343205988407135,0.5814090371131897,0.5756832957267761,-0.03461485728621483,0.619225025177002,0.5420894622802734,-0.033198099583387375,0.6311315894126892,0.5338561534881592,-0.06636849045753479,0.612139880657196,0.6242080330848694,-0.05044667050242424,0.6045433878898621,0.6167108416557312,-0.032553836703300476,0.647368848323822,0.5766798853874207,-0.037935465574264526,0.6500377655029297,0.5883649587631226,-0.061001770198345184,0.6333004832267761,0.6515954732894897,-0.05168091505765915,0.6255995035171509,0.6539521813392639,-0.04058989882469177,Left,l
0.6023659110069275,0.8514746427536011,3.615726607009151e-09,0.541374146938324,0.7708797454833984,-0.04938909038901329,0.4821512699127197,0.6704655885696411,-0.08208215236663818,0.40849176049232483,0.5984658598899841,-0.11085864156484604,0.3427531123161316,0.5719881653785706,-0.13706518709659576,0.49339258670806885,0.46258991956710815,-0.05394909530878067,0.46272212266921997,0.2975425124168396,-0.10162794589996338,0.44678497314453125,0.1836807131767273,-0.1252274513244629,0.43129611015319824,0.07814669609069824,-0.14106333255767822,0.5510252714157104,0.4660111963748932,-0.04710372909903526,0.5622832775115967,0.4217873811721802,-0.09680484980344772,0.5558199286460876,0.5767834186553955,-0.08924759924411774,0.5494195818901062,0.5850629210472107,-0.07237398624420166,0.6077982783317566,0.5022634267807007,-0.048443153500556946,0.6107615828514099,0.5028560757637024,-0.09794632345438004,0.5963994264602661,0.6356184482574463,-0.0751943588256836,0.5891878604888916,0.629001259803772,-0.04970700293779373,0.6514469981193542,0.5488881468772888,-0.054580993950366974,0.6476454734802246,0.5751617550849915,-0.08916732668876648,0.6294168829917908,0.6660767793655396,-0.0780431255698204,0.6224101781845093,0.6703930497169495,-0.06337089091539383,Left,l
0.5459789037704468,0.6165151596069336,-2.629302997547711e-08,0.5196585059165955,0.598125696182251,-0.019277580082416534,0.4911458194255829,0.5435692071914673,-0.032391950488090515,0.4649674892425537,0.5040348172187805,-0.04365740716457367,0.4374184012413025,0.49101853370666504,-0.054063860327005386,0.5039196014404297,0.45618996024131775,-0.02569589950144291,0.497141569852829,0.3833252191543579,-0.04532404989004135,0.4920573830604553,0.3374241888523102,-0.050766993314027786,0.489059180021286,0.29329419136047363,-0.053144317120313644,0.5295283198356628,0.4648793339729309,-0.023818805813789368,0.542596697807312,0.433036744594574,-0.044292766600847244,0.5312891006469727,0.5025162696838379,-0.03404691442847252,0.5294139981269836,0.5058208703994751,-0.020158765837550163,0.5527955889701843,0.4857510030269623,-0.025397971272468567,0.5612358450889587,0.48007065057754517,-0.04876760393381119,0.5470160245895386,0.538011908531189,-0.03547791764140129,0.5438520908355713,0.5322622060775757,-0.020829958841204643,0.5735117197036743,0.5080872774124146,-0.02832098677754402,0.5745754837989807,0.5161563754081726,-0.04409468546509743,0.5636798143386841,0.558291494846344,-0.03726445510983467,0.5618445873260498,0.558418869972229,-0.02912496030330658,Left,l
0.29955023527145386,0.7285391688346863,-1.777461449137263e-07,0.2532272934913635,0.6718013882637024,-0.012114654295146465,0.21410128474235535,0.5439424514770508,-0.020373323932290077,0.17503118515014648,0.47490841150283813,-0.03315131738781929,0.13092274963855743,0.4524339437484741,-0.04621855542063713,0.26284366846084595,0.4208816587924957,-0.0009003131999634206,0.24546751379966736,0.2968873977661133,-0.02551819384098053,0.23390358686447144,0.21478044986724854,-0.03695645183324814,0.22767646610736847,0.14507803320884705,-0.045610856264829636,0.29998451471328735,0.4193665683269501,-0.01262702140957117,0.2543153762817383,0.3709663152694702,-0.05223469063639641,0.24541088938713074,0.47186657786369324,-0.05320145562291145,0.26125091314315796,0.5126936435699463,-0.04252622276544571,0.3328433036804199,0.4471461772918701,-0.028845826163887978,0.2783764898777008,0.43524351716041565,-0.06658266484737396,0.272500216960907,0.5306848883628845,-0.05050622299313545,0.2906811833381653,0.5553879141807556,-0.029966523870825768,0.35850316286087036,0.4917795658111572,-0.04730793833732605,0.30783337354660034,0.5103417038917542,-0.06987670809030533,0.3006554841995239,0.5751450061798096,-0.0589786134660244,0.3186442255973816,0.5878908038139343,-0.04549848288297653,Left,l
0.737938404083252,0.7747616767883301,-1.7961885134809563e-07,0.711217999458313,0.7127216458320618,-0.024417681619524956,0.6839133501052856,0.6386299133300781,-0.044444456696510315,0.652882993221283,0.585774302482605,-0.06251400709152222,0.6196385025978088,0.5535656213760376,-0.07848542928695679,0.7312463521957397,0.5416340231895447,-0.03536057472229004,0.7234005331993103,0.4820534288883209,-0.05452117323875427,0.7143149971961975,0.47889184951782227,-0.05915828049182892,0.7217901945114136,0.44470685720443726,-0.06247146055102348,0.7625833749771118,0.5714110136032104,-0.032551109790802,0.7572908401489258,0.5421494245529175,-0.05320883169770241,0.7347366213798523,0.6132948994636536,-0.04734357073903084,0.745516836643219,0.6091790199279785,-0.04078744351863861,0.7900263071060181,0.6091827750205994,-0.03231237083673477,0.7804907560348511,0.5852835178375244,-0.051966987550258636,0.7534794807434082,0.6538454294204712,-0.037961363792419434,0.7608955502510071,0.6552596092224121,-0.027162441983819008,0.81151282787323,0.6480717062950134,-0.03439467400312424,0.796055793762207,0.6389161348342896,-0.04543892666697502,0.7747321128845215,0.6845070123672485,-0.03688060864806175,0.7782477736473083,0.6959110498428345,-0.02995152398943901,Left,l
0.5159263014793396,0.7177474498748779,-6.337101865483419e-08,0.47258469462394714,0.6599779725074768,-0.017398320138454437,0.44394487142562866,0.5749115943908691,-0.0306258387863636,0.4066621661186218,0.5169112086296082,-0.04510436952114105,0.37197691202163696,0.4932042062282562,-0.059022389352321625,0.46472465991973877,0.4735182523727417,-0.01425517350435257,0.45433539152145386,0.36317068338394165,-0.038556814193725586,0.4500204026699066,0.2914295494556427,-0.05263252183794975,0.4469761848449707,0.23036348819732666,-0.06347990781068802,0.49737855792045593,0.4752928912639618,-0.018690187484025955,0.4834432005882263,0.43244218826293945,-0.048978812992572784,0.47332823276519775,0.519630491733551,-0.04863043874502182,0.4795496165752411,0.5451523065567017,-0.04116646572947502,0.5281258821487427,0.4991576671600342,-0.027127841487526894,0.5083633065223694,0.4871748387813568,-0.052488043904304504,0.4956762492656708,0.5626522898674011,-0.03739612177014351,0.5027650594711304,0.5775008201599121,-0.02193496562540531,0.5528039932250977,0.5355907082557678,-0.03838704526424408,0.5300048589706421,0.5437132120132446,-0.05385037884116173,0.5166693925857544,0.5933437347412109,-0.04476955160498619,0.5241098999977112,0.6030496954917908,-0.03503512591123581,Left,l
0.6392359137535095,0.8758540153503418,2.2258731746660487e-07,0.595670759677887,0.7864062786102295,-0.07518035918474197,0.5623270273208618,0.662322461605072,-0.12034735083580017,0.5132612586021423,0.5702600479125977,-0.1582864671945572,0.45617038011550903,0.5105226635932922,-0.1907065361738205,0.5931174159049988,0.4774886965751648,-0.06913452595472336,0.5952109098434448,0.32218119502067566,-0.1308279037475586,0.5964168310165405,0.2132807970046997,-0.15599623322486877,0.6055874824523926,0.10843595862388611,-0.16933588683605194,0.6481075882911682,0.5069562196731567,-0.05614253133535385,0.6570071578025818,0.482552170753479,-0.12565265595912933,0.6240282654762268,0.6156191825866699,-0.11789918690919876,0.624352753162384,0.5950475335121155,-0.09446284174919128,0.6958873271942139,0.5621908903121948,-0.05662680044770241,0.6913205981254578,0.5885211229324341,-0.12490544468164444,0.6561578512191772,0.6973985433578491,-0.1063883826136589,0.657477855682373,0.6582515239715576,-0.07861547917127609,0.7327199578285217,0.6147071123123169,-0.0644354298710823,0.726901650428772,0.6724756360054016,-0.10831941664218903,0.6935982704162598,0.7423325777053833,-0.10519751906394958,0.6869192719459534,0.7228990197181702,-0.09441766142845154,Left,l
0.46225467324256897,0.6696102619171143,-1.1725144588581315e-07,0.4319037199020386,0.6159818172454834,-0.01074170507490635,0.412747323513031,0.5516504049301147,-0.01840876042842865,0.3887764811515808,0.507696270942688,-0.028311558067798615,0.36180800199508667,0.4864681363105774,-0.03740311041474342,0.43080759048461914,0.4759119153022766,-0.001318969065323472,0.42441922426223755,0.39432865381240845,-0.020168865099549294,0.42141786217689514,0.34348976612091064,-0.028431780636310577,0.42186033725738525,0.2960778474807739,-0.033411506563425064,0.4533003270626068,0.48596426844596863,-0.0064238933846354485,0.4437771141529083,0.44275039434432983,-0.03360765427350998,0.43268442153930664,0.5097960233688354,-0.03407347947359085,0.4378315210342407,0.5280061960220337,-0.02650289610028267,0.4751996397972107,0.504669189453125,-0.015295200049877167,0.4598388373851776,0.48360398411750793,-0.04174918308854103,0.4494982659816742,0.5454664826393127,-0.032288625836372375,0.4564754366874695,0.5574040412902832,-0.018558703362941742,0.49435120820999146,0.5274754762649536,-0.0255871694535017,0.47764095664024353,0.5128378868103027,-0.039605699479579926,0.4662476181983948,0.5535964369773865,-0.03199400752782822,0.47086113691329956,0.565656840801239,-0.022719282656908035,Left,l
0.7790306210517883,0.7606256604194641,-1.1808755573383678e-07,0.7575815916061401,0.7040736079216003,-0.019046729430556297,0.7415363788604736,0.6284205913543701,-0.02944406121969223,0.7188189625740051,0.5712870359420776,-0.038075704127550125,0.6918023824691772,0.5419153571128845,-0.04536660388112068,0.7678391933441162,0.5531097650527954,-0.019791604951024055,0.7736461162567139,0.46699315309524536,-0.03705982863903046,0.776894748210907,0.4208298325538635,-0.04172174632549286,0.7820903062820435,0.37847837805747986,-0.04373461380600929,0.791912853717804,0.581069827079773,-0.018923558294773102,0.8122560977935791,0.5507358908653259,-0.03935384377837181,0.7911922931671143,0.6152143478393555,-0.03318425267934799,0.7858383059501648,0.6203128099441528,-0.022485191002488136,0.81365567445755,0.6185275316238403,-0.021497566252946854,0.8279376029968262,0.6019695401191711,-0.045525651425123215,0.8032202124595642,0.6572924852371216,-0.03376426175236702,0.7974163293838501,0.6545023918151855,-0.01979687809944153,0.8304526209831238,0.6559538245201111,-0.02547132410109043,0.8357701897621155,0.6487107276916504,-0.041828740388154984,0.8157705664634705,0.6860706806182861,-0.03422829136252403,0.8081926107406616,0.6894323825836182,-0.025230426341295242,Left,l
0.6046070456504822,0.7155216932296753,-1.5697534649916633e-07,0.5676217079162598,0.6635266542434692,-0.029093993827700615,0.5373641848564148,0.5801692008972168,-0.04603196308016777,0.50125652551651,0.514870822429657,-0.059905946254730225,0.4570358991622925,0.48212501406669617,-0.07051673531532288,0.5407347679138184,0.44201916456222534,-0.034613948315382004,0.5266584753990173,0.32330504059791565,-0.06833788007497787,0.5197144150733948,0.2519429326057434,-0.08140094578266144,0.5144612193107605,0.17455437779426575,-0.08791876584291458,0.578328549861908,0.4579119384288788,-0.032383307814598083,0.6005615592002869,0.41799482703208923,-0.06564295291900635,0.5858436226844788,0.5251588821411133,-0.056065063923597336,0.5778307318687439,0.5133401155471802,-0.04034695774316788,0.6154122352600098,0.48809000849723816,-0.03560434281826019,0.6332871317863464,0.4757702350616455,-0.07496906071901321,0.611555814743042,0.5676693320274353,-0.057393886148929596,0.6006256341934204,0.5475029349327087,-0.036397356539964676,0.6465610265731812,0.5211160778999329,-0.04078811779618263,0.6553560495376587,0.526860237121582,-0.06620113551616669,0.6374214887619019,0.5935901999473572,-0.05444272607564926,0.6259546279907227,0.5943124890327454,-0.04057084396481514,Left,l
0.5271691083908081,0.6137157082557678,4.0683072910496776e-08,0.4954391419887543,0.5968716144561768,-0.02669120393693447,0.4641677439212799,0.5376600623130798,-0.04468536004424095,0.4311645030975342,0.49502432346343994,-0.06038348004221916,0.40164914727211,0.46850165724754333,-0.07550786435604095,0.4796680808067322,0.43784403800964355,-0.03482777252793312,0.476223349571228,0.34736478328704834,-0.06471625715494156,0.4722292721271515,0.28803086280822754,-0.08034878224134445,0.4693196713924408,0.23183780908584595,-0.09023971110582352,0.5092470645904541,0.44404175877571106,-0.0342104472219944,0.5146753787994385,0.4127104580402374,-0.06754111498594284,0.5073294043540955,0.49122679233551025,-0.06678441166877747,0.5070549249649048,0.5092353224754333,-0.05845645070075989,0.5372956395149231,0.46703866124153137,-0.0375809520483017,0.5389755964279175,0.46385568380355835,-0.06954049319028854,0.5264171957969666,0.5343268513679504,-0.05576763674616814,0.524260938167572,0.5384054780006409,-0.03953643515706062,0.5609508752822876,0.4952014982700348,-0.0433848574757576,0.557083785533905,0.5051623582839966,-0.06434419751167297,0.5460958480834961,0.5611265897750854,-0.05432119965553284,0.5456486344337463,0.5680692195892334,-0.042516306042671204,Left,l
0.3362073600292206,0.5816564559936523,-1.323058729241211e-08,0.34885039925575256,0.553878903388977,-0.002922005718573928,0.3555602729320526,0.5150256752967834,-0.006406122352927923,0.3526613116264343,0.4853757619857788,-0.009561401791870594,0.3427984416484833,0.4712194800376892,-0.013427005149424076,0.35628682374954224,0.49886515736579895,-0.013065770268440247,0.34876543283462524,0.4528326392173767,-0.02003387361764908,0.34131309390068054,0.4230293035507202,-0.023701136931777,0.3350527286529541,0.40133965015411377,-0.02612849697470665,0.3455897867679596,0.5011155009269714,-0.014288665726780891,0.330963671207428,0.48189815878868103,-0.02204063907265663,0.3294188976287842,0.4940992295742035,-0.0231400728225708,0.3320969045162201,0.5047731399536133,-0.02301834523677826,0.3327677845954895,0.5081051588058472,-0.015143427066504955,0.3204283118247986,0.49522140622138977,-0.020488223060965538,0.3205251395702362,0.5061975717544556,-0.017186561599373817,0.323174387216568,0.5158259868621826,-0.014438500627875328,0.3193828761577606,0.5172416567802429,-0.016180872917175293,0.310670405626297,0.5073581337928772,-0.018636269494891167,0.31109604239463806,0.5166569948196411,-0.015278670005500317,0.3128599524497986,0.5247172117233276,-0.012149949558079243,Left,l
0.7969127893447876,0.6946990489959717,-4.177674650662766e-09,0.773094892501831,0.6657560467720032,-0.023597098886966705,0.7466176748275757,0.6077882051467896,-0.046482741832733154,0.7225885391235352,0.5635021924972534,-0.06815248727798462,0.6950247883796692,0.5401122570037842,-0.08948711305856705,0.7814767956733704,0.5249800086021423,-0.046666353940963745,0.7848564386367798,0.4338230490684509,-0.07580199837684631,0.789380669593811,0.3786918520927429,-0.08842746913433075,0.7928920984268188,0.32830458879470825,-0.09642214328050613,0.8131568431854248,0.5438084006309509,-0.0477227121591568,0.8257153034210205,0.5371283888816833,-0.07656155526638031,0.8039126396179199,0.6067686676979065,-0.07012347131967545,0.7995687127113342,0.6039150953292847,-0.06061014533042908,0.8387576341629028,0.581206738948822,-0.05158386379480362,0.8456133604049683,0.5930346846580505,-0.08083536475896835,0.8216332197189331,0.6475929021835327,-0.06540141999721527,0.815452516078949,0.635299563407898,-0.051010578870773315,0.8586828112602234,0.6245673298835754,-0.05742814764380455,0.8577714562416077,0.646970272064209,-0.07745487987995148,0.8375826478004456,0.6812262535095215,-0.06789295375347137,0.8308383822441101,0.6733536720275879,-0.05821520835161209,Left,l
0.6212674975395203,0.7987992763519287,-1.6738052011078253e-07,0.5689871311187744,0.7402957677841187,-0.034379612654447556,0.5250009298324585,0.6286500692367554,-0.05607692524790764,0.4789773225784302,0.5390689373016357,-0.07527591288089752,0.4329119920730591,0.48923033475875854,-0.09107769280672073,0.5481151938438416,0.4637104570865631,-0.0479244738817215,0.5412534475326538,0.31644174456596375,-0.1019301638007164,0.5417664051055908,0.2088542878627777,-0.13259442150592804,0.538629949092865,0.10874360799789429,-0.15213912725448608,0.5997353196144104,0.4517427086830139,-0.04512067139148712,0.5883143544197083,0.46945780515670776,-0.09309796988964081,0.5774497389793396,0.5891807079315186,-0.08499885350465775,0.5797973275184631,0.5883731842041016,-0.0700480043888092,0.6467641592025757,0.48383793234825134,-0.04981016367673874,0.6266584992408752,0.5560451745986938,-0.09646941721439362,0.6140612959861755,0.651138424873352,-0.07503463327884674,0.6205253601074219,0.6346259713172913,-0.052220702171325684,0.6861678957939148,0.5291666388511658,-0.05859110504388809,0.6609534025192261,0.6205251812934875,-0.09283389151096344,0.6444417238235474,0.6881639957427979,-0.08625324815511703,0.6508368253707886,0.6746809482574463,-0.07518264651298523,Left,l
0.5938951373100281,0.6679977178573608,-1.1242105557585091e-07,0.5727547407150269,0.6337112784385681,-0.01175131555646658,0.5566374063491821,0.5770878195762634,-0.01939358189702034,0.5390610694885254,0.5401576161384583,-0.026595691218972206,0.5164827108383179,0.5232446789741516,-0.03327423334121704,0.5705428719520569,0.5167235136032104,-0.016391096636652946,0.57016921043396,0.44735103845596313,-0.030326755717396736,0.5719733238220215,0.40935570001602173,-0.035579316318035126,0.5740488767623901,0.3736983835697174,-0.03895421698689461,0.5895397067070007,0.5281821489334106,-0.017609216272830963,0.602011501789093,0.5127911567687988,-0.03445855900645256,0.5929353833198547,0.5614967942237854,-0.03150717541575432,0.5874661207199097,0.5647928714752197,-0.025786159560084343,0.6073803901672363,0.5479134917259216,-0.020812304690480232,0.6155791878700256,0.5455971956253052,-0.038535378873348236,0.6037802696228027,0.5869424343109131,-0.029919875785708427,0.5975030064582825,0.5857793092727661,-0.0208001509308815,0.6217886209487915,0.5700428485870361,-0.025067463517189026,0.6258799433708191,0.5744155049324036,-0.036562107503414154,0.6149658560752869,0.6051281094551086,-0.030817650258541107,0.6076375246047974,0.6076455116271973,-0.02480713650584221,Left,l
0.45419445633888245,0.6080842018127441,-4.678645249001079e-10,0.41779854893684387,0.5933833122253418,-0.020355669781565666,0.3757706880569458,0.5148674845695496,-0.030321933329105377,0.33354565501213074,0.47365838289260864,-0.04000108689069748,0.2974660098552704,0.46117696166038513,-0.04936135932803154,0.3831266462802887,0.42018550634384155,-0.014921415597200394,0.3655288517475128,0.33895641565322876,-0.03814607113599777,0.35447409749031067,0.277607262134552,-0.05255267396569252,0.3446030020713806,0.22492779791355133,-0.06308386474847794,0.4135715663433075,0.40058091282844543,-0.016665019094944,0.4037838280200958,0.38898512721061707,-0.044659268110990524,0.4082036316394806,0.4725574851036072,-0.044363781809806824,0.41572943329811096,0.4963265359401703,-0.03670567274093628,0.44685980677604675,0.412604957818985,-0.022495567798614502,0.4377841353416443,0.42842698097229004,-0.04895878955721855,0.4349498450756073,0.5024911165237427,-0.036385901272296906,0.4400083124637604,0.5125365257263184,-0.021491536870598793,0.477431982755661,0.44210946559906006,-0.030741577968001366,0.46543437242507935,0.47362226247787476,-0.04731830954551697,0.4593478739261627,0.5275226831436157,-0.03844538703560829,0.4640190005302429,0.5331523418426514,-0.027849141508340836,Left,l
0.7569594979286194,0.7054914832115173,-8.094245629308716e-08,0.7351024150848389,0.6666199564933777,-0.015142747201025486,0.7135478854179382,0.6043601632118225,-0.025909869000315666,0.6918774843215942,0.561385989189148,-0.03561783209443092,0.6649203300476074,0.5420300364494324,-0.04459191858768463,0.7364606261253357,0.5299530029296875,-0.020844444632530212,0.738699197769165,0.45827117562294006,-0.03698144853115082,0.7398552298545837,0.4181827902793884,-0.041772108525037766,0.7421923279762268,0.37908804416656494,-0.04452948644757271,0.7591784596443176,0.551749050617218,-0.020959768444299698,0.7743242979049683,0.5203272700309753,-0.038335006684064865,0.7579209804534912,0.5839527249336243,-0.031195254996418953,0.7560113072395325,0.5865797400474548,-0.021373802796006203,0.7803650498390198,0.5808761119842529,-0.023783940821886063,0.7918241620063782,0.5624412298202515,-0.04381148889660835,0.7730810046195984,0.6173729300498962,-0.031500741839408875,0.7697985172271729,0.6153002977371216,-0.01920170523226261,0.797627329826355,0.6097730994224548,-0.02780352160334587,0.8006728887557983,0.603388786315918,-0.042885687202215195,0.7855164408683777,0.6415749788284302,-0.03618670627474785,0.7817058563232422,0.6469736099243164,-0.028794795274734497,Left,l
0.751025378704071,0.48220065236091614,-1.2062812970725645e-07,0.7287904620170593,0.4608094096183777,-0.011051429435610771,0.7090603113174438,0.40535449981689453,-0.02155127562582493,0.6919784545898438,0.3686436712741852,-0.031804874539375305,0.6696658134460449,0.35281094908714294,-0.04228757321834564,0.7359552979469299,0.346674382686615,-0.025903776288032532,0.7364465594291687,0.2796158194541931,-0.04468923434615135,0.7355583310127258,0.2403000146150589,-0.05173712968826294,0.7382566332817078,0.20176474750041962,-0.05614110827445984,0.759020209312439,0.36613330245018005,-0.027848225086927414,0.7750364542007446,0.34111303091049194,-0.04772179573774338,0.7567223906517029,0.3985902667045593,-0.04264054819941521,0.753441572189331,0.4041760563850403,-0.03480677679181099,0.7782399654388428,0.39492422342300415,-0.03131598234176636,0.7920509576797485,0.3824913799762726,-0.05263941362500191,0.7702975869178772,0.4323396682739258,-0.040689270943403244,0.765867292881012,0.43180200457572937,-0.02891145460307598,0.7942032814025879,0.42548179626464844,-0.03538529574871063,0.7981050610542297,0.4268141984939575,-0.049456171691417694,0.7813062071800232,0.4607042670249939,-0.04203059896826744,0.7772366404533386,0.4635308086872101,-0.03485623747110367,Left,l
0.6452789902687073,0.8068965673446655,1.323976022149509e-07,0.5986400842666626,0.7551959753036499,-0.051361337304115295,0.5532006025314331,0.6685404777526855,-0.08569048345088959,0.505991518497467,0.5942497253417969,-0.11384677141904831,0.4575830101966858,0.5436956286430359,-0.13771924376487732,0.5672253370285034,0.49299857020378113,-0.06864889711141586,0.5652897953987122,0.36345481872558594,-0.1317545622587204,0.5690733194351196,0.26575544476509094,-0.1668432652950287,0.5692603588104248,0.17275598645210266,-0.18654976785182953,0.6132402420043945,0.4936053454875946,-0.059227291494607925,0.6241620182991028,0.5052214860916138,-0.11504324525594711,0.6132318377494812,0.6213672161102295,-0.10829130560159683,0.6068601012229919,0.6069986820220947,-0.09226413071155548,0.6596524119377136,0.5231173038482666,-0.05874957516789436,0.6656026244163513,0.5690064430236816,-0.11659340560436249,0.6492538452148438,0.6713763475418091,-0.09613107889890671,0.6426782608032227,0.6480268239974976,-0.07049309462308884,0.6987521648406982,0.5575018525123596,-0.06265345960855484,0.7013444900512695,0.6198638677597046,-0.10250537842512131,0.682313084602356,0.6971614360809326,-0.09244772791862488,0.6750608682632446,0.690771758556366,-0.07667607069015503,Left,l
0.603264331817627,0.6266701221466064,-1.5036545164548443e-07,0.5845715403556824,0.6056942939758301,-0.01324397698044777,0.5664174556732178,0.5602370500564575,-0.023446107283234596,0.5528253316879272,0.5329073667526245,-0.03197136148810387,0.5353789329528809,0.5184215903282166,-0.03972766548395157,0.5883999466896057,0.4946712553501129,-0.030354676768183708,0.5885911583900452,0.428122341632843,-0.04948946833610535,0.5905833840370178,0.38975995779037476,-0.05960855260491371,0.593666136264801,0.35445305705070496,-0.06627549231052399,0.6131657361984253,0.5078508257865906,-0.029687926173210144,0.6125432252883911,0.5148861408233643,-0.04631099849939346,0.6033003926277161,0.5547534823417664,-0.04414965957403183,0.6035400629043579,0.554424524307251,-0.04116810858249664,0.6309464573860168,0.5333638191223145,-0.030545271933078766,0.6266511082649231,0.5482016205787659,-0.04590560123324394,0.6158207654953003,0.5792990326881409,-0.03845730423927307,0.6167328357696533,0.5733315348625183,-0.03240877762436867,0.6449346542358398,0.5609508752822876,-0.0326976552605629,0.6368366479873657,0.5790839195251465,-0.043967653065919876,0.6261187195777893,0.6011343002319336,-0.040592361241579056,0.6242654323577881,0.5988339185714722,-0.03712720423936844,Left,l
0.767975926399231,0.7283532619476318,-1.5353623439295916e-07,0.7526223063468933,0.6885154843330383,-0.014032416045665741,0.7397353053092957,0.6328975558280945,-0.02498795837163925,0.7243044972419739,0.5948153138160706,-0.0344160832464695,0.7034114003181458,0.570298969745636,-0.04286376014351845,0.7697569727897644,0.5720618367195129,-0.028910962864756584,0.7754890322685242,0.5075605511665344,-0.048475801944732666,0.7767659425735474,0.47418728470802307,-0.05716852471232414,0.7845771908760071,0.4347730278968811,-0.06317955255508423,0.7906753420829773,0.59964919090271,-0.02937421202659607,0.8024153113365173,0.601622998714447,-0.048847611993551254,0.7832438945770264,0.6435661315917969,-0.046725083142519,0.782935380935669,0.6295081377029419,-0.04310021921992302,0.8082581162452698,0.6340750455856323,-0.03166183456778526,0.8165435194969177,0.6429530382156372,-0.05067286267876625,0.7943779826164246,0.6774344444274902,-0.04235027730464935,0.7947378754615784,0.6600342392921448,-0.0352712906897068,0.822553277015686,0.668781578540802,-0.0351480133831501,0.821883499622345,0.6829673647880554,-0.04797350615262985,0.8038131594657898,0.7064182162284851,-0.043504782021045685,0.8011102676391602,0.698978066444397,-0.03940177336335182,Left,l
0.5852245688438416,0.36739346385002136,1.348350053831382e-07,0.560748815536499,0.38226646184921265,-0.01540267001837492,0.5494974255561829,0.4183211326599121,-0.030331240966916084,0.551591694355011,0.46626201272010803,-0.04137028753757477,0.5571778416633606,0.5067224502563477,-0.05407179892063141,0.5649282336235046,0.36885756254196167,-0.05556299909949303,0.5623924136161804,0.4517573118209839,-0.07557281106710434,0.5591906905174255,0.5108640789985657,-0.08578696101903915,0.5572100281715393,0.5587631464004517,-0.09184587746858597,0.5852469205856323,0.3712329566478729,-0.05535250902175903,0.577964186668396,0.4717055559158325,-0.0762454941868782,0.5726845264434814,0.5384114980697632,-0.0848650261759758,0.5682231187820435,0.5860694646835327,-0.0910695493221283,0.6001818180084229,0.3864329755306244,-0.05343951657414436,0.5918744802474976,0.47917142510414124,-0.06976018100976944,0.5847715735435486,0.5392595529556274,-0.07393002510070801,0.5791440606117249,0.579544186592102,-0.07571696490049362,0.6099725961685181,0.4101153016090393,-0.05162060633301735,0.6000243425369263,0.47914913296699524,-0.06247531622648239,0.5905374884605408,0.5227024555206299,-0.06484398990869522,0.5824835300445557,0.553481936454773,-0.06641622632741928,Left,m
0.23410163819789886,-0.06354594230651855,8.073806867514577e-08,0.15279990434646606,0.07736983895301819,-0.017252344638109207,0.12231935560703278,0.28399646282196045,-0.058745771646499634,0.15264776349067688,0.4757567346096039,-0.09248688071966171,0.19307883083820343,0.5986314415931702,-0.1348969042301178,0.08324523270130157,0.2324335277080536,-0.16044257581233978,0.11766549944877625,0.5817983746528625,-0.21674928069114685,0.1437513530254364,0.7559105157852173,-0.24058231711387634,0.158537819981575,0.8910529613494873,-0.25308680534362793,0.15573212504386902,0.16228660941123962,-0.17928674817085266,0.17851682007312775,0.5597627758979797,-0.24143384397029877,0.19658462703227997,0.7737894058227539,-0.26236477494239807,0.20198720693588257,0.926751971244812,-0.2757766544818878,0.23939573764801025,0.12386369705200195,-0.18922381103038788,0.25897321105003357,0.5019246339797974,-0.24843838810920715,0.26697975397109985,0.6993112564086914,-0.2603784501552582,0.26307034492492676,0.838025689125061,-0.26340943574905396,0.3258839249610901,0.11995363235473633,-0.1941712498664856,0.3283831775188446,0.4110935628414154,-0.2424878478050232,0.317855566740036,0.5208802819252014,-0.24303682148456573,0.3008657991886139,0.5865013599395752,-0.23859849572181702,Left,m
0.5648325085639954,0.006098330020904541,7.987341632542666e-07,0.4970271587371826,0.11659026145935059,-0.03067147359251976,0.49836409091949463,0.2793506681919098,-0.07096279412508011,0.5306450724601746,0.41808661818504333,-0.09970855712890625,0.5647290349006653,0.5174698829650879,-0.1332576423883438,0.5010166764259338,0.2256765216588974,-0.15604200959205627,0.526944100856781,0.4818170368671417,-0.20192095637321472,0.5444073677062988,0.6244823932647705,-0.21802741289138794,0.5611011385917664,0.7364435195922852,-0.22460751235485077,0.5659015774726868,0.1892041116952896,-0.15729361772537231,0.5891428589820862,0.47485435009002686,-0.20962375402450562,0.6057920455932617,0.6439371109008789,-0.2243088036775589,0.6175887584686279,0.7603983879089355,-0.23163367807865143,0.6253268718719482,0.1707330197095871,-0.15064872801303864,0.6441807150840759,0.4438987374305725,-0.19134560227394104,0.6460157632827759,0.6009246110916138,-0.19975914061069489,0.645401656627655,0.7040945291519165,-0.20223119854927063,0.6735622882843018,0.16785679757595062,-0.14149560034275055,0.6742343902587891,0.3802226185798645,-0.16832329332828522,0.659284770488739,0.4533218741416931,-0.16603127121925354,0.6463708877563477,0.4858143925666809,-0.16183894872665405,Left,m
0.588645875453949,0.142512246966362,2.6721406243268575e-07,0.5388779640197754,0.2071460485458374,-0.012743301689624786,0.5329623222351074,0.3094068169593811,-0.03417542576789856,0.5522383451461792,0.399569034576416,-0.04966359585523605,0.5731016993522644,0.46142029762268066,-0.06790025532245636,0.5409753918647766,0.2825131416320801,-0.0868370458483696,0.5508790016174316,0.4381997883319855,-0.11446830630302429,0.5597181916236877,0.5241387486457825,-0.12383978813886642,0.5687283873558044,0.5873040556907654,-0.1269519031047821,0.5813295245170593,0.2669944763183594,-0.0891106128692627,0.5897295475006104,0.4404282569885254,-0.1203034445643425,0.5936918258666992,0.5413618087768555,-0.12760895490646362,0.5976639986038208,0.6077903509140015,-0.13096673786640167,0.6171752214431763,0.26427823305130005,-0.08699792623519897,0.6216549873352051,0.4293571412563324,-0.11022059619426727,0.6176711320877075,0.5281269550323486,-0.11491246521472931,0.6152470111846924,0.5941238403320312,-0.11601237207651138,0.6448249816894531,0.27024567127227783,-0.08306729048490524,0.637730598449707,0.3993406295776367,-0.09716707468032837,0.6245830059051514,0.4542770981788635,-0.09755993634462357,0.6147081851959229,0.4857982397079468,-0.09668466448783875,Left,m
0.17902159690856934,0.1465669870376587,-2.1313475428996753e-07,0.1287706196308136,0.2002362310886383,0.0016706972382962704,0.09880178421735764,0.2927502393722534,-0.0083630895242095,0.09012262523174286,0.37747517228126526,-0.017427898943424225,0.09498080611228943,0.45045119524002075,-0.03176083043217659,0.07753835618495941,0.30680051445961,-0.05070894584059715,0.08111691474914551,0.43988755345344543,-0.06610025465488434,0.0867653638124466,0.5249985456466675,-0.07164452970027924,0.09203367680311203,0.5882575511932373,-0.07545851916074753,0.1072060689330101,0.2885221242904663,-0.060857340693473816,0.11333781480789185,0.43906065821647644,-0.07447267323732376,0.11931516230106354,0.5349149703979492,-0.07873360067605972,0.125657856464386,0.6051197052001953,-0.0848836675286293,0.1455916315317154,0.2757022976875305,-0.06633205711841583,0.15935222804546356,0.4170762002468109,-0.07676609605550766,0.1717655509710312,0.4815049171447754,-0.07247748225927353,0.1792866587638855,0.5143651366233826,-0.07188645750284195,0.18910053372383118,0.27040624618530273,-0.0705467164516449,0.1900421679019928,0.38371989130973816,-0.08377982676029205,0.1936471164226532,0.44571760296821594,-0.08028078824281693,0.19707630574703217,0.48297902941703796,-0.07709614932537079,Left,m
0.4333227276802063,0.23613819479942322,2.747367204847251e-07,0.39734214544296265,0.27614641189575195,-0.003349051345139742,0.38794755935668945,0.34888148307800293,-0.014453894458711147,0.39769697189331055,0.4139988124370575,-0.023007377982139587,0.41102373600006104,0.45911699533462524,-0.03458566963672638,0.38338324427604675,0.3466174602508545,-0.04735533893108368,0.38292840123176575,0.4551844596862793,-0.0622587576508522,0.384708434343338,0.5150750279426575,-0.06796039640903473,0.3864763379096985,0.5636582374572754,-0.07048029452562332,0.41123247146606445,0.3447818458080292,-0.05154747888445854,0.40922772884368896,0.4644302427768707,-0.07035607099533081,0.4077945053577423,0.536615788936615,-0.07730360329151154,0.4056384265422821,0.5867573618888855,-0.08113256841897964,0.4394347667694092,0.3444092571735382,-0.05211537331342697,0.436026394367218,0.4579266607761383,-0.06739894300699234,0.42880117893218994,0.5223769545555115,-0.07089760154485703,0.4219041168689728,0.5644202828407288,-0.07162929326295853,0.4650835394859314,0.3428788185119629,-0.05083676055073738,0.45064008235931396,0.4308333098888397,-0.05965684354305267,0.43870818614959717,0.45329296588897705,-0.05663798749446869,0.4287790358066559,0.45697662234306335,-0.05339433625340462,Left,m
0.20539261400699615,0.0688551813364029,-2.8431455234567693e-07,0.1515708565711975,0.1189388856291771,0.010690337978303432,0.11855286359786987,0.20546773076057434,0.007180663291364908,0.11136673390865326,0.2902412414550781,0.001797720673494041,0.12088438123464584,0.3499292731285095,-0.008090165443718433,0.09338723123073578,0.23486171662807465,-0.026304293423891068,0.10596919059753418,0.3573286533355713,-0.03282365947961807,0.12199634313583374,0.41627877950668335,-0.03177868574857712,0.13288941979408264,0.4523869752883911,-0.030841704457998276,0.12132848799228668,0.22002175450325012,-0.038226738572120667,0.1364135891199112,0.3541707396507263,-0.04164324328303337,0.14577724039554596,0.4260268807411194,-0.040233030915260315,0.15458336472511292,0.48060324788093567,-0.042221806943416595,0.15703433752059937,0.20896616578102112,-0.046014346182346344,0.1746469885110855,0.3430814743041992,-0.050239864736795425,0.18845325708389282,0.38701730966567993,-0.045330677181482315,0.197082057595253,0.40525326132774353,-0.04388820379972458,0.19870412349700928,0.20287638902664185,-0.05194272845983505,0.19965367019176483,0.31583869457244873,-0.05983762443065643,0.20390602946281433,0.36763423681259155,-0.05569307506084442,0.21029019355773926,0.39209580421447754,-0.05186755955219269,Left,m
0.21410280466079712,0.28700828552246094,-1.5258920882388338e-07,0.16940873861312866,0.3311641216278076,0.009262054227292538,0.13702547550201416,0.3985954821109772,0.0073309228755533695,0.126599982380867,0.4615180492401123,0.0036982556339353323,0.133632630109787,0.5158758163452148,-0.00494725164026022,0.10771353542804718,0.4261176884174347,-0.018156105652451515,0.10568468272686005,0.5435715913772583,-0.027465706691145897,0.10545889288187027,0.6131055951118469,-0.033927809447050095,0.10304149240255356,0.6643040180206299,-0.038628771901130676,0.127714604139328,0.4233265519142151,-0.029746487736701965,0.12054000049829483,0.5556156635284424,-0.037260547280311584,0.11932677775621414,0.6348053216934204,-0.042466625571250916,0.11829279363155365,0.6906490921974182,-0.04829457029700279,0.15734556317329407,0.42458778619766235,-0.038420721888542175,0.15026059746742249,0.5511853694915771,-0.04831637814640999,0.1490945965051651,0.6161731481552124,-0.052590809762477875,0.14609436690807343,0.6546691656112671,-0.05627213418483734,0.19491642713546753,0.4310351610183716,-0.04500086233019829,0.1837930977344513,0.5207341313362122,-0.05339983105659485,0.18519175052642822,0.5458248853683472,-0.050882212817668915,0.19005703926086426,0.5513301491737366,-0.04887951910495758,Left,m
0.4924107789993286,0.4024165868759155,5.22286391912985e-08,0.46602633595466614,0.414198100566864,-0.0019018120365217328,0.4508941173553467,0.4597345292568207,-0.007362441625446081,0.4483432471752167,0.505752444267273,-0.011437645182013512,0.4529931843280792,0.5394014120101929,-0.017691804096102715,0.44862690567970276,0.4640248417854309,-0.0250519011169672,0.4468625485897064,0.5303236246109009,-0.03349464014172554,0.44544145464897156,0.5713388919830322,-0.038117799907922745,0.4444414973258972,0.6005814075469971,-0.041137147694826126,0.4693712592124939,0.46324729919433594,-0.027668265625834465,0.4663512706756592,0.5366723537445068,-0.03527875244617462,0.4647606909275055,0.5828002095222473,-0.03841560333967209,0.4642283618450165,0.6127176880836487,-0.04151371866464615,0.489389032125473,0.46411848068237305,-0.028620397672057152,0.4845033288002014,0.5322834253311157,-0.03379670903086662,0.4818757474422455,0.5724883079528809,-0.0342010036110878,0.4796411395072937,0.5977106690406799,-0.034968677908182144,0.5081720352172852,0.4659462869167328,-0.02898484654724598,0.5029011964797974,0.5183274745941162,-0.03314969688653946,0.49994295835494995,0.54807448387146,-0.03221080079674721,0.4970468282699585,0.5685045719146729,-0.031409744173288345,Left,m
0.4265393614768982,0.24633559584617615,3.540736770446529e-08,0.3822469711303711,0.2946836054325104,0.0021472026128321886,0.3642014265060425,0.3822953402996063,-0.005703310947865248,0.3666478991508484,0.4628709554672241,-0.01263667456805706,0.3750063478946686,0.5191400647163391,-0.023489972576498985,0.3584807515144348,0.3883362412452698,-0.037289686501026154,0.3606172502040863,0.5121909379959106,-0.05180690437555313,0.364570289850235,0.584696352481842,-0.059598490595817566,0.3671320378780365,0.6419119834899902,-0.0643366277217865,0.3890925645828247,0.3773064911365509,-0.04501811042428017,0.390287309885025,0.5249709486961365,-0.05965690687298775,0.39224839210510254,0.6087292432785034,-0.06561895459890366,0.3938356637954712,0.6664653420448303,-0.07055202126502991,0.4219565987586975,0.3715967833995819,-0.04943767189979553,0.4189365804195404,0.5090851783752441,-0.061185844242572784,0.41655829548835754,0.5834460854530334,-0.062467727810144424,0.41381600499153137,0.6333077549934387,-0.06317316740751266,0.454088032245636,0.36845895648002625,-0.052003711462020874,0.44442713260650635,0.4701756536960602,-0.05988733097910881,0.43784651160240173,0.5143301486968994,-0.05688429996371269,0.4312891960144043,0.5416860580444336,-0.05413025617599487,Left,m
0.35579073429107666,0.07823660969734192,4.869411895924713e-07,0.27302512526512146,0.16652967035770416,-0.012265985831618309,0.24099555611610413,0.3333088159561157,-0.04184296727180481,0.25612109899520874,0.4920980930328369,-0.0660523846745491,0.276515930891037,0.6090072989463806,-0.0971539244055748,0.2265549749135971,0.31421399116516113,-0.11812665313482285,0.2270170897245407,0.5775273442268372,-0.15981806814670563,0.23005656898021698,0.7254493236541748,-0.17809244990348816,0.2314823567867279,0.8464486002922058,-0.18743155896663666,0.2938806414604187,0.29459360241889954,-0.13122448325157166,0.287641704082489,0.598127543926239,-0.17520874738693237,0.2854512333869934,0.782297670841217,-0.19445230066776276,0.2818039357662201,0.912400484085083,-0.20796380937099457,0.3617645502090454,0.29107004404067993,-0.1373276710510254,0.35243839025497437,0.5789287090301514,-0.17625035345554352,0.34724190831184387,0.7539603114128113,-0.19151626527309418,0.34354984760284424,0.8692142367362976,-0.19926072657108307,0.4244057238101959,0.2979331910610199,-0.13967975974082947,0.3984135687351227,0.523682713508606,-0.16815419495105743,0.3803566098213196,0.6186683177947998,-0.17169752717018127,0.36672738194465637,0.6736387014389038,-0.17206338047981262,Left,m
0.27496853470802307,0.005733460187911987,-3.0678998541588953e-07,0.19831755757331848,0.07253788411617279,0.000406096747610718,0.15653282403945923,0.20832206308841705,-0.012977013364434242,0.14377357065677643,0.34437495470046997,-0.024392297491431236,0.1477811634540558,0.44764232635498047,-0.043270863592624664,0.13559766113758087,0.22372473776340485,-0.06241431087255478,0.13835686445236206,0.4308425486087799,-0.08800087869167328,0.14459197223186493,0.5563424229621887,-0.10117971897125244,0.14639805257320404,0.6432921886444092,-0.1089199110865593,0.18611636757850647,0.18921498954296112,-0.07354865968227386,0.18751108646392822,0.4298998713493347,-0.09657071530818939,0.1877249777317047,0.5806692838668823,-0.10345778614282608,0.18996962904930115,0.6817216873168945,-0.11043772846460342,0.24323806166648865,0.1715058535337448,-0.0796651616692543,0.241886168718338,0.4066705107688904,-0.10074768960475922,0.23734572529792786,0.5286885499954224,-0.09718647599220276,0.23102645576000214,0.6008199453353882,-0.09382902830839157,0.3032388985157013,0.16477712988853455,-0.08331505954265594,0.29575467109680176,0.350740522146225,-0.10136280208826065,0.2839467525482178,0.4251447916030884,-0.09417510777711868,0.27282047271728516,0.46181440353393555,-0.08623304218053818,Left,m
0.44933074712753296,-0.05206984281539917,-3.412772855426738e-07,0.3341839015483856,0.05472145974636078,-0.0423983633518219,0.2673683762550354,0.22212234139442444,-0.10699543356895447,0.26918232440948486,0.4312775135040283,-0.16183121502399445,0.30488064885139465,0.5977147817611694,-0.22932575643062592,0.2797640860080719,0.10369615256786346,-0.21213559806346893,0.2803764045238495,0.48350411653518677,-0.29126694798469543,0.29546892642974854,0.7015688419342041,-0.3380599617958069,0.31080666184425354,0.8713443279266357,-0.3671768605709076,0.38093212246894836,0.05277416110038757,-0.2260970175266266,0.3777811527252197,0.4815044105052948,-0.3031243085861206,0.3871028423309326,0.7387956976890564,-0.3379752039909363,0.3997448682785034,0.920441210269928,-0.36947816610336304,0.47083306312561035,0.05257895588874817,-0.23203270137310028,0.4615456461906433,0.4603769779205322,-0.2983494997024536,0.4445995092391968,0.6960848569869995,-0.3160015344619751,0.4380451440811157,0.8478222489356995,-0.330275297164917,0.5379648208618164,0.09067168831825256,-0.23582269251346588,0.5174844264984131,0.3936755955219269,-0.28492510318756104,0.48857492208480835,0.5293906331062317,-0.2904289960861206,0.46855318546295166,0.6061413288116455,-0.29687753319740295,Left,m
0.318280428647995,0.047111496329307556,3.514127797643596e-07,0.2522391378879547,0.15250276029109955,-0.015090446919202805,0.23820430040359497,0.3082037568092346,-0.045235779136419296,0.2647359371185303,0.44367778301239014,-0.06818276643753052,0.2945825159549713,0.5390129089355469,-0.09672689437866211,0.23156395554542542,0.29244861006736755,-0.11616931855678558,0.26218274235725403,0.5132303237915039,-0.15110859274864197,0.28127235174179077,0.6353470087051392,-0.1648676097393036,0.2980935573577881,0.732752799987793,-0.17155419290065765,0.2875708341598511,0.25292834639549255,-0.1212383285164833,0.3160344958305359,0.5072046518325806,-0.16167302429676056,0.3319241404533386,0.6614246368408203,-0.1753874272108078,0.3441556990146637,0.7682083249092102,-0.1849122941493988,0.3445996940135956,0.2328316867351532,-0.11888106912374496,0.3644963800907135,0.474892795085907,-0.14799974858760834,0.3720952570438385,0.6176632642745972,-0.1521809995174408,0.3774338364601135,0.7083430886268616,-0.15345746278762817,0.3965291678905487,0.22783364355564117,-0.11378312855958939,0.393176794052124,0.421150803565979,-0.13047778606414795,0.3857014775276184,0.5196459293365479,-0.12738683819770813,0.3779442012310028,0.581485390663147,-0.12436268478631973,Left,m
0.3710291385650635,0.16321471333503723,1.1092519116573385e-06,0.33681994676589966,0.3249972462654114,-0.03223726525902748,0.38596683740615845,0.47845956683158875,-0.07120216637849808,0.45445024967193604,0.5722607970237732,-0.0968858003616333,0.5131977200508118,0.630081057548523,-0.12709519267082214,0.39291608333587646,0.4394955635070801,-0.16119903326034546,0.4839019477367401,0.658481776714325,-0.20758089423179626,0.5299652218818665,0.7803804874420166,-0.2247467190027237,0.5670742988586426,0.8779639005661011,-0.23235294222831726,0.4480602741241455,0.36080506443977356,-0.1581363081932068,0.5434510707855225,0.6004300117492676,-0.21929115056991577,0.5988239645957947,0.7510948181152344,-0.24028708040714264,0.6349557042121887,0.8574745655059814,-0.25013467669487,0.49715787172317505,0.29754960536956787,-0.14501725137233734,0.5878278613090515,0.5283896327018738,-0.19160620868206024,0.6233041286468506,0.6710035800933838,-0.19899457693099976,0.6442557573318481,0.7685793042182922,-0.19896681606769562,0.5352274775505066,0.25164830684661865,-0.12856124341487885,0.5792152881622314,0.440841406583786,-0.15345583856105804,0.5623003840446472,0.4909036159515381,-0.14233531057834625,0.5392866134643555,0.49842068552970886,-0.13138718903064728,Left,m
0.41122743487358093,0.1310586780309677,4.052742497151485e-08,0.3416697084903717,0.17080259323120117,-0.012530767358839512,0.31366515159606934,0.2816143333911896,-0.03894704207777977,0.31588098406791687,0.3935891389846802,-0.059703338891267776,0.32891929149627686,0.4840109348297119,-0.08575018495321274,0.30693766474723816,0.2758912444114685,-0.09747522324323654,0.31313201785087585,0.4519864320755005,-0.12642113864421844,0.3173329532146454,0.5539789795875549,-0.13673798739910126,0.32116463780403137,0.6277168989181519,-0.14055147767066956,0.3524673879146576,0.2589907646179199,-0.09921894967556,0.3541788160800934,0.4465045630931854,-0.12842349708080292,0.3516344428062439,0.5642836093902588,-0.13086864352226257,0.35629287362098694,0.6405946016311646,-0.132366344332695,0.3966739773750305,0.25742119550704956,-0.09493562579154968,0.394238144159317,0.4375339150428772,-0.11513218283653259,0.3832741379737854,0.5280461311340332,-0.10528833419084549,0.37928155064582825,0.5722100734710693,-0.09688155353069305,0.43540695309638977,0.2680342197418213,-0.08918917179107666,0.42395469546318054,0.40347373485565186,-0.10200236737728119,0.4111167788505554,0.4658997356891632,-0.09155381470918655,0.4034782946109772,0.4918893277645111,-0.08174940943717957,Left,m
0.7142772674560547,0.23218674957752228,3.1511871156908455e-07,0.6512216329574585,0.26675164699554443,-0.024650011211633682,0.6284727454185486,0.3737083673477173,-0.05238025262951851,0.6322931051254272,0.4811236262321472,-0.07133951038122177,0.6409013271331787,0.5608100295066833,-0.09307236969470978,0.6421486735343933,0.3292219936847687,-0.1103818342089653,0.631178617477417,0.4870142638683319,-0.14227156341075897,0.6257930994033813,0.578705906867981,-0.1537233144044876,0.6236354112625122,0.6481516361236572,-0.15847384929656982,0.6876295208930969,0.3312477171421051,-0.107703298330307,0.6735654473304749,0.5062517523765564,-0.1443212926387787,0.6619207859039307,0.6191437244415283,-0.155832901597023,0.6566694378852844,0.6912440061569214,-0.16324396431446075,0.7253897786140442,0.34532755613327026,-0.10002611577510834,0.7075628042221069,0.5138102173805237,-0.12599140405654907,0.6905855536460876,0.6158265471458435,-0.13382627069950104,0.6814799904823303,0.6767069101333618,-0.13767842948436737,0.7525013089179993,0.36700448393821716,-0.09115073829889297,0.7316392064094543,0.5023579001426697,-0.10728869587182999,0.7116415500640869,0.5725036263465881,-0.1115587055683136,0.698090672492981,0.6138477921485901,-0.11419244855642319,Left,m
0.481963574886322,0.2697177529335022,1.4833483419351978e-07,0.4405710995197296,0.3032427132129669,-0.0028942336793988943,0.42541876435279846,0.3775627911090851,-0.012184662744402885,0.42897549271583557,0.4489099383354187,-0.019082536920905113,0.4360802471637726,0.49799081683158875,-0.028302500024437904,0.4267759323120117,0.3763384222984314,-0.04397551342844963,0.4179687798023224,0.48909711837768555,-0.05929558724164963,0.4147968292236328,0.551083505153656,-0.06529782712459564,0.4138137102127075,0.6002843379974365,-0.06776724755764008,0.45593008399009705,0.382280558347702,-0.04794808477163315,0.4442685842514038,0.504378616809845,-0.06431931257247925,0.43858522176742554,0.5774495005607605,-0.06932289898395538,0.43572142720222473,0.6290470957756042,-0.07235140353441238,0.48304349184036255,0.39039725065231323,-0.0491928830742836,0.4688059687614441,0.5003966689109802,-0.061459019780159,0.4592190086841583,0.5671955347061157,-0.06550949811935425,0.452870637178421,0.6137903332710266,-0.06749948859214783,0.5057554841041565,0.39572209119796753,-0.048999130725860596,0.4883597791194916,0.47966712713241577,-0.05661053583025932,0.47658368945121765,0.5141063332557678,-0.05677848681807518,0.4682365357875824,0.5356501340866089,-0.056298449635505676,Left,m
0.6417654156684875,0.024549633264541626,7.884249839662516e-07,0.5778437256813049,0.13149388134479523,-0.02868323214352131,0.5803207755088806,0.28220194578170776,-0.057843949645757675,0.617211639881134,0.3925410807132721,-0.07552526891231537,0.6559792160987854,0.4633171558380127,-0.09672412276268005,0.6127644181251526,0.23077118396759033,-0.13274426758289337,0.6383728981018066,0.4515727460384369,-0.16894379258155823,0.6528662443161011,0.576193630695343,-0.17975455522537231,0.6670638918876648,0.6757780313491821,-0.18278533220291138,0.6734893321990967,0.20489883422851562,-0.1281469464302063,0.6916857957839966,0.44987475872039795,-0.16873711347579956,0.7035548090934753,0.6015318632125854,-0.17963680624961853,0.7152060866355896,0.7152976989746094,-0.1842329055070877,0.7211820483207703,0.19724763929843903,-0.11648854613304138,0.7351320385932922,0.43017852306365967,-0.1445062756538391,0.7328228950500488,0.5631828308105469,-0.15149517357349396,0.7320460677146912,0.656409740447998,-0.1542966365814209,0.7532333135604858,0.19871070981025696,-0.10339303314685822,0.7497406005859375,0.3712839186191559,-0.11767704039812088,0.7263071537017822,0.43123024702072144,-0.11473633348941803,0.7068645358085632,0.458649218082428,-0.11176580935716629,Left,m
0.41899818181991577,0.2834436893463135,2.152163460777956e-07,0.3822201192378998,0.3251163363456726,-0.0022525088861584663,0.36915743350982666,0.40053999423980713,-0.011766193434596062,0.3730378746986389,0.46564602851867676,-0.019378801807761192,0.3812545835971832,0.5120771527290344,-0.02967989817261696,0.3665939271450043,0.3981840908527374,-0.04350966215133667,0.3615952134132385,0.5100938081741333,-0.059846118092536926,0.3613598644733429,0.5719472765922546,-0.06682281941175461,0.36174577474594116,0.6209737062454224,-0.07011855393648148,0.39667922258377075,0.40026405453681946,-0.049697395414114,0.3893480896949768,0.5257518887519836,-0.06588204205036163,0.3860107362270355,0.5972976088523865,-0.07240745425224304,0.3820306062698364,0.6496776938438416,-0.0764930322766304,0.4255644679069519,0.402746319770813,-0.05314242094755173,0.41649436950683594,0.5225756168365479,-0.06643126904964447,0.40830740332603455,0.5894684195518494,-0.07239735126495361,0.401071161031723,0.638031005859375,-0.07604257762432098,0.4502013325691223,0.4022716283798218,-0.055000629276037216,0.4377079904079437,0.488224059343338,-0.06515966355800629,0.42790472507476807,0.519065260887146,-0.06637180596590042,0.41990479826927185,0.5389081239700317,-0.06648749858140945,Left,m
0.5279362201690674,0.6534515619277954,-4.094529515441536e-07,0.4717343747615814,0.6095900535583496,-0.027530360966920853,0.426957368850708,0.536314845085144,-0.04421420767903328,0.3932632803916931,0.47911858558654785,-0.060014981776475906,0.36319637298583984,0.45123574137687683,-0.06917501240968704,0.4677567780017853,0.4117307960987091,-0.024521075189113617,0.4689875543117523,0.3598776161670685,-0.04519215226173401,0.46896716952323914,0.43639305233955383,-0.048487186431884766,0.46816810965538025,0.4593714475631714,-0.047368548810482025,0.5037190318107605,0.4103614091873169,-0.020146457478404045,0.502802848815918,0.36248406767845154,-0.04520254582166672,0.49439260363578796,0.45075973868370056,-0.04470176249742508,0.4909091889858246,0.4588679373264313,-0.03903627395629883,0.5394710302352905,0.42008888721466064,-0.019775521010160446,0.5416694283485413,0.36134934425354004,-0.043987371027469635,0.530569851398468,0.4358004629611969,-0.03503985330462456,0.5241596698760986,0.463013231754303,-0.022516785189509392,0.5695165991783142,0.43513017892837524,-0.021928509697318077,0.5814982652664185,0.3598102629184723,-0.033592529594898224,0.5895418524742126,0.3171381652355194,-0.03122752159833908,0.5993093252182007,0.26484203338623047,-0.02632676251232624,Left,y
0.482505738735199,0.6894322037696838,-3.0333393397086184e-07,0.4455225467681885,0.6543393731117249,-0.023626593872904778,0.4164867103099823,0.6117408275604248,-0.036830972880125046,0.3924046754837036,0.57416170835495,-0.04769743233919144,0.36878398060798645,0.5584467649459839,-0.054377440363168716,0.4445851445198059,0.5430685877799988,-0.02206352911889553,0.4594612419605255,0.5176131725311279,-0.03453142195940018,0.45569026470184326,0.5656096935272217,-0.03509695455431938,0.4469374716281891,0.5785778760910034,-0.033556241542100906,0.46982675790786743,0.5440669655799866,-0.016013141721487045,0.481357216835022,0.5229871869087219,-0.031899724155664444,0.4743402898311615,0.5782558917999268,-0.03075985424220562,0.4660586416721344,0.5812748670578003,-0.026937149465084076,0.4921761155128479,0.5518196821212769,-0.012801497243344784,0.5022702217102051,0.5284072756767273,-0.03139206022024155,0.49676424264907837,0.5770626068115234,-0.028067201375961304,0.4888648986816406,0.5881854295730591,-0.021203825250267982,0.5102114081382751,0.5622457265853882,-0.011073336005210876,0.5215222239494324,0.5270069241523743,-0.021030928939580917,0.5292420387268066,0.5121549963951111,-0.020637165755033493,0.5349150896072388,0.4858607053756714,-0.01822337880730629,Left,y
0.6397765874862671,0.6485731601715088,-4.2722840021269803e-07,0.5786661505699158,0.5724042654037476,-0.03910579904913902,0.5291120409965515,0.47605863213539124,-0.06605078279972076,0.49119555950164795,0.3959529995918274,-0.09033407270908356,0.45579755306243896,0.34587010741233826,-0.10546193271875381,0.5996963977813721,0.33031290769577026,-0.0482892282307148,0.6133571863174438,0.2764129340648651,-0.07093176245689392,0.601661741733551,0.37059441208839417,-0.0683356523513794,0.5915231108665466,0.39408254623413086,-0.06328349560499191,0.6448992490768433,0.3406923711299896,-0.04128377139568329,0.6540103554725647,0.2915761172771454,-0.07010418176651001,0.6329104900360107,0.3963167071342468,-0.06616438180208206,0.6256901621818542,0.3998807668685913,-0.05892673507332802,0.6880071759223938,0.366443932056427,-0.03811292350292206,0.702449381351471,0.30152612924575806,-0.06587385386228561,0.6801303029060364,0.3886262774467468,-0.05395526438951492,0.665898323059082,0.4126844108104706,-0.04031988978385925,0.7219646573066711,0.39829763770103455,-0.03834851458668709,0.7529128789901733,0.32409265637397766,-0.05401141569018364,0.7737526893615723,0.2825568914413452,-0.05314848944544792,0.7955169677734375,0.2221064418554306,-0.049577224999666214,Left,y
0.7375776171684265,0.699894368648529,-4.216241222820827e-07,0.6875284910202026,0.6206029057502747,-0.03795593976974487,0.6455846428871155,0.5251153707504272,-0.06600749492645264,0.6164528131484985,0.4432017505168915,-0.0913444459438324,0.5887768268585205,0.38835495710372925,-0.10863463580608368,0.7247642874717712,0.4164370894432068,-0.055446092039346695,0.7404327392578125,0.3727000951766968,-0.07707081735134125,0.7211481928825378,0.4573008716106415,-0.07259783148765564,0.708166778087616,0.47472256422042847,-0.06627905368804932,0.7647053599357605,0.4363098442554474,-0.04852643981575966,0.7767497301101685,0.39514419436454773,-0.07526165246963501,0.7485716342926025,0.48671191930770874,-0.07013916969299316,0.7428492307662964,0.48317986726760864,-0.06329531967639923,0.8026697039604187,0.46879875659942627,-0.044540002942085266,0.8204037547111511,0.4173824191093445,-0.07060746848583221,0.7929547429084778,0.4944116473197937,-0.05981571972370148,0.7801427245140076,0.5084900259971619,-0.0481548085808754,0.8331388831138611,0.5034515261650085,-0.04366537928581238,0.8666723370552063,0.44285956025123596,-0.0583062618970871,0.8890061378479004,0.4135773479938507,-0.05738285183906555,0.9133855700492859,0.3644418716430664,-0.05468521639704704,Left,y
0.29615113139152527,0.8734250664710999,-7.798417414051073e-07,0.2009771764278412,0.7893180847167969,-0.04438718780875206,0.12962676584720612,0.6506201028823853,-0.06988643109798431,0.07587142288684845,0.5545887351036072,-0.09222465008497238,0.02773156762123108,0.5065460205078125,-0.10202638059854507,0.2033151537179947,0.4460327923297882,-0.047508355230093,0.18770399689674377,0.39135193824768066,-0.080512136220932,0.1899959146976471,0.5242465734481812,-0.08584167063236237,0.20103570818901062,0.5420069694519043,-0.08617038279771805,0.26235127449035645,0.44874972105026245,-0.040354158729314804,0.2462550848722458,0.41154035925865173,-0.0781933069229126,0.23174385726451874,0.5588144659996033,-0.07554468512535095,0.2370118349790573,0.5489534139633179,-0.06844702363014221,0.319484680891037,0.47809043526649475,-0.038804035633802414,0.31286919116973877,0.41364923119544983,-0.07640204578638077,0.29160594940185547,0.5454052090644836,-0.05932601913809776,0.28916993737220764,0.5728358626365662,-0.039865367114543915,0.36810481548309326,0.5156974792480469,-0.04136384278535843,0.38136863708496094,0.4060595631599426,-0.05841010808944702,0.3903069496154785,0.35103723406791687,-0.051294486969709396,0.40854278206825256,0.26854050159454346,-0.04241129010915756,Left,y
0.5147323608398438,0.7855197191238403,-4.3777720293292077e-07,0.4457314610481262,0.7198337316513062,-0.035765141248703,0.39831286668777466,0.6090162992477417,-0.057283904403448105,0.35992366075515747,0.5203876495361328,-0.07751539349555969,0.3221029043197632,0.4663318991661072,-0.08880690485239029,0.45611223578453064,0.4674091041088104,-0.030519505962729454,0.4622159004211426,0.39952540397644043,-0.05543520674109459,0.4573480486869812,0.4991576075553894,-0.05809663608670235,0.4553706645965576,0.5287434458732605,-0.05644926056265831,0.5018771886825562,0.47014379501342773,-0.024602679535746574,0.5052231550216675,0.41037026047706604,-0.05505191907286644,0.48947441577911377,0.5246673822402954,-0.053389616310596466,0.48733335733413696,0.5352946519851685,-0.04617413878440857,0.547359824180603,0.4910467565059662,-0.023751884698867798,0.5575416088104248,0.42390143871307373,-0.052830781787633896,0.5375758409500122,0.520068883895874,-0.0395786315202713,0.526887834072113,0.5529535412788391,-0.023463374003767967,0.58604496717453,0.5205535292625427,-0.02631545253098011,0.6073483228683472,0.4396797716617584,-0.04191237688064575,0.6224295496940613,0.39197057485580444,-0.039394378662109375,0.6397658586502075,0.3286115527153015,-0.03377378359436989,Left,y
0.67137211561203,0.8182895183563232,-7.642714194844302e-07,0.5800678730010986,0.7199360728263855,-0.053618211299180984,0.5061632394790649,0.5841132998466492,-0.08462545275688171,0.45192283391952515,0.47454118728637695,-0.11047717928886414,0.40102046728134155,0.4086325764656067,-0.1229565218091011,0.5900159478187561,0.37414106726646423,-0.06263431161642075,0.6070045232772827,0.30984699726104736,-0.09166070818901062,0.5971827507019043,0.4497029781341553,-0.08763907849788666,0.5825998783111572,0.47416210174560547,-0.08179830014705658,0.6574115753173828,0.3805542290210724,-0.05058755725622177,0.6654244065284729,0.3276861906051636,-0.09090191125869751,0.6420856714248657,0.48591890931129456,-0.08795294910669327,0.6287478804588318,0.48542287945747375,-0.08106037229299545,0.7215495109558105,0.4073081612586975,-0.04370098561048508,0.7385279536247253,0.3275051414966583,-0.08640115708112717,0.7097665071487427,0.46369850635528564,-0.0737115666270256,0.6880379915237427,0.4990532398223877,-0.05704737454652786,0.7727751731872559,0.4394870102405548,-0.04065265879034996,0.8179111480712891,0.3339563012123108,-0.06646718084812164,0.8473643064498901,0.27788642048835754,-0.06896216422319412,0.8765817880630493,0.19120264053344727,-0.0669810026884079,Left,y
0.5677570700645447,0.7205507159233093,-3.146942617604509e-07,0.5226747989654541,0.6881089210510254,-0.023610223084688187,0.4830237329006195,0.6320152282714844,-0.0369126982986927,0.4531734883785248,0.5816121101379395,-0.04869215190410614,0.4265736937522888,0.5635180473327637,-0.054302509874105453,0.5135670900344849,0.5307604670524597,-0.01664094626903534,0.5198850035667419,0.4871712625026703,-0.030358072370290756,0.5198545455932617,0.5508350729942322,-0.029396945610642433,0.5157428979873657,0.5693204998970032,-0.027268605306744576,0.5425178408622742,0.5260921120643616,-0.0126862283796072,0.5483081340789795,0.48396849632263184,-0.03255457803606987,0.5414164662361145,0.5593405961990356,-0.029930684715509415,0.5342162251472473,0.5640533566474915,-0.023399319499731064,0.5713756680488586,0.5338810682296753,-0.012498803436756134,0.5798609852790833,0.4863373935222626,-0.03286636620759964,0.5728435516357422,0.5427060723304749,-0.02527710609138012,0.5648477077484131,0.5582310557365417,-0.015024879015982151,0.5964843034744263,0.5484013557434082,-0.014369036071002483,0.6092814207077026,0.49846136569976807,-0.02701202966272831,0.6174232959747314,0.4705314338207245,-0.027338532730937004,0.6248428225517273,0.4318576157093048,-0.024700846523046494,Left,y
0.5694991946220398,0.7216048240661621,-3.102272216892743e-07,0.523183286190033,0.6920160055160522,-0.025093792006373405,0.48266473412513733,0.6318259239196777,-0.038263775408267975,0.4528768062591553,0.580359935760498,-0.0495847649872303,0.42498183250427246,0.559842586517334,-0.054480209946632385,0.5137796998023987,0.5320488214492798,-0.01727908104658127,0.5227925181388855,0.4878874719142914,-0.03154681250452995,0.5230135321617126,0.5507870316505432,-0.0311946589499712,0.5166503190994263,0.5640766024589539,-0.029746979475021362,0.5429973006248474,0.5287601947784424,-0.012517564930021763,0.5497086048126221,0.4877411127090454,-0.03279104456305504,0.5438907146453857,0.561220645904541,-0.030826756730675697,0.5356928110122681,0.5603828430175781,-0.02501259744167328,0.5717366337776184,0.5367794036865234,-0.011660593561828136,0.5807009339332581,0.4873131215572357,-0.0320713110268116,0.5750086307525635,0.5448384881019592,-0.02377985045313835,0.5670835375785828,0.5586000680923462,-0.013308764435350895,0.5960968732833862,0.5506918430328369,-0.013079317286610603,0.6082651615142822,0.5018304586410522,-0.026101214811205864,0.6170310378074646,0.47460952401161194,-0.026390697807073593,0.6256874203681946,0.43437451124191284,-0.023683376610279083,Left,t
0.37757858633995056,0.7977007031440735,-5.976723969070008e-07,0.29129672050476074,0.7450212240219116,-0.04121232405304909,0.22086921334266663,0.637548565864563,-0.06545734405517578,0.16420932114124298,0.5612363815307617,-0.08736006915569305,0.11339901387691498,0.5245922207832336,-0.09903928637504578,0.2695973515510559,0.4494010806083679,-0.040476612746715546,0.26359260082244873,0.39669620990753174,-0.06681477278470993,0.2702769935131073,0.5122227668762207,-0.06819263845682144,0.27317139506340027,0.535881757736206,-0.06605969369411469,0.32386547327041626,0.4391993582248688,-0.033306609839200974,0.3165387213230133,0.4022291302680969,-0.06737665832042694,0.3098004460334778,0.5337697863578796,-0.06553373485803604,0.30655500292778015,0.5350220203399658,-0.05848393961787224,0.3774940073490143,0.45402032136917114,-0.03112906962633133,0.37519514560699463,0.39415889978408813,-0.0653851330280304,0.36228322982788086,0.5099534392356873,-0.052221350371837616,0.35294273495674133,0.5428036451339722,-0.03557681292295456,0.4226352572441101,0.4796029031276703,-0.032459042966365814,0.43251097202301025,0.38461557030677795,-0.0500076524913311,0.43918952345848083,0.33045512437820435,-0.04667694494128227,0.4486338794231415,0.25442972779273987,-0.04037361592054367,Left,y
0.724651038646698,0.7677083611488342,-3.650906137409038e-07,0.6705318689346313,0.7008599638938904,-0.03684534505009651,0.6239258050918579,0.6165311932563782,-0.06439706683158875,0.5908956527709961,0.5402019023895264,-0.0897524505853653,0.5585751533508301,0.4897938370704651,-0.1076950803399086,0.6922526955604553,0.497630774974823,-0.04934099316596985,0.7033820152282715,0.4538506269454956,-0.0699431374669075,0.6910606026649475,0.5362931489944458,-0.06696552783250809,0.6830355525016785,0.5540552139282227,-0.06262148916721344,0.7322638630867004,0.5071495771408081,-0.04353541508316994,0.7414738535881042,0.467161625623703,-0.06924878060817719,0.7204391360282898,0.5598223209381104,-0.06495483219623566,0.7159260511398315,0.5596785545349121,-0.05880889669060707,0.7705333232879639,0.5312524437904358,-0.04104709252715111,0.7836917638778687,0.4804806411266327,-0.06592292338609695,0.7622055411338806,0.5610222816467285,-0.05584094673395157,0.7518567442893982,0.5784555673599243,-0.04508809372782707,0.8017876744270325,0.5620089173316956,-0.0417904369533062,0.8282842040061951,0.49987590312957764,-0.05591787025332451,0.847506046295166,0.4700305461883545,-0.05522715672850609,0.867687463760376,0.4226900339126587,-0.052952028810977936,Left,y
0.4964151680469513,0.7562468647956848,-3.160871244745067e-07,0.4489181637763977,0.7088548541069031,-0.035964690148830414,0.4079601764678955,0.6401211023330688,-0.056708332151174545,0.37245166301727295,0.5782399773597717,-0.07363660633563995,0.33837857842445374,0.547171413898468,-0.08340656012296677,0.4475962519645691,0.5325155258178711,-0.034152645617723465,0.4682677984237671,0.48805227875709534,-0.05028686299920082,0.46166616678237915,0.5606536865234375,-0.047578368335962296,0.4493609368801117,0.5834327340126038,-0.04354047402739525,0.48420873284339905,0.5372923612594604,-0.025149641558527946,0.5006418824195862,0.49376925826072693,-0.04888567328453064,0.4854949414730072,0.5777391195297241,-0.04652266576886177,0.47227907180786133,0.5825189352035522,-0.03961394354701042,0.5169228315353394,0.5535861849784851,-0.0200619176030159,0.5339838266372681,0.5066039562225342,-0.045363329350948334,0.5204745531082153,0.5758915543556213,-0.038253672420978546,0.5065122246742249,0.5934059619903564,-0.027334202080965042,0.5414783954620361,0.5748408436775208,-0.01760697364807129,0.5613160729408264,0.5236390829086304,-0.03282888978719711,0.5751903653144836,0.4948696196079254,-0.03383060544729233,0.5880141258239746,0.4515908360481262,-0.0314863845705986,Left,y
0.6395124197006226,0.6720325946807861,-4.012960630461748e-07,0.5731568932533264,0.5992847681045532,-0.050120577216148376,0.5095583200454712,0.5049569606781006,-0.08444882184267044,0.4551423192024231,0.41579410433769226,-0.11526937782764435,0.40884026885032654,0.36918583512306213,-0.1370784491300583,0.5829911828041077,0.3338996469974518,-0.058602407574653625,0.606305718421936,0.27779608964920044,-0.08407426625490189,0.5934831500053406,0.3882409334182739,-0.08148497343063354,0.5758960247039795,0.4307059049606323,-0.07500853389501572,0.6338852047920227,0.3377411365509033,-0.04803772643208504,0.6525622010231018,0.2790622115135193,-0.08135737478733063,0.6323544979095459,0.4008529484272003,-0.07996725291013718,0.6183550953865051,0.4236088991165161,-0.07316038012504578,0.6810714602470398,0.3579104244709015,-0.04224947467446327,0.702194333076477,0.29206517338752747,-0.07494648545980453,0.6817157864570618,0.3960517942905426,-0.06881578266620636,0.6621343493461609,0.43319427967071533,-0.057358644902706146,0.7181273698806763,0.3856145739555359,-0.040333010256290436,0.7532960176467896,0.3012440800666809,-0.05689861997961998,0.7784484624862671,0.2578767240047455,-0.058528609573841095,0.799477219581604,0.19441857933998108,-0.05694267898797989,Left,y
0.5573627352714539,0.6465064287185669,-1.952240182845344e-07,0.5228532552719116,0.6120712757110596,-0.013193708844482899,0.49672040343284607,0.5647558569908142,-0.021316975355148315,0.4777030348777771,0.5240213871002197,-0.02979244291782379,0.46060100197792053,0.500169575214386,-0.035298801958560944,0.5356037020683289,0.504967212677002,-0.0031949349213391542,0.5406855344772339,0.4642049968242645,-0.016763227060437202,0.5325229167938232,0.5008652210235596,-0.023168912157416344,0.5274330973625183,0.5284769535064697,-0.025434857234358788,0.5572346448898315,0.5084877014160156,-0.0032483546528965235,0.5641923546791077,0.4654669165611267,-0.021025484427809715,0.5519847273826599,0.5102609992027283,-0.026283632963895798,0.5463467240333557,0.5298972129821777,-0.025500470772385597,0.5775731801986694,0.5203229188919067,-0.006210316438227892,0.5866231918334961,0.4792509973049164,-0.022612717002630234,0.5751445889472961,0.5137026309967041,-0.021200861781835556,0.5680893063545227,0.5325910449028015,-0.015613248571753502,0.5954890251159668,0.538079559803009,-0.010377357713878155,0.6105939149856567,0.49796146154403687,-0.01988344080746174,0.6190140247344971,0.4727540910243988,-0.020901745185256004,0.6279091238975525,0.4433697462081909,-0.019297543913125992,Left,y
0.3294917047023773,0.76787269115448,-5.619933745037997e-07,0.24059060215950012,0.6924383044242859,-0.032676342874765396,0.17252986133098602,0.5807100534439087,-0.05504574254155159,0.12596340477466583,0.4913208782672882,-0.0790020227432251,0.08239614963531494,0.4430631101131439,-0.09338891506195068,0.2369653582572937,0.39024433493614197,-0.023029346019029617,0.22440652549266815,0.3061366081237793,-0.05421225354075432,0.22930720448493958,0.4245048463344574,-0.062247056514024734,0.2383808195590973,0.4588426649570465,-0.06326969712972641,0.2902992367744446,0.38712549209594727,-0.022725844755768776,0.277071475982666,0.3132186830043793,-0.05947166308760643,0.27128350734710693,0.44114798307418823,-0.0620577335357666,0.2734673023223877,0.4566517174243927,-0.0574444942176342,0.3441678285598755,0.40422523021698,-0.02831878513097763,0.3393714129924774,0.3125448524951935,-0.06375506520271301,0.3259517550468445,0.4289914667606354,-0.051392264664173126,0.31948113441467285,0.47535836696624756,-0.03423475846648216,0.39339548349380493,0.43406549096107483,-0.03746544197201729,0.40125495195388794,0.32390013337135315,-0.0530489981174469,0.4092523753643036,0.26441216468811035,-0.04811716452240944,0.4203498065471649,0.18606984615325928,-0.040491558611392975,Left,y
0.7493123412132263,0.6614334583282471,-3.541913144999853e-07,0.7010320425033569,0.5906732678413391,-0.030580410733819008,0.6612947583198547,0.5115383267402649,-0.05401758849620819,0.633309006690979,0.4419674873352051,-0.07544843852519989,0.6051754355430603,0.39795225858688354,-0.09056601673364639,0.7312983274459839,0.41586554050445557,-0.04493897408246994,0.7436214685440063,0.37800297141075134,-0.06081436201930046,0.7291049957275391,0.4531964063644409,-0.05643419176340103,0.7195848226547241,0.46942460536956787,-0.05157060921192169,0.7672478556632996,0.43014442920684814,-0.04029169678688049,0.7771831750869751,0.3903217911720276,-0.06151227280497551,0.7556551694869995,0.4713730812072754,-0.05835112929344177,0.7503744959831238,0.47379547357559204,-0.053899914026260376,0.8009960651397705,0.4569254517555237,-0.0376957468688488,0.816493034362793,0.40700265765190125,-0.057819854468107224,0.7960203886032104,0.4742893576622009,-0.04976176843047142,0.7858921885490417,0.48942363262176514,-0.04149181768298149,0.8283460140228271,0.4877071678638458,-0.037652354687452316,0.8556102514266968,0.43268370628356934,-0.048788271844387054,0.873799204826355,0.4044418931007385,-0.048089101910591125,0.89413982629776,0.35951143503189087,-0.046453021466732025,Left,y
0.5718715786933899,0.717799186706543,-3.421653502755362e-07,0.5142050385475159,0.6621208190917969,-0.045928485691547394,0.4610294699668884,0.5810819268226624,-0.07470592111349106,0.4152798056602478,0.5029578804969788,-0.09899275749921799,0.37574756145477295,0.4558769464492798,-0.1148180216550827,0.5138424634933472,0.43686679005622864,-0.052094265818595886,0.533362090587616,0.38821154832839966,-0.07218866795301437,0.5251738429069519,0.47968074679374695,-0.06821410357952118,0.5115774273872375,0.5061081051826477,-0.06211140751838684,0.5558798909187317,0.43920373916625977,-0.03951992094516754,0.570501983165741,0.39188042283058167,-0.0671425461769104,0.5553910732269287,0.4963727295398712,-0.06453684717416763,0.5437898635864258,0.5050889849662781,-0.05766422301530838,0.5959818363189697,0.45479488372802734,-0.030885901302099228,0.6105688810348511,0.3976913094520569,-0.058078084141016006,0.5958073735237122,0.48795345425605774,-0.05091026797890663,0.581093966960907,0.5139082670211792,-0.04003111645579338,0.6277490854263306,0.4754166901111603,-0.025648698210716248,0.6538389325141907,0.41023436188697815,-0.03955119103193283,0.6734381318092346,0.38240495324134827,-0.04002681374549866,0.6902000904083252,0.3342013955116272,-0.037700433284044266,Left,y
0.7273558974266052,0.7267260551452637,-5.021252604819892e-07,0.6610618233680725,0.6212649941444397,-0.04409493878483772,0.6078891754150391,0.4953736662864685,-0.07491618394851685,0.5726184844970703,0.3873859941959381,-0.10483036935329437,0.5391998291015625,0.31268638372421265,-0.1248689740896225,0.7104074358940125,0.34184595942497253,-0.05106450244784355,0.7158783078193665,0.2705327272415161,-0.08324867486953735,0.6946238875389099,0.3881852328777313,-0.08344363421201706,0.6879681348800659,0.43497851490974426,-0.07711619883775711,0.7623202204704285,0.36357545852661133,-0.04509865492582321,0.766873836517334,0.29562196135520935,-0.08363960683345795,0.7324079275131226,0.4203251600265503,-0.08041907101869583,0.7272604703903198,0.4473324716091156,-0.07066701352596283,0.8099678158760071,0.40352192521095276,-0.044622767716646194,0.8225899338722229,0.3255465626716614,-0.08208584785461426,0.7827133536338806,0.431934118270874,-0.06989045441150665,0.7635209560394287,0.4776157736778259,-0.05213764309883118,0.8491405844688416,0.45092979073524475,-0.04823114350438118,0.8908798098564148,0.36318209767341614,-0.06878100335597992,0.9185196161270142,0.3147766888141632,-0.06883513182401657,0.9487940073013306,0.25193488597869873,-0.06396117061376572,Left,y
0.526488721370697,0.6848200559616089,-3.042630964955606e-07,0.4795669913291931,0.6388723254203796,-0.02252756617963314,0.44484859704971313,0.5754128694534302,-0.03614097833633423,0.4209068715572357,0.5220285654067993,-0.04853110387921333,0.3968271315097809,0.492766797542572,-0.05491263419389725,0.48951074481010437,0.4816153049468994,-0.020225191488862038,0.492775559425354,0.43971630930900574,-0.0367034487426281,0.48792192339897156,0.5040621161460876,-0.0404677577316761,0.487564355134964,0.516830325126648,-0.04145728424191475,0.5187031626701355,0.4862142503261566,-0.016354653984308243,0.5198014974594116,0.4478437006473541,-0.03631366044282913,0.5088001489639282,0.5179214477539062,-0.03654172271490097,0.5078462362289429,0.5213811993598938,-0.03349214047193527,0.5465642809867859,0.5007990598678589,-0.01561268512159586,0.551830530166626,0.45338505506515503,-0.03377566486597061,0.5390024185180664,0.5140926241874695,-0.02556518092751503,0.5344127416610718,0.5340144634246826,-0.0159456804394722,0.5696833729743958,0.5209351181983948,-0.017154935747385025,0.5833793878555298,0.4705463647842407,-0.025904884561896324,0.5908872485160828,0.44234514236450195,-0.023896843194961548,0.6017823219299316,0.4036276936531067,-0.020323246717453003,Left,y
0.5332422852516174,0.7375179529190063,-4.055836200222984e-07,0.48056238889694214,0.7163666486740112,-0.03408992663025856,0.4288661479949951,0.6349723935127258,-0.05775296688079834,0.42710670828819275,0.5622111558914185,-0.0797840878367424,0.4635440707206726,0.5285235643386841,-0.09422271698713303,0.45675328373908997,0.4124903678894043,-0.03409140184521675,0.46155864000320435,0.2857578992843628,-0.07914871722459793,0.44727078080177307,0.2718302011489868,-0.09940757602453232,0.42851752042770386,0.2998947501182556,-0.10841362923383713,0.5046781301498413,0.41439875960350037,-0.032391805201768875,0.4767390191555023,0.4131433963775635,-0.07656794041395187,0.47023993730545044,0.521086573600769,-0.07624571025371552,0.4790111780166626,0.5465595722198486,-0.06778595596551895,0.5460745096206665,0.4427516758441925,-0.03831678256392479,0.5175880789756775,0.47205016016960144,-0.07660137116909027,0.5071263313293457,0.5642621517181396,-0.05899811163544655,0.5145666003227234,0.5682584643363953,-0.04119515046477318,0.5835006833076477,0.489107608795166,-0.04880883917212486,0.549460768699646,0.544270396232605,-0.07691401243209839,0.5350612998008728,0.6061285734176636,-0.07254188507795334,0.5418369770050049,0.6008477210998535,-0.06374095380306244,Left,x
0.677449107170105,0.854699432849884,-5.214286602495122e-07,0.6067587733268738,0.7927380800247192,-0.062065642327070236,0.5557407140731812,0.6756759285926819,-0.10963676124811172,0.6004989147186279,0.5954269170761108,-0.1509111076593399,0.672525942325592,0.5551959872245789,-0.1813194751739502,0.6028403043746948,0.37539467215538025,-0.07759569585323334,0.61308354139328,0.18999984860420227,-0.1491653174161911,0.6185457706451416,0.14615076780319214,-0.18348737061023712,0.6093829274177551,0.1731133759021759,-0.2008834332227707,0.6824934482574463,0.37257158756256104,-0.07521979510784149,0.6899375915527344,0.3819774091243744,-0.1507682204246521,0.6672792434692383,0.5391485691070557,-0.1578904688358307,0.6601656675338745,0.5905562043190002,-0.14944155514240265,0.7484388947486877,0.42070192098617554,-0.08314472436904907,0.7473598122596741,0.5044431686401367,-0.15077660977840424,0.7113786935806274,0.6228451132774353,-0.133348748087883,0.7013827562332153,0.6169305443763733,-0.1116340309381485,0.8059723377227783,0.5005898475646973,-0.09817873686552048,0.7893778085708618,0.6081086993217468,-0.1494867205619812,0.7510221600532532,0.6905809640884399,-0.14851856231689453,0.7360314130783081,0.6698884963989258,-0.13911385834217072,Left,x
0.658623218536377,0.7268626689910889,-2.501772655705281e-07,0.5952547788619995,0.6948153972625732,-0.04013587906956673,0.5491882562637329,0.5941377878189087,-0.06782270967960358,0.5804005265235901,0.5226715803146362,-0.093802809715271,0.6343555450439453,0.5009617209434509,-0.11487609893083572,0.5811673998832703,0.3700554072856903,-0.035763200372457504,0.5920372605323792,0.22573284804821014,-0.08620531111955643,0.5984185934066772,0.17278970777988434,-0.12090842425823212,0.597705066204071,0.1657855361700058,-0.14099638164043427,0.636718213558197,0.3719528913497925,-0.03705604001879692,0.6358581781387329,0.346009761095047,-0.0956709161400795,0.6273433566093445,0.4362810254096985,-0.11505719274282455,0.6204833388328552,0.4824792146682739,-0.11707434803247452,0.684378981590271,0.4005131423473358,-0.04551634564995766,0.6855441927909851,0.421988308429718,-0.09874897450208664,0.6717668771743774,0.5296088457107544,-0.09174080938100815,0.6676822900772095,0.5650536417961121,-0.0749400332570076,0.7290171384811401,0.44992783665657043,-0.05867078900337219,0.7206599116325378,0.4795997142791748,-0.0922677144408226,0.700829029083252,0.5575984716415405,-0.08623802661895752,0.693587601184845,0.578351616859436,-0.07346796989440918,Left,x
0.6483100056648254,0.6850168704986572,-1.1311222181120684e-07,0.6139662265777588,0.6561731696128845,-0.0209201592952013,0.5942296385765076,0.5958318710327148,-0.03407292068004608,0.6131265163421631,0.5512853860855103,-0.04608467221260071,0.642566978931427,0.5351098775863647,-0.05510672926902771,0.6110812425613403,0.4752919673919678,-0.013843819499015808,0.615240216255188,0.41129642724990845,-0.04050195589661598,0.6213008761405945,0.38162165880203247,-0.059510115534067154,0.6251099705696106,0.3724578022956848,-0.071370929479599,0.6420289278030396,0.4747714102268219,-0.015336769632995129,0.6468158960342407,0.4598580002784729,-0.047822654247283936,0.6400735378265381,0.5097757577896118,-0.05951192229986191,0.6346603631973267,0.535004198551178,-0.06072860211133957,0.6692068576812744,0.4917680025100708,-0.020882464945316315,0.6730571389198303,0.5131945610046387,-0.049366191029548645,0.660392165184021,0.5648607015609741,-0.04733351618051529,0.6541338562965393,0.5744101405143738,-0.039599619805812836,0.69289630651474,0.5226579308509827,-0.029146581888198853,0.6906508207321167,0.5575146079063416,-0.047703105956315994,0.6765737533569336,0.5933893918991089,-0.04722128063440323,0.6697292327880859,0.5926764607429504,-0.042562033981084824,Left,x
0.3542178273200989,0.8283373117446899,-5.587091322922788e-07,0.2876165807247162,0.8091235756874084,-0.03870243951678276,0.2199493944644928,0.7141987085342407,-0.06900012493133545,0.20542117953300476,0.6232907772064209,-0.09967348724603653,0.25058457255363464,0.5808780789375305,-0.12227173149585724,0.2566154897212982,0.44427362084388733,-0.04083680361509323,0.2588728368282318,0.2733444571495056,-0.0965985506772995,0.22994235157966614,0.25649183988571167,-0.12063184380531311,0.20127680897712708,0.2991710603237152,-0.12978608906269073,0.31556621193885803,0.43531158566474915,-0.04207476228475571,0.28384649753570557,0.43701207637786865,-0.09629176557064056,0.27493810653686523,0.5566534996032715,-0.09759023785591125,0.2829945981502533,0.5846962928771973,-0.08731266111135483,0.3681032061576843,0.4654116630554199,-0.052034977823495865,0.3291976749897003,0.5283339023590088,-0.09554693847894669,0.3200278580188751,0.6334925293922424,-0.0747518539428711,0.3290451467037201,0.6355559825897217,-0.05292008817195892,0.41496017575263977,0.5179775953292847,-0.0679071694612503,0.3726408779621124,0.6076309680938721,-0.09422603249549866,0.35584479570388794,0.683171808719635,-0.08482974022626877,0.36029666662216187,0.6757696270942688,-0.07154002040624619,Left,x
0.8388010859489441,0.7887211441993713,-1.3159040079813167e-08,0.8058438897132874,0.7518824338912964,-0.05722911283373833,0.7848151922225952,0.6875344514846802,-0.0977678969502449,0.8154125213623047,0.6402075886726379,-0.13254514336585999,0.8542123436927795,0.6169753670692444,-0.15840084850788116,0.8199325203895569,0.49354442954063416,-0.05673017352819443,0.8221851587295532,0.3829606771469116,-0.10886091738939285,0.8438374400138855,0.37611693143844604,-0.130298912525177,0.8618357181549072,0.42279762029647827,-0.13749854266643524,0.8628847599029541,0.5200526714324951,-0.04817281290888786,0.8901721239089966,0.5132538676261902,-0.10258863121271133,0.8658237457275391,0.5916761755943298,-0.10395839810371399,0.8561134934425354,0.5884885191917419,-0.0929442048072815,0.8996796011924744,0.5627401471138,-0.04928053542971611,0.9192973971366882,0.5788981318473816,-0.09947221726179123,0.8901113271713257,0.6404061317443848,-0.08495467156171799,0.8760439157485962,0.6212157011032104,-0.06521446257829666,0.9295915961265564,0.6142228841781616,-0.05618007853627205,0.942042350769043,0.6426482200622559,-0.09191513806581497,0.9145559072494507,0.6822595596313477,-0.08891747146844864,0.8956843614578247,0.6622165441513062,-0.07887217402458191,Left,x
0.5864174365997314,0.7530750632286072,-1.2267356908068905e-07,0.5377352237701416,0.7092711925506592,-0.03963198512792587,0.5038779973983765,0.6293672919273376,-0.0651460811495781,0.5226989984512329,0.5628887414932251,-0.0873079001903534,0.5642241835594177,0.5335665941238403,-0.10329944640398026,0.5380192995071411,0.4353675842285156,-0.02983413077890873,0.5378178358078003,0.32425785064697266,-0.06954843550920486,0.5476049184799194,0.30008020997047424,-0.09148173779249191,0.5528927445411682,0.3189905881881714,-0.10247097909450531,0.5827670693397522,0.4473250210285187,-0.02645404264330864,0.5904475450515747,0.42933738231658936,-0.06953109800815582,0.5776981711387634,0.5076795220375061,-0.07870130240917206,0.5728095173835754,0.5334733128547668,-0.07616551220417023,0.6201217174530029,0.4822186827659607,-0.030291320756077766,0.6260562539100647,0.5000241994857788,-0.07251103222370148,0.6019005179405212,0.5748009085655212,-0.06546547263860703,0.5929339528083801,0.5804327130317688,-0.051915206015110016,0.6524416208267212,0.5309166312217712,-0.03817717358469963,0.6466283798217773,0.5654983520507812,-0.0678112804889679,0.6237536668777466,0.6169810891151428,-0.0660291388630867,0.614754855632782,0.6141197085380554,-0.058059848845005035,Left,x
0.6167304515838623,0.8904620409011841,-2.8827849973822595e-07,0.5471233129501343,0.8217830061912537,-0.07744999974966049,0.49334684014320374,0.7046823501586914,-0.1297234743833542,0.5092233419418335,0.609216034412384,-0.17646196484565735,0.5752831697463989,0.5643753409385681,-0.21312245726585388,0.5422521233558655,0.4098067283630371,-0.07253476232290268,0.5435897707939148,0.2344793677330017,-0.15598508715629578,0.5484290719032288,0.19399216771125793,-0.202290877699852,0.552251398563385,0.20674708485603333,-0.2261277735233307,0.6145106554031372,0.41293665766716003,-0.06624405831098557,0.6137070059776306,0.39066916704177856,-0.16084954142570496,0.5987102389335632,0.5250658392906189,-0.1853160709142685,0.595713198184967,0.5773709416389465,-0.1838614046573639,0.6762934923171997,0.4567103087902069,-0.0733124390244484,0.6704168319702148,0.5019571781158447,-0.15999582409858704,0.6417956352233887,0.6258357763290405,-0.1578136384487152,0.634559690952301,0.6335675120353699,-0.13879378139972687,0.7285416126251221,0.5230209231376648,-0.08835732191801071,0.7133976817131042,0.6090030074119568,-0.1466095894575119,0.681159496307373,0.6886271834373474,-0.15342728793621063,0.6696590781211853,0.6789629459381104,-0.14670497179031372,Left,x
0.5916678309440613,0.6173872947692871,-2.1041037356894776e-08,0.5607295632362366,0.5898289680480957,-0.020387331023812294,0.5462121367454529,0.5258220434188843,-0.03258867934346199,0.5699222087860107,0.4783427119255066,-0.04356180876493454,0.599936306476593,0.4644177556037903,-0.05154142156243324,0.5626952648162842,0.4225756525993347,-0.013085702434182167,0.5658763647079468,0.3452821969985962,-0.035940732806921005,0.5769702196121216,0.31863635778427124,-0.04874062165617943,0.5856894850730896,0.32498183846473694,-0.05501428246498108,0.5916871428489685,0.43358057737350464,-0.013206740841269493,0.6077427268028259,0.3956388831138611,-0.04222482442855835,0.5976756811141968,0.44759005308151245,-0.04744064807891846,0.5879952311515808,0.47863906621932983,-0.043032970279455185,0.61609947681427,0.45615649223327637,-0.0173768550157547,0.6276163458824158,0.43734627962112427,-0.04302623122930527,0.6115947961807251,0.48686423897743225,-0.03623514622449875,0.6012430787086487,0.5059247612953186,-0.02472843788564205,0.6360491514205933,0.48937296867370605,-0.023841669782996178,0.6413619518280029,0.4851020574569702,-0.04134455323219299,0.626197338104248,0.5183345079421997,-0.03774719685316086,0.6167873740196228,0.5271527767181396,-0.030370304360985756,Left,x
0.8332191705703735,0.7273693084716797,1.2361832446572407e-08,0.8054163455963135,0.6727693676948547,-0.035060230642557144,0.8043643832206726,0.6010167598724365,-0.05571620166301727,0.843143105506897,0.5669814348220825,-0.07403062283992767,0.8818358778953552,0.5548600554466248,-0.08786029368638992,0.8380482196807861,0.4661443829536438,-0.020313803106546402,0.8606834411621094,0.3726661801338196,-0.05416435748338699,0.8866456151008606,0.35771626234054565,-0.07665817439556122,0.9071714878082275,0.38419121503829956,-0.08953803032636642,0.8745789527893066,0.49935978651046753,-0.01913807913661003,0.9092150926589966,0.47003239393234253,-0.06259605288505554,0.8934903144836426,0.5330653190612793,-0.07593553513288498,0.8787308931350708,0.5660945773124695,-0.07468908280134201,0.9031043648719788,0.5416723489761353,-0.02437874674797058,0.9303510189056396,0.5261465907096863,-0.062264371663331985,0.9084540009498596,0.5786755681037903,-0.0579330138862133,0.8925212025642395,0.5907266139984131,-0.04618319869041443,0.9237532615661621,0.5937535166740417,-0.03360908105969429,0.939965546131134,0.5964046120643616,-0.06006976589560509,0.9165823459625244,0.6265239715576172,-0.05782128870487213,0.8985312581062317,0.623684287071228,-0.05000563710927963,Left,x
0.5798572301864624,0.770176887512207,-2.968830301597336e-07,0.5328681468963623,0.7150677442550659,-0.03880367428064346,0.5036773681640625,0.615613579750061,-0.0636858344078064,0.5279257297515869,0.5445674061775208,-0.08619259297847748,0.5736428499221802,0.5321207046508789,-0.10249390453100204,0.5534354448318481,0.43547308444976807,-0.03212738409638405,0.5589553117752075,0.306853711605072,-0.07452237606048584,0.5665956735610962,0.29792729020118713,-0.09538260102272034,0.568916380405426,0.33898675441741943,-0.10384204238653183,0.6005661487579346,0.45506250858306885,-0.028890367597341537,0.6075273156166077,0.42852112650871277,-0.07345062494277954,0.586609959602356,0.498235821723938,-0.08167946338653564,0.5790135860443115,0.5230861306190491,-0.077588751912117,0.6386390924453735,0.49680376052856445,-0.03296922147274017,0.6378583312034607,0.5150327682495117,-0.07606841623783112,0.6090748310089111,0.5854457020759583,-0.07094667106866837,0.6025140285491943,0.5942474603652954,-0.05782712623476982,0.6701608896255493,0.553249180316925,-0.04100121185183525,0.6584201455116272,0.5813201069831848,-0.06948743760585785,0.631940484046936,0.6287278532981873,-0.06855594366788864,0.6245238780975342,0.6294379830360413,-0.060976043343544006,Left,x
0.5564539432525635,0.5745048522949219,-7.212670993794745e-08,0.5329699516296387,0.5534496307373047,-0.012179786339402199,0.5234571695327759,0.5017939805984497,-0.018578113988041878,0.5397740602493286,0.4649214446544647,-0.024880480021238327,0.5599448680877686,0.45609086751937866,-0.02971281297504902,0.5384423732757568,0.4272093176841736,-0.005633300635963678,0.5410223603248596,0.3719797730445862,-0.01881534978747368,0.5487133860588074,0.34989869594573975,-0.027148380875587463,0.5556856393814087,0.3466664254665375,-0.03200814127922058,0.5584675073623657,0.43923330307006836,-0.00692441500723362,0.5721330046653748,0.41317474842071533,-0.0261116661131382,0.5621458888053894,0.4474508762359619,-0.030595216900110245,0.5517521500587463,0.4697912633419037,-0.028402259573340416,0.5750088691711426,0.45835399627685547,-0.010636338964104652,0.5847840309143066,0.44545501470565796,-0.02850915491580963,0.5705154538154602,0.4787887930870056,-0.02541760914027691,0.5599703192710876,0.4940245449542999,-0.018472906202077866,0.5880287885665894,0.48385435342788696,-0.015675870701670647,0.5935255289077759,0.4789014756679535,-0.02777361124753952,0.581666111946106,0.5022400617599487,-0.0255703367292881,0.5731741786003113,0.5112150311470032,-0.020750893279910088,Left,x
0.671699047088623,0.899552583694458,-4.751074129671906e-07,0.6026961207389832,0.7986704111099243,-0.07098304480314255,0.5659903883934021,0.6579511165618896,-0.12123190611600876,0.6170915961265564,0.5975990295410156,-0.16542258858680725,0.6855695247650146,0.5864818692207336,-0.19744539260864258,0.6433713436126709,0.38714951276779175,-0.0807235911488533,0.6453446745872498,0.18688920140266418,-0.1619526594877243,0.6666136980056763,0.15840435028076172,-0.19631874561309814,0.6802564859390259,0.20301352441310883,-0.2102738320827484,0.716277539730072,0.4241003096103668,-0.07708175480365753,0.7376775741577148,0.41452401876449585,-0.1700507551431656,0.6954910755157471,0.5602482557296753,-0.17791499197483063,0.6805337071418762,0.5883185267448425,-0.16358695924282074,0.7757652401924133,0.49653151631355286,-0.08606020361185074,0.7821502089500427,0.5410575270652771,-0.17200346291065216,0.7330155372619629,0.6547645926475525,-0.1554824560880661,0.7203255295753479,0.6355764269828796,-0.1273455172777176,0.8231375217437744,0.5853666067123413,-0.10218898952007294,0.8144140243530273,0.6621853709220886,-0.16413258016109467,0.7685802578926086,0.7311551570892334,-0.1645943522453308,0.7502701282501221,0.7007300853729248,-0.1522739976644516,Left,x
0.3268156051635742,0.9548509120941162,-8.595477538619889e-07,0.23266473412513733,0.9014322757720947,-0.0624014213681221,0.14516420662403107,0.7621403932571411,-0.10887793451547623,0.12762700021266937,0.6531761884689331,-0.15309077501296997,0.19423943758010864,0.6164779663085938,-0.18542319536209106,0.2147895246744156,0.41614168882369995,-0.07107789069414139,0.21491490304470062,0.19507379829883575,-0.15192489326000214,0.16646835207939148,0.18002134561538696,-0.19137610495090485,0.12211604416370392,0.22305715084075928,-0.2099394053220749,0.2956928014755249,0.41264620423316956,-0.06929194182157516,0.24718591570854187,0.4279257655143738,-0.1486065834760666,0.23497426509857178,0.5781955122947693,-0.1611415445804596,0.2543008625507355,0.6171139478683472,-0.15691623091697693,0.36309513449668884,0.46680551767349243,-0.0791860818862915,0.29969725012779236,0.5711604356765747,-0.1406201720237732,0.28543025255203247,0.6935659050941467,-0.12362690269947052,0.3032635748386383,0.6846625804901123,-0.10369139909744263,0.4193134605884552,0.5487440228462219,-0.09787756949663162,0.3520044982433319,0.6891604065895081,-0.1353888362646103,0.33019983768463135,0.7743082046508789,-0.13164691627025604,0.34096646308898926,0.7499656677246094,-0.12196357548236847,Left,x
0.8247279524803162,0.8234405517578125,2.871504136692238e-07,0.782481849193573,0.7676481008529663,-0.07711528241634369,0.7650078535079956,0.6741602420806885,-0.13071832060813904,0.8097723126411438,0.6297808289527893,-0.17702656984329224,0.864494264125824,0.6349846720695496,-0.21518391370773315,0.8194438815116882,0.4745030403137207,-0.06989269703626633,0.8305588960647583,0.36572229862213135,-0.14147798717021942,0.8555269837379456,0.33622676134109497,-0.17751233279705048,0.874510645866394,0.3685722053050995,-0.19336190819740295,0.8715164661407471,0.5130537152290344,-0.05973811447620392,0.9030687808990479,0.48488301038742065,-0.13662061095237732,0.8671276569366455,0.5882312059402466,-0.14210978150367737,0.8542050123214722,0.6068335771560669,-0.12700894474983215,0.9147472381591797,0.5705000758171082,-0.06341502070426941,0.9361617565155029,0.5845228433609009,-0.13301147520542145,0.8966224193572998,0.6705425381660461,-0.11542919278144836,0.8808973431587219,0.6647362112998962,-0.08743913471698761,0.9500465393066406,0.6396492719650269,-0.07532569766044617,0.9623476266860962,0.6726243495941162,-0.12305447459220886,0.9256778359413147,0.7259813547134399,-0.11847032606601715,0.9050812721252441,0.7109348773956299,-0.10416968911886215,Left,x
0.6086041927337646,0.8097689151763916,-2.450588283409161e-07,0.5541290640830994,0.7349724769592285,-0.04573861509561539,0.525686502456665,0.6294155716896057,-0.07268714904785156,0.5517276525497437,0.553523600101471,-0.0974816307425499,0.5950871109962463,0.5177684426307678,-0.11550148576498032,0.5635859966278076,0.4107169508934021,-0.02745455875992775,0.5605461597442627,0.2841927409172058,-0.07465957850217819,0.5716977119445801,0.24770404398441315,-0.09931158274412155,0.5886648893356323,0.24750135838985443,-0.11226726323366165,0.6194974780082703,0.43065428733825684,-0.025702975690364838,0.6352202892303467,0.38795292377471924,-0.0820394977927208,0.6136361360549927,0.4900975227355957,-0.0928521603345871,0.6064496636390686,0.5255813002586365,-0.08735501766204834,0.666029155254364,0.47523802518844604,-0.03305254876613617,0.6735420227050781,0.4707276225090027,-0.08824203908443451,0.642004668712616,0.5670959949493408,-0.07977280020713806,0.6317692399024963,0.5803606510162354,-0.061301253736019135,0.7026735544204712,0.5362446308135986,-0.04516064003109932,0.6975817084312439,0.5607783198356628,-0.08103819191455841,0.6705612540245056,0.6221206188201904,-0.07867077738046646,0.6609070301055908,0.6232470273971558,-0.06879555433988571,Left,x
0.5990962982177734,0.5726453065872192,3.218956123873795e-08,0.5706263184547424,0.5391475558280945,-0.020064139738678932,0.5615897178649902,0.47486549615859985,-0.030136089771986008,0.5851877331733704,0.43281853199005127,-0.03885422274470329,0.6127477288246155,0.42280930280685425,-0.045898083597421646,0.5798667073249817,0.39009106159210205,-0.012141314335167408,0.5855069160461426,0.3208364248275757,-0.02946755290031433,0.5965964198112488,0.28964298963546753,-0.04109103977680206,0.6088014245033264,0.2715991735458374,-0.048825595527887344,0.6059722900390625,0.40383657813072205,-0.012293456122279167,0.6257480382919312,0.3610857427120209,-0.037596140056848526,0.6156570911407471,0.40328463912010193,-0.04481206834316254,0.6047065258026123,0.43316346406936646,-0.04277846962213516,0.6265981793403625,0.4290658235549927,-0.015469255857169628,0.6425238251686096,0.40168866515159607,-0.039359159767627716,0.6268424391746521,0.44678056240081787,-0.03524451330304146,0.6154510378837585,0.47060054540634155,-0.025578055530786514,0.6420174241065979,0.4634896516799927,-0.02068280801177025,0.6486814618110657,0.4530511498451233,-0.037376705557107925,0.6351334452629089,0.4819806218147278,-0.034443505108356476,0.6261012554168701,0.49500876665115356,-0.027765264734625816,Left,x
0.5627835392951965,0.7898027896881104,-3.7936379726488667e-07,0.5110383629798889,0.7559215426445007,-0.04450950771570206,0.46214839816093445,0.677658200263977,-0.07794860005378723,0.45915475487709045,0.5992314219474792,-0.10821481794118881,0.4941785931587219,0.5507459044456482,-0.12988032400608063,0.4948747754096985,0.4414742887020111,-0.04812956601381302,0.4952724575996399,0.2946058213710785,-0.09598217904567719,0.5000396370887756,0.2812998294830322,-0.11416340619325638,0.4961312413215637,0.3335931897163391,-0.11862767487764359,0.5442848205566406,0.44096866250038147,-0.04239925742149353,0.541259765625,0.4469633102416992,-0.08983570337295532,0.5276355743408203,0.5479385256767273,-0.09117011725902557,0.5256556272506714,0.5735498666763306,-0.081942617893219,0.5874304175376892,0.47285914421081543,-0.04434100538492203,0.5800729393959045,0.5159121155738831,-0.0871305912733078,0.5617169737815857,0.599824845790863,-0.07430438697338104,0.5607866048812866,0.602171003818512,-0.05749819055199623,0.6262689232826233,0.522212564945221,-0.0510239414870739,0.6105494499206543,0.5716103911399841,-0.08029686659574509,0.5905482769012451,0.6302807331085205,-0.07659909874200821,0.5871267318725586,0.6269831657409668,-0.0669666975736618,Left,x
0.5428168177604675,0.5721231698989868,-1.350720850723519e-07,0.5124496817588806,0.5620635151863098,-0.015672730281949043,0.48543405532836914,0.5038163661956787,-0.025034330785274506,0.4961412847042084,0.4488775134086609,-0.03435734286904335,0.5250031352043152,0.43981075286865234,-0.04079440236091614,0.5029470920562744,0.3857954144477844,-0.009335312992334366,0.5035080313682556,0.31179293990135193,-0.03129707649350166,0.5077608823776245,0.28547531366348267,-0.042103361338377,0.5101580619812012,0.2946387529373169,-0.046795133501291275,0.530425488948822,0.38836467266082764,-0.010613217949867249,0.535214364528656,0.36903706192970276,-0.036739420145750046,0.5302863121032715,0.4252742826938629,-0.03885738551616669,0.52635258436203,0.44363871216773987,-0.03331691026687622,0.5552012324333191,0.4034891426563263,-0.015882862731814384,0.5584250688552856,0.413881778717041,-0.039316125214099884,0.5473794937133789,0.46475911140441895,-0.031893689185380936,0.5411451458930969,0.4698118269443512,-0.020999856293201447,0.578238308429718,0.42868825793266296,-0.023294761776924133,0.5761212706565857,0.45079609751701355,-0.03887864202260971,0.5642548203468323,0.48920875787734985,-0.03588317334651947,0.5571649074554443,0.4893231987953186,-0.029446689411997795,Left,x
0.41072753071784973,0.6537305116653442,-2.4395060904680577e-07,0.3722274899482727,0.6113861799240112,-0.0282216127961874,0.3492542505264282,0.532116174697876,-0.05045623332262039,0.3676295280456543,0.48496559262275696,-0.07229388505220413,0.4024367332458496,0.4753899872303009,-0.08938183635473251,0.41386187076568604,0.371893048286438,-0.026159601286053658,0.4450984597206116,0.28155285120010376,-0.06447173655033112,0.45960140228271484,0.25383031368255615,-0.08727338910102844,0.46044111251831055,0.2623935341835022,-0.09908057749271393,0.45090585947036743,0.39131996035575867,-0.02683853916823864,0.449032723903656,0.409294068813324,-0.06684901565313339,0.42124563455581665,0.46492770314216614,-0.0746740773320198,0.4113154709339142,0.474547803401947,-0.07282764464616776,0.4787347912788391,0.431562215089798,-0.03348420560359955,0.46582719683647156,0.47553715109825134,-0.06707427650690079,0.4343872666358948,0.5220491886138916,-0.05789351090788841,0.4299466907978058,0.514593243598938,-0.04593080282211304,0.5027370452880859,0.48664140701293945,-0.04419780895113945,0.4810701608657837,0.5318843126296997,-0.0658988505601883,0.45272183418273926,0.5635620951652527,-0.06258334219455719,0.4484632611274719,0.5501763820648193,-0.055268947035074234,Left,x
0.4596504867076874,0.6861989498138428,-3.5213579963055963e-07,0.40960606932640076,0.635398268699646,-0.02482822723686695,0.36806511878967285,0.5684822797775269,-0.048445578664541245,0.34915465116500854,0.5232411623001099,-0.07242198288440704,0.35339272022247314,0.4912570118904114,-0.09187781810760498,0.40064001083374023,0.3863886594772339,-0.02849029377102852,0.3751777708530426,0.29725199937820435,-0.06578624993562698,0.3418833911418915,0.2836696207523346,-0.08626206964254379,0.31371068954467773,0.28874653577804565,-0.09757043421268463,0.4371706545352936,0.38059091567993164,-0.031263671815395355,0.3851655423641205,0.3991541564464569,-0.06270013004541397,0.38352516293525696,0.4998394846916199,-0.06428446620702744,0.4015871286392212,0.5226430296897888,-0.06090512126684189,0.469758540391922,0.4064614474773407,-0.03941890597343445,0.4155351519584656,0.4555138051509857,-0.06109311804175377,0.416623592376709,0.5347059369087219,-0.04375692084431648,0.43371671438217163,0.5392405390739441,-0.030681295320391655,0.49817654490470886,0.4501514434814453,-0.05222061276435852,0.4506252408027649,0.5059959888458252,-0.06608094274997711,0.44625160098075867,0.5608255863189697,-0.056142404675483704,0.45958271622657776,0.5620834827423096,-0.045993316918611526,Left,x
0.5111477375030518,0.7874683141708374,1.7052003897788381e-07,0.45600640773773193,0.7586084604263306,-0.06985658407211304,0.43576642870903015,0.663269579410553,-0.09796136617660522,0.46755656599998474,0.5707375407218933,-0.11326782405376434,0.5136700868606567,0.49654534459114075,-0.12896645069122314,0.42593830823898315,0.47867971658706665,-0.06497273594141006,0.39907488226890564,0.34022921323776245,-0.09554148465394974,0.38610297441482544,0.2500566244125366,-0.11872881650924683,0.3799643814563751,0.1724017858505249,-0.13628946244716644,0.4704761207103729,0.4615580141544342,-0.05135592073202133,0.4543697237968445,0.30084672570228577,-0.07296417653560638,0.4489706754684448,0.19857177138328552,-0.09117905795574188,0.4466439485549927,0.10896417498588562,-0.104965940117836,0.5131025314331055,0.47626394033432007,-0.04531155526638031,0.5126180648803711,0.3422129154205322,-0.0836564302444458,0.5134263038635254,0.24117843806743622,-0.11736994981765747,0.5212027430534363,0.13984349370002747,-0.14205190539360046,0.5523236989974976,0.5180623531341553,-0.04355645924806595,0.5298276543617249,0.48976588249206543,-0.0936678946018219,0.5134916305541992,0.5517685413360596,-0.11537398397922516,0.5093846917152405,0.6113911867141724,-0.127742201089859,Left,w
0.5503060817718506,0.6646318435668945,4.338570391837493e-08,0.5236910581588745,0.6323046684265137,-0.0223560631275177,0.5151695013046265,0.5731087327003479,-0.030155645683407784,0.540381908416748,0.5316742062568665,-0.03504108637571335,0.5685537457466125,0.5060945749282837,-0.04015597701072693,0.5165960788726807,0.4722900986671448,-0.013420892879366875,0.508129358291626,0.4008832275867462,-0.023496152833104134,0.5048652291297913,0.3522811532020569,-0.033163461834192276,0.502835750579834,0.30828601121902466,-0.04163582623004913,0.5398254990577698,0.46488329768180847,-0.01301062572747469,0.5394423604011536,0.3779575824737549,-0.022068841382861137,0.5410686731338501,0.323129266500473,-0.03214685618877411,0.5424439311027527,0.2755413055419922,-0.03971879929304123,0.5600883960723877,0.4791780114173889,-0.015498570166528225,0.569209098815918,0.40805140137672424,-0.03195815533399582,0.5751820802688599,0.3562743067741394,-0.04761934652924538,0.580443263053894,0.3085879683494568,-0.0588420145213604,0.5776129961013794,0.5121740102767944,-0.019398001953959465,0.5764570236206055,0.48946961760520935,-0.03897213190793991,0.5696112513542175,0.514726459980011,-0.04591751843690872,0.5656926035881042,0.5442522168159485,-0.049677375704050064,Left,w
0.3271968364715576,0.7264003753662109,7.812825231212628e-08,0.27999264001846313,0.6980658173561096,-0.03312331438064575,0.25449153780937195,0.6034646034240723,-0.049660198390483856,0.27486222982406616,0.5328509211540222,-0.06087925285100937,0.31541040539741516,0.48174524307250977,-0.07458142936229706,0.2659716010093689,0.4507442116737366,-0.03355429694056511,0.2415667474269867,0.3478148877620697,-0.05222227796912193,0.22420011460781097,0.2791385352611542,-0.06604541838169098,0.21624650061130524,0.21750909090042114,-0.0778481736779213,0.30267655849456787,0.4361099898815155,-0.033551447093486786,0.2886180877685547,0.2906324863433838,-0.0567171685397625,0.27670466899871826,0.20280712842941284,-0.07442992925643921,0.2745686173439026,0.12408050894737244,-0.0849875658750534,0.33690547943115234,0.4532378911972046,-0.03614097461104393,0.3328856825828552,0.321662038564682,-0.07434390485286713,0.3233199417591095,0.24115437269210815,-0.10058678686618805,0.32559698820114136,0.16838723421096802,-0.11604710668325424,0.3688190281391144,0.4968646764755249,-0.038850151002407074,0.3379618525505066,0.456485778093338,-0.0784432664513588,0.3127308189868927,0.5120030045509338,-0.09018619358539581,0.30478522181510925,0.566711962223053,-0.09511571377515793,Left,w
0.8332110643386841,0.7503976821899414,3.243087860482774e-07,0.8036046624183655,0.7198807001113892,-0.06973116099834442,0.8052397966384888,0.6561259627342224,-0.09585759788751602,0.8442214131355286,0.6176972985267639,-0.10804252326488495,0.8885144591331482,0.581488311290741,-0.1191735789179802,0.802392303943634,0.5175436735153198,-0.06888145208358765,0.8020183444023132,0.4190366864204407,-0.09500450640916824,0.8054388761520386,0.3478556275367737,-0.11477312445640564,0.808746337890625,0.2855217456817627,-0.12973888218402863,0.8365470767021179,0.5152390003204346,-0.051198821514844894,0.8435617685317993,0.39445576071739197,-0.07236332446336746,0.8535019159317017,0.317238450050354,-0.08968408405780792,0.8607666492462158,0.2509424388408661,-0.10231431573629379,0.8660154342651367,0.5357800126075745,-0.04018084704875946,0.8868091106414795,0.4422428607940674,-0.07504057139158249,0.904171884059906,0.3749504089355469,-0.10563626140356064,0.9200705289840698,0.3039415180683136,-0.12663018703460693,0.8898199796676636,0.5746341943740845,-0.033446986228227615,0.8936703205108643,0.5544615983963013,-0.07580168545246124,0.8848513960838318,0.5972206592559814,-0.09551756083965302,0.8766326308250427,0.6380601525306702,-0.10680186003446579,Left,w
0.5647991895675659,0.7560896873474121,1.6193662588648294e-07,0.5234618186950684,0.7157855033874512,-0.0532686822116375,0.51310795545578,0.6364690065383911,-0.07661131769418716,0.5562185049057007,0.5833636522293091,-0.09057065844535828,0.605033814907074,0.5419996976852417,-0.1051107868552208,0.5263549089431763,0.46154820919036865,-0.055703189224004745,0.5180526375770569,0.3370749354362488,-0.08152145147323608,0.5185202956199646,0.2523135244846344,-0.10110799223184586,0.5224130153656006,0.17562663555145264,-0.11732359975576401,0.5683048963546753,0.4524269104003906,-0.04919403791427612,0.5761967897415161,0.3079755902290344,-0.07335483282804489,0.5868486762046814,0.21649578213691711,-0.09301366657018661,0.5982423424720764,0.13356611132621765,-0.10700428485870361,0.6014164686203003,0.47970956563949585,-0.047336723655462265,0.6237425208091736,0.3693866431713104,-0.0841374546289444,0.6413467526435852,0.28500401973724365,-0.1137242242693901,0.6601738929748535,0.20271524786949158,-0.13423548638820648,0.627622663974762,0.539392352104187,-0.04814260080456734,0.6203808188438416,0.5121447443962097,-0.09109216183423996,0.6016524434089661,0.5531630516052246,-0.1074516624212265,0.5895984768867493,0.5965155959129333,-0.11603285372257233,Left,w
0.6029683947563171,0.6312540173530579,2.602619133540429e-07,0.5940676331520081,0.628614068031311,-0.04284457862377167,0.6037853360176086,0.6053436994552612,-0.0617779903113842,0.62928307056427,0.5866225957870483,-0.07103288173675537,0.6537386775016785,0.5646025538444519,-0.0802069902420044,0.5970821380615234,0.5110198259353638,-0.06239021569490433,0.6082253456115723,0.4559617340564728,-0.08488506078720093,0.6178915500640869,0.41059166193008423,-0.0997062399983406,0.6241060495376587,0.37138015031814575,-0.10984542220830917,0.6171459555625916,0.5117846131324768,-0.05055738613009453,0.6299430131912231,0.4412544369697571,-0.07235957682132721,0.6412150859832764,0.3982498049736023,-0.0856432393193245,0.6511865258216858,0.3577280640602112,-0.0941387414932251,0.6355366706848145,0.5274596810340881,-0.04052583873271942,0.6553160548210144,0.48035696148872375,-0.06637024879455566,0.6704408526420593,0.45358818769454956,-0.08159897476434708,0.6843735575675964,0.420038104057312,-0.09070204943418503,0.6474340558052063,0.5525190830230713,-0.03243035078048706,0.6576026082038879,0.5490609407424927,-0.05737657845020294,0.6521897315979004,0.5711049437522888,-0.06525595486164093,0.6473740339279175,0.5897188186645508,-0.06863901019096375,Left,w
0.6233353018760681,0.885364830493927,5.269199618851417e-07,0.5851296186447144,0.8665622472763062,-0.12210290133953094,0.5833600759506226,0.7916078567504883,-0.18096747994422913,0.6371790170669556,0.7249994277954102,-0.2167413979768753,0.698159396648407,0.6536436080932617,-0.2509918808937073,0.5613217353820801,0.5427432656288147,-0.15809594094753265,0.5557593703269958,0.37297236919403076,-0.21621988713741302,0.5577847361564636,0.24504408240318298,-0.25722736120224,0.559723436832428,0.1345483362674713,-0.2880591154098511,0.6197111010551453,0.5258748531341553,-0.12662231922149658,0.6287023425102234,0.3266361951828003,-0.17965787649154663,0.6426236629486084,0.1998647153377533,-0.21895566582679749,0.6573678255081177,0.08335450291633606,-0.24938544631004333,0.6737046241760254,0.5538688898086548,-0.10266006737947464,0.7010704874992371,0.40816187858581543,-0.16416989266872406,0.7324115037918091,0.31092116236686707,-0.21251972019672394,0.7635733485221863,0.2066287398338318,-0.24741888046264648,0.7148029208183289,0.6090167760848999,-0.08584843575954437,0.7397476434707642,0.555701732635498,-0.1476314663887024,0.7536305785179138,0.58275306224823,-0.179386705160141,0.7676472067832947,0.6084141731262207,-0.20114071667194366,Left,w
0.7377104759216309,0.8577396273612976,3.9566361920151394e-07,0.7001978754997253,0.8257821798324585,-0.09666085243225098,0.7038851380348206,0.7542146444320679,-0.14174261689186096,0.7610649466514587,0.7130994200706482,-0.16702379286289215,0.8218063116073608,0.6680629253387451,-0.1923130452632904,0.7092432975769043,0.5409872531890869,-0.1255999505519867,0.718786358833313,0.39409103989601135,-0.17250335216522217,0.7299911975860596,0.2936660051345825,-0.20452144742012024,0.7408186793327332,0.2022583782672882,-0.22812066972255707,0.7629013657569885,0.5422621369361877,-0.10410638153553009,0.7913634181022644,0.3693431615829468,-0.14686700701713562,0.8154913187026978,0.2652849555015564,-0.17735126614570618,0.8376541137695312,0.16919612884521484,-0.19866693019866943,0.8058668971061707,0.5806504487991333,-0.08832630515098572,0.842414140701294,0.45912668108940125,-0.1438952386379242,0.8739854693412781,0.37444984912872314,-0.18339817225933075,0.907496452331543,0.28240129351615906,-0.21031132340431213,0.834907591342926,0.6453742980957031,-0.07754795253276825,0.8346334099769592,0.6233678460121155,-0.13695232570171356,0.8148213624954224,0.6757106781005859,-0.15920184552669525,0.8020488619804382,0.7269068360328674,-0.17132937908172607,Left,w
0.5483327507972717,0.7992264628410339,1.665596442990136e-07,0.5099610090255737,0.776473879814148,-0.06558015942573547,0.498770534992218,0.7039125561714172,-0.0910782516002655,0.5368039011955261,0.6359177827835083,-0.10216449946165085,0.5822100043296814,0.5806812644004822,-0.11216101050376892,0.48699480295181274,0.5140035152435303,-0.07746192812919617,0.47207385301589966,0.3791866898536682,-0.10848040133714676,0.4665789008140564,0.28928422927856445,-0.12916652858257294,0.46444427967071533,0.20928451418876648,-0.14451318979263306,0.529360294342041,0.4976639747619629,-0.06549426913261414,0.5255515575408936,0.3357032537460327,-0.09605920314788818,0.5294110774993896,0.23597374558448792,-0.11722966283559799,0.5361140370368958,0.1414310336112976,-0.13069738447666168,0.5670114159584045,0.5151188969612122,-0.05831797793507576,0.5804566740989685,0.3954194188117981,-0.1023963913321495,0.5943582653999329,0.3097711205482483,-0.13305041193962097,0.6106292605400085,0.21484562754631042,-0.15156450867652893,0.5971634984016418,0.5700345635414124,-0.054156411439180374,0.5949335694313049,0.5309393405914307,-0.096249520778656,0.5823279023170471,0.5806942582130432,-0.10758209973573685,0.5723220705986023,0.6327297687530518,-0.1120404601097107,Left,w
0.5873429775238037,0.9312180280685425,4.1726332256075693e-07,0.5445146560668945,0.9096285104751587,-0.11679892241954803,0.5427399277687073,0.8302949666976929,-0.17721259593963623,0.5942565202713013,0.7548460364341736,-0.21374113857746124,0.6594498753547668,0.6729060411453247,-0.2519814074039459,0.5317739248275757,0.5590070486068726,-0.17028957605361938,0.5238896608352661,0.37246274948120117,-0.2256130874156952,0.5213310718536377,0.23861372470855713,-0.2615804970264435,0.5239455699920654,0.13069936633110046,-0.2903999090194702,0.5975440144538879,0.5447783470153809,-0.14096400141716003,0.5976129770278931,0.3252719044685364,-0.20600804686546326,0.5974355936050415,0.19890746474266052,-0.25327882170677185,0.6056673526763916,0.07582321763038635,-0.2876148819923401,0.6552591919898987,0.5786397457122803,-0.11451871693134308,0.6786437630653381,0.41664448380470276,-0.19195900857448578,0.6932379007339478,0.3050262928009033,-0.24618253111839294,0.7138687372207642,0.18914717435836792,-0.2835960388183594,0.6943590641021729,0.6388691663742065,-0.0919482633471489,0.6841369271278381,0.625146746635437,-0.16552560031414032,0.660090982913971,0.7059685587882996,-0.19650058448314667,0.6485602855682373,0.7795329093933105,-0.21658654510974884,Left,w
0.7390055656433105,0.6599524021148682,7.745901342559591e-08,0.7238923907279968,0.6537342667579651,-0.01969577744603157,0.7189810276031494,0.641329824924469,-0.032513320446014404,0.7295069694519043,0.6351027488708496,-0.04228457063436508,0.7424443960189819,0.6270241141319275,-0.05288530886173248,0.7245526313781738,0.5623710751533508,-0.03395847603678703,0.7220631241798401,0.5017381906509399,-0.04623737186193466,0.7212842106819153,0.4632968306541443,-0.053199492394924164,0.720928430557251,0.43296414613723755,-0.058716610074043274,0.7442951798439026,0.5612467527389526,-0.032649654895067215,0.7477080821990967,0.49161025881767273,-0.04643281549215317,0.7499454021453857,0.4499119520187378,-0.05499705299735069,0.7534622550010681,0.4138437509536743,-0.06072629988193512,0.7606543898582458,0.5774035453796387,-0.031829554587602615,0.776620626449585,0.5258752703666687,-0.04993510618805885,0.7885062098503113,0.49463191628456116,-0.062161628156900406,0.7994282245635986,0.4662928581237793,-0.06983673572540283,0.7728468179702759,0.605167031288147,-0.031113015487790108,0.7774049043655396,0.5962756872177124,-0.048988718539476395,0.7751899361610413,0.6111963987350464,-0.05472543463110924,0.7738765478134155,0.6287657022476196,-0.05729523301124573,Left,w
0.46918919682502747,0.8382667303085327,1.1815377121138226e-07,0.4162631928920746,0.8149167895317078,-0.06333388388156891,0.3928932547569275,0.7233802080154419,-0.09242399781942368,0.4292243421077728,0.6410582661628723,-0.10864147543907166,0.4774908423423767,0.5679396986961365,-0.12755087018013,0.38370761275291443,0.5155401825904846,-0.08329357951879501,0.34760016202926636,0.36898279190063477,-0.11651197075843811,0.3276100754737854,0.2717050313949585,-0.1398874968290329,0.3145539164543152,0.18186375498771667,-0.158580020070076,0.43463125824928284,0.49508553743362427,-0.07492905855178833,0.4094657897949219,0.311693012714386,-0.1084459200501442,0.39592990279197693,0.20281141996383667,-0.1346552073955536,0.39225560426712036,0.0996733009815216,-0.15328800678253174,0.481624037027359,0.5148612856864929,-0.07016097754240036,0.47653213143348694,0.3600764274597168,-0.12285351008176804,0.4721258282661438,0.24935239553451538,-0.16340787708759308,0.4773957431316376,0.13895514607429504,-0.1904165893793106,0.5220528841018677,0.5683196187019348,-0.0667286291718483,0.5028768181800842,0.5333930253982544,-0.12210594117641449,0.4876708984375,0.6044442653656006,-0.14159056544303894,0.48513177037239075,0.6745859384536743,-0.15230417251586914,Left,w
0.8314554691314697,0.7878432273864746,3.881279440065555e-07,0.8022169470787048,0.7725478410720825,-0.06519897282123566,0.8000324964523315,0.7183126211166382,-0.09712708741426468,0.8424257040023804,0.6646451950073242,-0.11691605299711227,0.8840602040290833,0.6120246648788452,-0.13737595081329346,0.783335268497467,0.5539534687995911,-0.07791142910718918,0.781143307685852,0.44435736536979675,-0.10931970924139023,0.783545970916748,0.3664626181125641,-0.13177289068698883,0.7857942581176758,0.29848963022232056,-0.14849931001663208,0.8198596239089966,0.5418888330459595,-0.06434096395969391,0.8271116018295288,0.41121211647987366,-0.09311037510633469,0.8368762731552124,0.32861489057540894,-0.11537164449691772,0.8469356894493103,0.24944782257080078,-0.13027428090572357,0.8531197309494019,0.5615633130073547,-0.0548635795712471,0.8708508014678955,0.462069571018219,-0.09421268850564957,0.886776328086853,0.38897305727005005,-0.12371451407670975,0.9028343558311462,0.31188535690307617,-0.14346559345722198,0.8787407279014587,0.6048659682273865,-0.04848647117614746,0.8831951022148132,0.5956302881240845,-0.0929483100771904,0.8743392825126648,0.6412520408630371,-0.11006574332714081,0.870926558971405,0.6801455020904541,-0.11863511055707932,Left,w
0.6113643646240234,0.8020683526992798,1.649046623697359e-07,0.5822666883468628,0.7809317111968994,-0.06857340037822723,0.5784807205200195,0.7224025726318359,-0.0980324000120163,0.6193992495536804,0.6585400700569153,-0.11378435790538788,0.6585554480552673,0.5970568060874939,-0.1291092187166214,0.5557408928871155,0.5434329509735107,-0.08264568448066711,0.538545548915863,0.41544100642204285,-0.11382685601711273,0.5308189988136292,0.3273751139640808,-0.13509002327919006,0.5243843197822571,0.25425946712493896,-0.1507694572210312,0.5981184840202332,0.5259460210800171,-0.06728644669055939,0.5936174392700195,0.37416592240333557,-0.09518060088157654,0.5947956442832947,0.28486961126327515,-0.11530545353889465,0.5971857309341431,0.20464056730270386,-0.12931641936302185,0.635092556476593,0.5427954196929932,-0.056273818016052246,0.6424206495285034,0.4233938455581665,-0.0949864313006401,0.6533485054969788,0.3440113365650177,-0.12291931360960007,0.6648926138877869,0.2620176076889038,-0.14168258011341095,0.661628007888794,0.588330864906311,-0.04881424084305763,0.6576197147369385,0.555264949798584,-0.09011650830507278,0.6518004536628723,0.5954976081848145,-0.10445038229227066,0.6485860347747803,0.6382017135620117,-0.11149367690086365,Left,w
0.6012597680091858,0.6257274150848389,8.468400380934327e-08,0.5899596810340881,0.6243429780006409,-0.03161225467920303,0.5976919531822205,0.6015002131462097,-0.04556896537542343,0.6223313212394714,0.576087236404419,-0.05314856022596359,0.6435756683349609,0.547909677028656,-0.06078561767935753,0.5831855535507202,0.506553053855896,-0.04461909830570221,0.5775774717330933,0.439466655254364,-0.059979356825351715,0.5756666660308838,0.39350759983062744,-0.06878650933504105,0.5733986496925354,0.35487163066864014,-0.07532014697790146,0.6050061583518982,0.4966365396976471,-0.037842247635126114,0.609009325504303,0.41601696610450745,-0.05265951529145241,0.612677276134491,0.3708271384239197,-0.061170030385255814,0.6160276532173157,0.3291301131248474,-0.06674746423959732,0.6244449019432068,0.5067766308784485,-0.03256252780556679,0.6375353336334229,0.44901180267333984,-0.05331166461110115,0.6480071544647217,0.41234543919563293,-0.0674021765589714,0.6574732661247253,0.3723723888397217,-0.07648225128650665,0.6379532217979431,0.5319606065750122,-0.028398357331752777,0.6435617208480835,0.527596116065979,-0.0501660481095314,0.6412491798400879,0.548892617225647,-0.05806991457939148,0.6399966478347778,0.568060040473938,-0.0619037002325058,Left,w
0.8168442845344543,0.781836748123169,1.9114587246349402e-07,0.7903584837913513,0.7633898854255676,-0.04983764514327049,0.7898016571998596,0.7101158499717712,-0.07354037463665009,0.8296634554862976,0.6653541922569275,-0.08873060345649719,0.8694007992744446,0.6232436299324036,-0.10517208278179169,0.7749024629592896,0.5486476421356201,-0.05820108950138092,0.7666058540344238,0.43630582094192505,-0.08462285250425339,0.7633316516876221,0.35945752263069153,-0.10413792729377747,0.7601345777511597,0.2927839457988739,-0.11872710287570953,0.8122165203094482,0.5342130064964294,-0.05151842162013054,0.8199425339698792,0.4007779657840729,-0.07298065721988678,0.8292604684829712,0.3179740309715271,-0.09107984602451324,0.8394210934638977,0.24244093894958496,-0.10356439650058746,0.8452283143997192,0.5549378991127014,-0.04841477423906326,0.8654032945632935,0.45284411311149597,-0.0811503678560257,0.8805596828460693,0.3825266659259796,-0.10696534067392349,0.8965536952018738,0.3099444508552551,-0.12450649589300156,0.8706398606300354,0.6037590503692627,-0.047522880136966705,0.8746222257614136,0.5887875556945801,-0.0854850560426712,0.8637011051177979,0.6312956213951111,-0.09812496602535248,0.8572922945022583,0.6725074052810669,-0.10385992377996445,Left,w
0.6126309633255005,0.7866054773330688,2.381542287821503e-07,0.5690535306930542,0.776951789855957,-0.09694164246320724,0.5539758205413818,0.719524621963501,-0.13848191499710083,0.5963777899742126,0.6609621047973633,-0.1607382595539093,0.641253650188446,0.5950783491134644,-0.18114110827445984,0.5372959971427917,0.5067120790481567,-0.1109347715973854,0.5116233825683594,0.3775571286678314,-0.14899879693984985,0.4980219602584839,0.2859414219856262,-0.17723655700683594,0.4860405921936035,0.2082449197769165,-0.19773994386196136,0.5792701244354248,0.48679888248443604,-0.08799741417169571,0.5614483952522278,0.32506078481674194,-0.11420835554599762,0.5531646013259888,0.22708557546138763,-0.13650204241275787,0.5459448099136353,0.1372372806072235,-0.15576256811618805,0.6213024258613586,0.49737444519996643,-0.07354401797056198,0.6301431059837341,0.3609885573387146,-0.1171083152294159,0.6360463500022888,0.2747884690761566,-0.15572434663772583,0.6387392282485962,0.17919370532035828,-0.18391083180904388,0.6622363328933716,0.539739191532135,-0.06531552225351334,0.6751477718353271,0.4778703451156616,-0.11086477339267731,0.6695225834846497,0.5304892659187317,-0.13022354245185852,0.6552421450614929,0.5911508798599243,-0.14367254078388214,Left,w
0.6719975471496582,0.771155834197998,3.304503195522557e-07,0.6269172430038452,0.7969831228256226,-0.06950599700212479,0.5956951975822449,0.7804173827171326,-0.1102476567029953,0.6112582087516785,0.7025456428527832,-0.1370147317647934,0.6340519785881042,0.6222201585769653,-0.16410067677497864,0.5310243368148804,0.5831121802330017,-0.1059376671910286,0.46334290504455566,0.4864247143268585,-0.14226000010967255,0.41928765177726746,0.4316267669200897,-0.16791553795337677,0.38241487741470337,0.3797450363636017,-0.1868116855621338,0.5618493556976318,0.5280339121818542,-0.0911061018705368,0.4986416697502136,0.39815154671669006,-0.13583871722221375,0.46490752696990967,0.31737667322158813,-0.1654159277677536,0.4342573285102844,0.2347995936870575,-0.18451687693595886,0.6042153835296631,0.5122816562652588,-0.0775638148188591,0.5734578371047974,0.37948477268218994,-0.13256625831127167,0.5540876388549805,0.29087674617767334,-0.16505615413188934,0.5304315090179443,0.20947779715061188,-0.18256904184818268,0.6503868103027344,0.5285903215408325,-0.0652393326163292,0.6437228322029114,0.46672162413597107,-0.10416640341281891,0.6461300849914551,0.5170367360115051,-0.10754622519016266,0.6486057043075562,0.5862475633621216,-0.10709503293037415,Left,w
0.7031207084655762,0.7446497082710266,4.96910729452793e-07,0.6739190220832825,0.7281624674797058,-0.11217785626649857,0.6894909739494324,0.6936273574829102,-0.16722893714904785,0.7480375170707703,0.6820517778396606,-0.1992938220500946,0.8136510848999023,0.6543344855308533,-0.23169998824596405,0.7259743809700012,0.46699145436286926,-0.1554982215166092,0.7537188529968262,0.3349834978580475,-0.20455974340438843,0.7771565318107605,0.2343849241733551,-0.23835182189941406,0.7944898009300232,0.14962175488471985,-0.2642538845539093,0.7738514542579651,0.4865913689136505,-0.12636162340641022,0.8181519508361816,0.3270220160484314,-0.17181679606437683,0.8486162424087524,0.24067050218582153,-0.20595844089984894,0.8772182464599609,0.1579032838344574,-0.23332089185714722,0.8135069012641907,0.5386362671852112,-0.10320331156253815,0.8761125802993774,0.4467337727546692,-0.16461092233657837,0.9200547933578491,0.39397892355918884,-0.21328936517238617,0.9585732221603394,0.32845622301101685,-0.24769414961338043,0.8401797413825989,0.604912281036377,-0.08497972786426544,0.8727893233299255,0.5873047113418579,-0.14832225441932678,0.8544631004333496,0.6361109614372253,-0.17757190763950348,0.8307030200958252,0.6773995161056519,-0.19706018269062042,Left,w
0.5190433263778687,0.649448037147522,2.5805409364920706e-08,0.4927004873752594,0.6364762187004089,-0.02759002335369587,0.47941717505455017,0.5941175818443298,-0.03772257640957832,0.4980573058128357,0.5476225018501282,-0.042166776955127716,0.5226396322250366,0.5124338269233704,-0.04531637206673622,0.47483137249946594,0.47510087490081787,-0.028788400813937187,0.45734477043151855,0.4010961055755615,-0.04221603274345398,0.44929325580596924,0.35136520862579346,-0.05141306668519974,0.4440406560897827,0.3061067759990692,-0.05840197578072548,0.4997975826263428,0.46128901839256287,-0.025852158665657043,0.4919356405735016,0.36754339933395386,-0.04030226171016693,0.48946547508239746,0.3101325035095215,-0.04845152795314789,0.48740798234939575,0.2570647597312927,-0.05304892733693123,0.5222891569137573,0.4715747535228729,-0.025648484006524086,0.5300341844558716,0.39779606461524963,-0.04854387417435646,0.5360003113746643,0.3459922671318054,-0.062271080911159515,0.5402374267578125,0.290303111076355,-0.0689912661910057,0.5433457493782043,0.5071344971656799,-0.02645765244960785,0.5502153038978577,0.46222391724586487,-0.04359527304768562,0.5428799986839294,0.4827616810798645,-0.044311102479696274,0.531981348991394,0.5117676854133606,-0.04305682331323624,Left,w
0.5432193875312805,0.8815340399742126,8.710614451956644e-08,0.4985298216342926,0.8059260249137878,-0.042351096868515015,0.4854561686515808,0.6937877535820007,-0.057746872305870056,0.5238708257675171,0.5967716574668884,-0.07098691910505295,0.5667968988418579,0.5286950469017029,-0.08122313022613525,0.4840446710586548,0.5432913899421692,-0.022149352356791496,0.4642874300479889,0.3969390392303467,-0.04127829894423485,0.4528202414512634,0.31273353099823,-0.05813724175095558,0.4501231908798218,0.23606371879577637,-0.0731874629855156,0.5326040983200073,0.5277958512306213,-0.018583273515105247,0.5334997773170471,0.3502967953681946,-0.03663809970021248,0.5408855080604553,0.2531667649745941,-0.05313410982489586,0.5491337776184082,0.17211759090423584,-0.06769341975450516,0.5746314525604248,0.5552963614463806,-0.02056078240275383,0.5929461717605591,0.4139106869697571,-0.05446736514568329,0.5821862816810608,0.47235673666000366,-0.06588974595069885,0.5703480243682861,0.5276431441307068,-0.06923345476388931,0.614659309387207,0.6112868785858154,-0.02640499547123909,0.627372682094574,0.5405357480049133,-0.06212333217263222,0.6119517683982849,0.5862265229225159,-0.07188811898231506,0.5973734259605408,0.6358045935630798,-0.07486038655042648,Left,v
0.5498451590538025,0.7758731245994568,2.558630862736777e-09,0.5133022665977478,0.705216109752655,-0.0253231693059206,0.5030762553215027,0.603373646736145,-0.03279025852680206,0.5354893803596497,0.5258098244667053,-0.04061705246567726,0.5687597990036011,0.4709223508834839,-0.04639486223459244,0.5042637586593628,0.4914655089378357,-0.007614733185619116,0.48644325137138367,0.374938428401947,-0.024985570460557938,0.4750954508781433,0.30788442492485046,-0.0399978868663311,0.4704238772392273,0.24589605629444122,-0.051492445170879364,0.5428977608680725,0.4812982380390167,-0.009095878340303898,0.5441904664039612,0.33496302366256714,-0.024863289669156075,0.5484712719917297,0.25157108902931213,-0.03774245083332062,0.5560045838356018,0.1853851079940796,-0.04707999527454376,0.5777251720428467,0.505791425704956,-0.01479069609194994,0.5915952920913696,0.3935634195804596,-0.04323713481426239,0.5783717036247253,0.4498598873615265,-0.04861190542578697,0.5693421363830566,0.50367671251297,-0.04617445915937424,0.6104945540428162,0.554232120513916,-0.023012729361653328,0.6192841529846191,0.49043044447898865,-0.05016555264592171,0.60184246301651,0.5294439196586609,-0.05214482918381691,0.589118480682373,0.5740301012992859,-0.04871341958642006,Left,v
0.6232941746711731,0.6348167657852173,1.762730619248032e-07,0.6015491485595703,0.6188825368881226,-0.021896343678236008,0.5928094387054443,0.5781314373016357,-0.034161996096372604,0.6078760623931885,0.5546068549156189,-0.04543275386095047,0.6257936358451843,0.5495449304580688,-0.05542711168527603,0.5867172479629517,0.4942009150981903,-0.024497484788298607,0.5722171664237976,0.42146366834640503,-0.04159180447459221,0.561028242111206,0.3785689175128937,-0.05403001606464386,0.5551813244819641,0.34226691722869873,-0.06322083622217178,0.6130076050758362,0.4885617196559906,-0.02498278021812439,0.6104726791381836,0.4018823504447937,-0.04317622631788254,0.6102996468544006,0.347869873046875,-0.05605774745345116,0.6137455105781555,0.3060677647590637,-0.06469012796878815,0.6389514803886414,0.5016961693763733,-0.027321675792336464,0.6422272324562073,0.43995440006256104,-0.051586706191301346,0.6329721212387085,0.4914715886116028,-0.05459633097052574,0.6305077075958252,0.5337074398994446,-0.05101979896426201,0.6667805314064026,0.5274711847305298,-0.031166084110736847,0.6660271286964417,0.4890860319137573,-0.052762556821107864,0.6550092101097107,0.5220041871070862,-0.05306582897901535,0.6502929329872131,0.5543389320373535,-0.0487995520234108,Left,v
0.5803844928741455,0.9987690448760986,3.484271360321145e-08,0.525270938873291,0.9163753986358643,-0.060594458132982254,0.5129753351211548,0.779263973236084,-0.08255234360694885,0.5700284838676453,0.6658085584640503,-0.09874653071165085,0.6272619962692261,0.5851495265960693,-0.11033972352743149,0.5075696110725403,0.5395083427429199,-0.043845128268003464,0.4732634723186493,0.3356431722640991,-0.08028367906808853,0.4558069705963135,0.21515727043151855,-0.11101597547531128,0.4510171413421631,0.11126953363418579,-0.1348254680633545,0.574868381023407,0.5280675888061523,-0.039199408143758774,0.5763744115829468,0.28360477089881897,-0.06871974468231201,0.5860490202903748,0.15450817346572876,-0.09433139115571976,0.5993906855583191,0.05678075551986694,-0.11485960334539413,0.6333023905754089,0.5705668926239014,-0.04183699190616608,0.6583364009857178,0.376691997051239,-0.09073103219270706,0.6379274129867554,0.4406058192253113,-0.10481080412864685,0.623011589050293,0.5016041994094849,-0.10756752640008926,0.6870654225349426,0.6610130071640015,-0.04993748664855957,0.7036475539207458,0.5615155100822449,-0.1008463203907013,0.6707324385643005,0.6394444704055786,-0.10909297317266464,0.6446723341941833,0.7249557375907898,-0.10787996649742126,Left,v
0.2785126864910126,0.7711122035980225,6.530847258545691e-07,0.22637411952018738,0.7551406621932983,-0.058756183832883835,0.19713488221168518,0.7080796957015991,-0.10995826125144958,0.21019801497459412,0.666608452796936,-0.1583988070487976,0.23216159641742706,0.6167956590652466,-0.20646299421787262,0.1709589958190918,0.5489280819892883,-0.11375410854816437,0.1085306704044342,0.4377744495868683,-0.18135681748390198,0.06995029747486115,0.3652597665786743,-0.22867174446582794,0.04590967297554016,0.2907436490058899,-0.26401832699775696,0.22776778042316437,0.5286139249801636,-0.1214699074625969,0.18823087215423584,0.3578866720199585,-0.18930569291114807,0.16547206044197083,0.25097715854644775,-0.23650053143501282,0.1523030698299408,0.14861398935317993,-0.2721672058105469,0.28375178575515747,0.5543027520179749,-0.13126961886882782,0.27238720655441284,0.40212318301200867,-0.20016750693321228,0.25739631056785583,0.5065198540687561,-0.20981457829475403,0.24772758781909943,0.5920246839523315,-0.20893380045890808,0.3395366966724396,0.6021601557731628,-0.14512602984905243,0.32306912541389465,0.557192862033844,-0.20340152084827423,0.2930087149143219,0.6345798373222351,-0.21184568107128143,0.2695833444595337,0.7030184864997864,-0.2118811011314392,Left,v
0.8858251571655273,0.9217396974563599,1.9867005107698787e-07,0.8393378257751465,0.8669252395629883,-0.06209029629826546,0.8296555876731873,0.768819272518158,-0.08841489255428314,0.8749620914459229,0.692756175994873,-0.10837890952825546,0.921156644821167,0.627837061882019,-0.12480943650007248,0.8131190538406372,0.5919135808944702,-0.04658491164445877,0.7841461300849915,0.45495933294296265,-0.08065082132816315,0.7663546800613403,0.37140655517578125,-0.10940620303153992,0.7559431195259094,0.2939753830432892,-0.13150306046009064,0.8677077889442444,0.573000967502594,-0.03916732221841812,0.8611124157905579,0.4029313325881958,-0.06829199194908142,0.8686879873275757,0.2981964647769928,-0.09504745155572891,0.8769007921218872,0.2106289565563202,-0.11563324183225632,0.9190632104873657,0.5976147055625916,-0.03925282508134842,0.925304114818573,0.4586464762687683,-0.0877537876367569,0.9204413294792175,0.522192120552063,-0.1098199337720871,0.9143050312995911,0.5810527205467224,-0.11735355108976364,0.9691762328147888,0.6521790027618408,-0.0440620556473732,0.9725016951560974,0.5729278326034546,-0.09432393312454224,0.9564715027809143,0.633470356464386,-0.10951002687215805,0.9413078427314758,0.6998437643051147,-0.11345266550779343,Left,v
0.49998900294303894,0.7990725040435791,5.115709633685128e-09,0.4617428779602051,0.7341180443763733,-0.025783101096749306,0.4512389004230499,0.6391177773475647,-0.03594081848859787,0.48373088240623474,0.5641052722930908,-0.046138036996126175,0.5221263766288757,0.5174096822738647,-0.05471564829349518,0.46344637870788574,0.5056421160697937,-0.015159927308559418,0.450762540102005,0.3817610740661621,-0.0322989746928215,0.4427267611026764,0.30941879749298096,-0.046834878623485565,0.44469404220581055,0.24783548712730408,-0.05944009870290756,0.5008941888809204,0.49946585297584534,-0.016365613788366318,0.5050067901611328,0.3475589454174042,-0.031536974012851715,0.5087229609489441,0.26483598351478577,-0.044002968817949295,0.5160083770751953,0.20169982314109802,-0.054550159722566605,0.5343106985092163,0.5284296274185181,-0.021041328087449074,0.5513142347335815,0.40064507722854614,-0.04691045358777046,0.5350526571273804,0.4494101405143738,-0.0523802824318409,0.5243604183197021,0.4988415241241455,-0.05215192586183548,0.564866304397583,0.5843856930732727,-0.028204748407006264,0.5740476846694946,0.5073466300964355,-0.0553656741976738,0.55116206407547,0.5381506681442261,-0.05908075347542763,0.5333312749862671,0.5814069509506226,-0.057841185480356216,Left,v
0.5936656594276428,0.8581775426864624,3.5351101246305916e-07,0.5451833009719849,0.7818859815597534,-0.07641313970088959,0.5412570834159851,0.6583049893379211,-0.10797923803329468,0.5906502604484558,0.5623470544815063,-0.13112246990203857,0.6461488604545593,0.49100881814956665,-0.15074117481708527,0.5365843772888184,0.4706023931503296,-0.06063225120306015,0.520734965801239,0.3020506501197815,-0.10044335573911667,0.513611912727356,0.19299229979515076,-0.13239873945713043,0.5139109492301941,0.09771806001663208,-0.15658196806907654,0.5938168168067932,0.46495017409324646,-0.04803076758980751,0.6047477722167969,0.25806260108947754,-0.08443182706832886,0.6260309815406799,0.13613402843475342,-0.1155334934592247,0.6452518701553345,0.036374419927597046,-0.13897395133972168,0.6444381475448608,0.5020548701286316,-0.04398873448371887,0.6711217761039734,0.3437952697277069,-0.1002793088555336,0.6664640307426453,0.40255600214004517,-0.12734395265579224,0.656490683555603,0.4597274661064148,-0.13797791302204132,0.6922667622566223,0.5701535940170288,-0.04580724984407425,0.7151694893836975,0.49364563822746277,-0.10227839648723602,0.6947707533836365,0.5562777519226074,-0.12170368432998657,0.6711629033088684,0.6221551895141602,-0.12888392806053162,Left,v
0.39918771386146545,0.8130621910095215,-3.142626781027502e-07,0.35269343852996826,0.8055306077003479,-0.018320120871067047,0.31894391775131226,0.7222452759742737,-0.023536494001746178,0.3227947950363159,0.6439239382743835,-0.031081603839993477,0.3503538966178894,0.6050748825073242,-0.035555414855480194,0.3543950319290161,0.6054311990737915,0.015344523824751377,0.3465016484260559,0.5347692966461182,-0.0013562050880864263,0.33644258975982666,0.5435473322868347,-0.01316720712929964,0.3359626531600952,0.5784294009208679,-0.017948657274246216,0.3783470094203949,0.5924604535102844,0.015784207731485367,0.3681894540786743,0.510815441608429,-0.0028064849320799112,0.35035526752471924,0.5337203741073608,-0.011270467191934586,0.3464163839817047,0.5759333372116089,-0.010038440115749836,0.4031173884868622,0.5880459547042847,0.010155304335057735,0.39543721079826355,0.5026835799217224,-0.01020133774727583,0.3742779791355133,0.5316821932792664,-0.014515126124024391,0.3710591793060303,0.5825210809707642,-0.009557133540511131,0.4315480589866638,0.5937287211418152,0.002020644722506404,0.4221552610397339,0.511808454990387,-0.01207655854523182,0.4017360508441925,0.5151950716972351,-0.014874513261020184,0.39301198720932007,0.5512261390686035,-0.012003125622868538,Left,v
0.7738869190216064,0.8373183012008667,4.7507415956715704e-07,0.7505185604095459,0.7702586054801941,-0.0735393613576889,0.7627017498016357,0.6807276010513306,-0.09672491252422333,0.8160709738731384,0.631928026676178,-0.10970614850521088,0.8667685985565186,0.5903857946395874,-0.11782018095254898,0.7638581395149231,0.5183029174804688,-0.044206276535987854,0.778738796710968,0.3939278721809387,-0.06530033051967621,0.7906135320663452,0.317207932472229,-0.08552449941635132,0.8035051822662354,0.2491203248500824,-0.1025639995932579,0.8079280853271484,0.5301660895347595,-0.023517601191997528,0.8398293852806091,0.3891645073890686,-0.0461442656815052,0.8762163519859314,0.3082706034183502,-0.07406924664974213,0.9067876935005188,0.2419995665550232,-0.09629668295383453,0.8400814533233643,0.5709832906723022,-0.010984690859913826,0.8789668083190918,0.45931103825569153,-0.053808003664016724,0.8810127973556519,0.5017651915550232,-0.08796032518148422,0.8702327013015747,0.5441477298736572,-0.10490051656961441,0.8678160309791565,0.6284935474395752,-0.0035823818761855364,0.9011616110801697,0.574778139591217,-0.04959773272275925,0.8962626457214355,0.6159461140632629,-0.07700074464082718,0.8764269351959229,0.6605754494667053,-0.09164431691169739,Left,v
0.5742477178573608,0.6409755945205688,1.8191867923178506e-07,0.5554642677307129,0.607353925704956,-0.025729835033416748,0.5567877292633057,0.5550978183746338,-0.034217752516269684,0.5812726020812988,0.5101550221443176,-0.03990648314356804,0.6017522215843201,0.47551730275154114,-0.04376190900802612,0.5492458939552307,0.4763832688331604,-0.015482461079955101,0.5483806133270264,0.40582332015037537,-0.028058286756277084,0.5467439889907837,0.358809232711792,-0.03865953907370567,0.5467864871025085,0.3181528151035309,-0.04676198959350586,0.5737797021865845,0.472252756357193,-0.011173050850629807,0.5781793594360352,0.39017629623413086,-0.023512326180934906,0.5873227119445801,0.33946385979652405,-0.03461475297808647,0.5968202948570251,0.2967377305030823,-0.042110465466976166,0.5939779281616211,0.4877621829509735,-0.00983682181686163,0.6047501564025879,0.42563480138778687,-0.03063010983169079,0.6029099822044373,0.4562378525733948,-0.03851975500583649,0.5982820987701416,0.48560628294944763,-0.03938627243041992,0.6119075417518616,0.5152657628059387,-0.010365358553826809,0.6220133900642395,0.47392410039901733,-0.03136507421731949,0.6156378984451294,0.497891902923584,-0.036388274282217026,0.6068058013916016,0.5245085954666138,-0.035969171673059464,Left,v
0.6323243379592896,0.8763916492462158,5.246755918619783e-08,0.5887071490287781,0.8418540954589844,-0.059369511902332306,0.5761202573776245,0.7478345036506653,-0.08385923504829407,0.6151039600372314,0.6613176465034485,-0.10116706043481827,0.6576457023620605,0.5964019894599915,-0.11453498899936676,0.5506652593612671,0.5757951736450195,-0.05696931853890419,0.5209218859672546,0.431985080242157,-0.08850634098052979,0.49958884716033936,0.35165417194366455,-0.11316322535276413,0.4889424443244934,0.27528950572013855,-0.132506862282753,0.5999003648757935,0.5445663332939148,-0.04804046452045441,0.58967125415802,0.35948097705841064,-0.07412393391132355,0.5928143262863159,0.25361472368240356,-0.09750799834728241,0.6003900766372681,0.15728804469108582,-0.1165701150894165,0.6479297280311584,0.557646632194519,-0.044370587915182114,0.6581189632415771,0.41355323791503906,-0.08622334152460098,0.6540165543556213,0.48596978187561035,-0.10265865921974182,0.6452829837799072,0.5462155342102051,-0.10825292766094208,0.6938962340354919,0.605352520942688,-0.04534435272216797,0.7048847675323486,0.5286996364593506,-0.08971834927797318,0.6904457807540894,0.587985634803772,-0.10151069611310959,0.6723725199699402,0.6486024856567383,-0.10418589413166046,Left,v
0.6259370446205139,0.662367045879364,3.2879046329981065e-07,0.60346919298172,0.641511082649231,-0.04042728617787361,0.6021327972412109,0.5932361483573914,-0.05890675261616707,0.6253865361213684,0.5431942343711853,-0.07170678675174713,0.6499437093734741,0.5072020888328552,-0.08299271762371063,0.5910162329673767,0.49552828073501587,-0.04277050495147705,0.587287425994873,0.4161747694015503,-0.06463567912578583,0.5836590528488159,0.3639552593231201,-0.08194421976804733,0.5836781859397888,0.31947338581085205,-0.09475342929363251,0.6199829578399658,0.4887402057647705,-0.0340169221162796,0.6243532299995422,0.3947025537490845,-0.05299452319741249,0.6337703466415405,0.33774077892303467,-0.0680602490901947,0.6461814641952515,0.286548912525177,-0.07919910550117493,0.6457380056381226,0.5044932961463928,-0.02839783765375614,0.6591945290565491,0.43480008840560913,-0.05503736808896065,0.6567772030830383,0.4700232446193695,-0.06442718207836151,0.6517283916473389,0.5067477822303772,-0.06645337492227554,0.6674602031707764,0.5337095260620117,-0.025611041113734245,0.6797909140586853,0.4887450933456421,-0.05384170636534691,0.6726119518280029,0.5174091458320618,-0.06128619983792305,0.6620218753814697,0.5527428984642029,-0.061999186873435974,Left,v
0.7998026013374329,0.874664306640625,3.4526129866208066e-07,0.7624661326408386,0.8060279488563538,-0.06777729094028473,0.7564643025398254,0.7159680724143982,-0.09669362753629684,0.7918083667755127,0.6431344151496887,-0.12016133219003677,0.8391092419624329,0.5862032175064087,-0.14083324372768402,0.7550689578056335,0.5707185864448547,-0.03807533532381058,0.7429503798484802,0.43818628787994385,-0.06448719650506973,0.7383085489273071,0.3590947091579437,-0.0884678065776825,0.7382344007492065,0.2888669967651367,-0.10807346552610397,0.799763023853302,0.565843403339386,-0.02678815647959709,0.8103572726249695,0.40533629059791565,-0.051500581204891205,0.8276771306991577,0.3163090646266937,-0.07843285799026489,0.8437537550926208,0.24112099409103394,-0.10075826942920685,0.8397507667541504,0.5937292575836182,-0.024575484916567802,0.8624259829521179,0.4647407829761505,-0.07106562703847885,0.8541083335876465,0.5086621046066284,-0.10109735280275345,0.8409075736999512,0.5553916692733765,-0.11634693294763565,0.88018399477005,0.6432997584342957,-0.027657371014356613,0.9027096629142761,0.5803322196006775,-0.07613404095172882,0.8857185244560242,0.6308046579360962,-0.09975908696651459,0.8633503913879395,0.6889789700508118,-0.11297377198934555,Left,v
0.5424723029136658,0.7963899374008179,7.35857454969846e-08,0.49921488761901855,0.744144856929779,-0.03321196511387825,0.48563235998153687,0.6521682143211365,-0.04504816234111786,0.5114809274673462,0.5734069347381592,-0.056204136461019516,0.5418270230293274,0.5181076526641846,-0.06516506522893906,0.48742932081222534,0.5274176597595215,-0.0153132239356637,0.46553900837898254,0.41268062591552734,-0.0359797328710556,0.4547073245048523,0.3424631953239441,-0.05384385213255882,0.4502742290496826,0.27863654494285583,-0.06862864643335342,0.5255270004272461,0.5123064517974854,-0.014508734457194805,0.5193259716033936,0.3760002851486206,-0.03557091951370239,0.5210182070732117,0.29462361335754395,-0.0538322813808918,0.5255630612373352,0.22793415188789368,-0.06798212975263596,0.5594643354415894,0.5290844440460205,-0.018519844859838486,0.5684912204742432,0.40758123993873596,-0.050827886909246445,0.5586420893669128,0.45913994312286377,-0.06028638407588005,0.551813006401062,0.5131413340568542,-0.06158114969730377,0.5930295586585999,0.5691988468170166,-0.02577809989452362,0.5974476337432861,0.5017281174659729,-0.05928962677717209,0.5786205530166626,0.5421261191368103,-0.06754480302333832,0.5633662939071655,0.5921276211738586,-0.06872617453336716,Left,v
0.6179880499839783,0.5899255871772766,1.241844387322999e-07,0.604943573474884,0.5797128677368164,-0.02975350059568882,0.6066001653671265,0.5521899461746216,-0.04276805743575096,0.6282258033752441,0.5212815999984741,-0.050354618579149246,0.6461849808692932,0.49364519119262695,-0.05509433150291443,0.6000425219535828,0.4787822961807251,-0.04050441086292267,0.5970944166183472,0.41745299100875854,-0.05713091418147087,0.5940824151039124,0.3776223361492157,-0.06907211244106293,0.5947740077972412,0.34077125787734985,-0.07802779972553253,0.6189615726470947,0.4729304611682892,-0.032926589250564575,0.6244376301765442,0.39912229776382446,-0.0488850399851799,0.6325666904449463,0.3561429977416992,-0.060484327375888824,0.6408768892288208,0.3199622333049774,-0.07010103017091751,0.636674702167511,0.4851352572441101,-0.026501940563321114,0.65071702003479,0.4337865114212036,-0.04289801046252251,0.650679886341095,0.46206265687942505,-0.04640622064471245,0.644957959651947,0.48587045073509216,-0.047272972762584686,0.6515564322471619,0.5065317749977112,-0.022581186145544052,0.6660262942314148,0.4752572476863861,-0.03773275390267372,0.663451611995697,0.49818870425224304,-0.040565960109233856,0.6539726257324219,0.5194075703620911,-0.040924329310655594,Left,v
0.5933650732040405,0.9604691863059998,6.139763542023502e-08,0.5436670184135437,0.9039642810821533,-0.09628782421350479,0.5396695137023926,0.780877947807312,-0.13545207679271698,0.5924960374832153,0.6786741614341736,-0.16003049910068512,0.6515029072761536,0.5890911817550659,-0.1798943281173706,0.5088194608688354,0.5406983494758606,-0.10267643630504608,0.4814722537994385,0.3386654853820801,-0.15650475025177002,0.4590715765953064,0.21422451734542847,-0.19835922122001648,0.4494805335998535,0.10410153865814209,-0.2291088104248047,0.5727421045303345,0.5283676981925964,-0.08425547182559967,0.5732681751251221,0.27775144577026367,-0.12590911984443665,0.5827118158340454,0.15127599239349365,-0.1611381471157074,0.5929561853408813,0.051439762115478516,-0.19033321738243103,0.6357436776161194,0.560065746307373,-0.07459709793329239,0.6652579307556152,0.37428921461105347,-0.1408386528491974,0.6568880677223206,0.4606008231639862,-0.17103923857212067,0.6432859301567078,0.5353173613548279,-0.18460118770599365,0.6953666806221008,0.627974271774292,-0.07181505113840103,0.7213643193244934,0.5330575704574585,-0.14017023146152496,0.6972985863685608,0.6247537732124329,-0.16091544926166534,0.6678194999694824,0.716361403465271,-0.16870352625846863,Left,v
0.5298126339912415,0.7738193273544312,1.3573141188771842e-07,0.49047550559043884,0.7460881471633911,-0.04183661565184593,0.47521844506263733,0.6759547591209412,-0.060328613966703415,0.5010266304016113,0.6076685190200806,-0.07447434961795807,0.5341265201568604,0.5625439286231995,-0.08636583387851715,0.46453604102134705,0.5402076244354248,-0.03724203258752823,0.4394756853580475,0.4438742399215698,-0.05996860936284065,0.419164776802063,0.3833375573158264,-0.07870599627494812,0.4087046980857849,0.32953768968582153,-0.09369399398565292,0.500017523765564,0.5217244625091553,-0.03309960663318634,0.4877946972846985,0.38684582710266113,-0.05412770062685013,0.48446229100227356,0.30077552795410156,-0.07281212508678436,0.48602041602134705,0.23091208934783936,-0.08724813163280487,0.5351192951202393,0.5363919734954834,-0.03303121030330658,0.5391574501991272,0.426497220993042,-0.06445465981960297,0.5337507724761963,0.45944011211395264,-0.07748335599899292,0.5276875495910645,0.49466001987457275,-0.08173336833715439,0.5708054900169373,0.574830174446106,-0.036153171211481094,0.5757283568382263,0.5029987692832947,-0.0670023113489151,0.5655333995819092,0.5378255844116211,-0.07387575507164001,0.5536965727806091,0.5829069018363953,-0.07466330379247665,Left,v
0.763344407081604,0.7586458921432495,2.501859341919044e-07,0.7153186202049255,0.739465057849884,-0.04732867330312729,0.6920995116233826,0.6721716523170471,-0.06984630227088928,0.7133105397224426,0.6042094230651855,-0.08810531347990036,0.7375965118408203,0.5370534062385559,-0.10444755852222443,0.6849216818809509,0.5237529873847961,-0.03724278509616852,0.6524585485458374,0.4204527735710144,-0.06295151263475418,0.6347209811210632,0.35532599687576294,-0.08350621908903122,0.6236944198608398,0.2954816222190857,-0.0997312143445015,0.7207671403884888,0.5036360621452332,-0.03346144035458565,0.7012905478477478,0.3788706064224243,-0.05862458050251007,0.6959743499755859,0.2941761612892151,-0.07987012714147568,0.6935690641403198,0.22389206290245056,-0.09566844999790192,0.7569257020950317,0.5164565443992615,-0.03566489368677139,0.7528430223464966,0.4092285633087158,-0.07487642019987106,0.749986469745636,0.4301009476184845,-0.09560120850801468,0.7480595111846924,0.4552267789840698,-0.10502663999795914,0.7966002821922302,0.5488283634185791,-0.041296154260635376,0.7953914999961853,0.4939907491207123,-0.08348114043474197,0.7796823382377625,0.5395944118499756,-0.09975052624940872,0.7678569555282593,0.5891762375831604,-0.10668846219778061,Left,v
0.3382459282875061,0.8839370012283325,2.604268161121581e-07,0.29408109188079834,0.8684663772583008,-0.037312887609004974,0.2633037567138672,0.8077711462974548,-0.06052924320101738,0.2745976150035858,0.7408928275108337,-0.08182310312986374,0.2978784143924713,0.6787337064743042,-0.10164859145879745,0.2601669430732727,0.6258186101913452,-0.04140389338135719,0.22098734974861145,0.5244801640510559,-0.07344091683626175,0.1931210309267044,0.457741379737854,-0.09898940473794937,0.175450399518013,0.39724236726760864,-0.11783508956432343,0.30233603715896606,0.6058436632156372,-0.04338667541742325,0.28602609038352966,0.46431607007980347,-0.07015378773212433,0.2777155041694641,0.3722259998321533,-0.09113872051239014,0.27300411462783813,0.2995288074016571,-0.10702143609523773,0.3432806432247162,0.6295778751373291,-0.04939141869544983,0.3546256721019745,0.5070847868919373,-0.08754923939704895,0.3459293842315674,0.553675651550293,-0.10113848745822906,0.33611345291137695,0.6108381748199463,-0.10443039238452911,0.3819061815738678,0.6794615983963013,-0.05793029069900513,0.38647082448005676,0.61429762840271,-0.09723002463579178,0.3701744079589844,0.6484965085983276,-0.10718178004026413,0.35401588678359985,0.6972047090530396,-0.10808064788579941,Left,v
0.5711221694946289,0.8870387077331543,8.157208952752626e-08,0.5281757116317749,0.8243629932403564,-0.04266153275966644,0.5153185725212097,0.7323318719863892,-0.06080397590994835,0.5420501232147217,0.6423875689506531,-0.07630512118339539,0.5773336291313171,0.5765868425369263,-0.08880800753831863,0.5133697986602783,0.5944284796714783,-0.02935752086341381,0.5099777579307556,0.4594109058380127,-0.05522238090634346,0.5103102922439575,0.380728542804718,-0.0762864351272583,0.5163992643356323,0.3079110085964203,-0.09351219981908798,0.5544719696044922,0.5795170068740845,-0.025077806785702705,0.5440805554389954,0.42541518807411194,-0.04999725893139839,0.54266756772995,0.34442514181137085,-0.06944669783115387,0.5458682179450989,0.26716190576553345,-0.0848141685128212,0.5908647775650024,0.5987535715103149,-0.025745369493961334,0.6007033586502075,0.4705052375793457,-0.06072530522942543,0.5925477743148804,0.5392374396324158,-0.06687323749065399,0.5857352614402771,0.5956259965896606,-0.06619522720575333,0.6253183484077454,0.6427034139633179,-0.0308118537068367,0.630188524723053,0.581501841545105,-0.06700444221496582,0.6140124797821045,0.6330440044403076,-0.07532216608524323,0.6021825671195984,0.6829229593276978,-0.0763731598854065,Left,u
0.5442283153533936,0.6864553093910217,9.239136744554344e-08,0.5193923711776733,0.6451233625411987,-0.023638172075152397,0.5148735642433167,0.5792831778526306,-0.03080013208091259,0.5349669456481934,0.5194265842437744,-0.03573744744062424,0.5561814308166504,0.4797455668449402,-0.038570575416088104,0.5059759020805359,0.5068872570991516,-0.013299060985445976,0.5060701370239258,0.42472705245018005,-0.025679077953100204,0.5067144632339478,0.3781139850616455,-0.03540000319480896,0.5088540315628052,0.3357602655887604,-0.04318373277783394,0.5304653644561768,0.49775269627571106,-0.009369703009724617,0.5245587825775146,0.4041593670845032,-0.021125758066773415,0.5225436687469482,0.35384273529052734,-0.028970787301659584,0.5230480432510376,0.30668169260025024,-0.03421882167458534,0.5525594353675842,0.5101944208145142,-0.008340444415807724,0.5589129328727722,0.4326840937137604,-0.025876052677631378,0.5539191961288452,0.4771209955215454,-0.025584854185581207,0.5502243638038635,0.51027512550354,-0.02143019437789917,0.5727481245994568,0.5388453602790833,-0.009773166850209236,0.576677680015564,0.49433377385139465,-0.027482787147164345,0.5681065917015076,0.52442467212677,-0.028337690979242325,0.5625675320625305,0.5511939525604248,-0.025225915014743805,Left,u
0.6302933692932129,0.8828951120376587,6.459992363261335e-08,0.5813536643981934,0.8024596571922302,-0.0609959214925766,0.5763300657272339,0.6796597242355347,-0.08350088447332382,0.6202682852745056,0.5804420113563538,-0.09963028877973557,0.6677301526069641,0.5032307505607605,-0.11196164041757584,0.5682930946350098,0.5294151306152344,-0.050519395619630814,0.5663822889328003,0.36858779191970825,-0.08271651715040207,0.5681748390197754,0.2766447365283966,-0.10566461086273193,0.5747267603874207,0.1888512670993805,-0.12381187081336975,0.6172164678573608,0.5140892267227173,-0.041150446981191635,0.6081684231758118,0.32115647196769714,-0.07338601350784302,0.6069105863571167,0.2212277352809906,-0.09455055743455887,0.6089916825294495,0.12916603684425354,-0.10975997895002365,0.6610637307167053,0.5399858355522156,-0.038317229598760605,0.6764761805534363,0.3944421410560608,-0.08641243726015091,0.664600133895874,0.4812414348125458,-0.09609261900186539,0.6553002595901489,0.543231189250946,-0.09479328244924545,0.7019500136375427,0.5929213762283325,-0.04080984741449356,0.7075995206832886,0.5260483026504517,-0.08747206628322601,0.6936287879943848,0.5894339680671692,-0.09839532524347305,0.6858632564544678,0.6415526270866394,-0.09977833926677704,Left,u
0.8432936668395996,0.8670052289962769,1.6905694621982548e-07,0.8032288551330566,0.7740343809127808,-0.0560353621840477,0.7981534004211426,0.67072594165802,-0.07912037521600723,0.8364853858947754,0.5969508290290833,-0.09859111905097961,0.8839406967163086,0.5427184104919434,-0.11418139934539795,0.8009071350097656,0.53326416015625,-0.02951430343091488,0.8086273670196533,0.41203048825263977,-0.05713440477848053,0.8184124827384949,0.3423929214477539,-0.08281750977039337,0.831085205078125,0.26849788427352905,-0.10421455651521683,0.8424335718154907,0.5330920815467834,-0.021556975319981575,0.8454146981239319,0.3710305988788605,-0.049617938697338104,0.8547561764717102,0.2889758348464966,-0.07444948703050613,0.8644729852676392,0.20630323886871338,-0.09511203318834305,0.8795435428619385,0.5627464056015015,-0.02132628858089447,0.9032846689224243,0.43061012029647827,-0.0672440379858017,0.8899587392807007,0.5068748593330383,-0.08315367251634598,0.8730295896530151,0.5669159293174744,-0.08739159256219864,0.9179090857505798,0.610160768032074,-0.02618318609893322,0.9384884238243103,0.5432767868041992,-0.06852733343839645,0.921012282371521,0.5964145064353943,-0.08167749643325806,0.9017937183380127,0.6460607051849365,-0.0869574174284935,Left,u
0.5764404535293579,0.7438464164733887,1.2765578105700115e-07,0.549108624458313,0.6908209919929504,-0.02836122363805771,0.5409842133522034,0.6208908557891846,-0.03632155433297157,0.5620183348655701,0.552443265914917,-0.04222305119037628,0.583164393901825,0.5019961595535278,-0.0454428605735302,0.531006932258606,0.5315756797790527,-0.00933222658932209,0.5294691324234009,0.43817856907844543,-0.022091064602136612,0.5301072597503662,0.3847024440765381,-0.03336336836218834,0.5325815081596375,0.3343204855918884,-0.04258020967245102,0.5596810579299927,0.5208308100700378,-0.004793955013155937,0.552161455154419,0.4141402244567871,-0.01890910603106022,0.5514314770698547,0.3545617461204529,-0.030867543071508408,0.5531702041625977,0.3004048764705658,-0.03891180828213692,0.5860704779624939,0.5338261127471924,-0.0041237808763980865,0.5921392440795898,0.44295254349708557,-0.028103642165660858,0.5861834287643433,0.4904859960079193,-0.03322041034698486,0.5813692212104797,0.529876172542572,-0.030986467376351357,0.6108465194702148,0.5625836849212646,-0.006060032639652491,0.614399254322052,0.5089009404182434,-0.030101943761110306,0.6080007553100586,0.5401589870452881,-0.03485899791121483,0.6033772826194763,0.5721775889396667,-0.03333497792482376,Left,u
0.6099430322647095,0.9542633295059204,2.5859741015210602e-08,0.5655724406242371,0.8824183940887451,-0.08074071258306503,0.5509382486343384,0.7553033828735352,-0.11387088894844055,0.5876165628433228,0.6407990455627441,-0.13775403797626495,0.6325657963752747,0.5324190855026245,-0.15719479322433472,0.5382103323936462,0.5707190036773682,-0.06415440142154694,0.529855489730835,0.39317479729652405,-0.10032153129577637,0.5267888903617859,0.2915521264076233,-0.12647756934165955,0.529295027256012,0.19583752751350403,-0.14745843410491943,0.591661274433136,0.5515210032463074,-0.049851760268211365,0.5718270540237427,0.3379027843475342,-0.08719687163829803,0.5652386546134949,0.2222404181957245,-0.11388157308101654,0.5623206496238708,0.12331652641296387,-0.1337946504354477,0.6436644792556763,0.5721798539161682,-0.04448016732931137,0.6506848335266113,0.4019469618797302,-0.10354804992675781,0.6445279717445374,0.47252127528190613,-0.12415076047182083,0.6381463408470154,0.5299003720283508,-0.13036081194877625,0.6963473558425903,0.6208005547523499,-0.04557564854621887,0.7000113725662231,0.5362060070037842,-0.10617507994174957,0.6832013130187988,0.6105302572250366,-0.12541556358337402,0.6695515513420105,0.6821075081825256,-0.13203150033950806,Left,u
0.5828896760940552,0.6047657132148743,1.465880785644913e-07,0.5658258199691772,0.5874121785163879,-0.02697531320154667,0.5661782622337341,0.5488213896751404,-0.04013780131936073,0.583733856678009,0.5188357830047607,-0.04988907650113106,0.6009091734886169,0.4957983195781708,-0.057520393282175064,0.5582650899887085,0.4880114495754242,-0.03423772752285004,0.5603498816490173,0.4230782091617584,-0.05415143817663193,0.5622968077659607,0.380204975605011,-0.06644757837057114,0.5660908222198486,0.3432115614414215,-0.07486142963171005,0.5792134404182434,0.48450401425361633,-0.03106028400361538,0.5756402015686035,0.4101676642894745,-0.054173171520233154,0.5756545662879944,0.365638792514801,-0.06663470715284348,0.5779848098754883,0.32857251167297363,-0.07357365638017654,0.5997648239135742,0.49339962005615234,-0.02987750619649887,0.6070173978805542,0.45207926630973816,-0.05707181245088577,0.6007481813430786,0.4949391484260559,-0.05819270387291908,0.5960267782211304,0.523966372013092,-0.052990447729825974,0.6206833720207214,0.5090652108192444,-0.030730467289686203,0.6253694891929626,0.486282616853714,-0.05312022194266319,0.6163251399993896,0.5169680118560791,-0.05373382940888405,0.6091998815536499,0.539310872554779,-0.04963139444589615,Left,u
0.3184671401977539,0.8072993755340576,1.5019615773326223e-07,0.26412057876586914,0.775636613368988,-0.025883693248033524,0.2332645058631897,0.6799399852752686,-0.03623589500784874,0.24274231493473053,0.5832252502441406,-0.04787361994385719,0.251351535320282,0.4925869107246399,-0.05772734433412552,0.21949583292007446,0.5243257880210876,-0.008324841037392616,0.18676060438156128,0.39043694734573364,-0.029967568814754486,0.16493326425552368,0.3069027066230774,-0.047456756234169006,0.15308259427547455,0.23483893275260925,-0.06119631603360176,0.2579286992549896,0.5033950805664062,-0.014325556345283985,0.21837425231933594,0.3469204306602478,-0.03829967975616455,0.19156134128570557,0.2513810694217682,-0.05830908939242363,0.17497478425502777,0.1840263307094574,-0.07119981199502945,0.2997751235961914,0.5142558813095093,-0.024701546877622604,0.28029608726501465,0.3648275136947632,-0.06429488211870193,0.2668955624103546,0.4298046827316284,-0.07394437491893768,0.264296293258667,0.5026677250862122,-0.07124017179012299,0.3468480408191681,0.5449898838996887,-0.03695905581116676,0.32120993733406067,0.4497113525867462,-0.07636895030736923,0.29775330424308777,0.5059479475021362,-0.08225181698799133,0.2885719835758209,0.5767613053321838,-0.07846733927726746,Left,u
0.816845715045929,0.8233330249786377,4.164147640040028e-07,0.8033078908920288,0.7557685971260071,-0.07348901033401489,0.8138675689697266,0.6680741906166077,-0.09298118948936462,0.853823184967041,0.6026291251182556,-0.10048823803663254,0.8952975273132324,0.5484843850135803,-0.1032906249165535,0.7871395349502563,0.5451216697692871,-0.04328177496790886,0.8100490570068359,0.4302063286304474,-0.06118236109614372,0.8257797956466675,0.3629733920097351,-0.07905570417642593,0.8404778242111206,0.3014695644378662,-0.09416650235652924,0.8256121873855591,0.5479007363319397,-0.016843732446432114,0.8418657183647156,0.41470837593078613,-0.03517456352710724,0.8598216772079468,0.34151652455329895,-0.05761650204658508,0.8750526905059814,0.2718982696533203,-0.07527793943881989,0.8583233952522278,0.571938157081604,0.0016627807635813951,0.8836125135421753,0.46390700340270996,-0.03392237052321434,0.8818449974060059,0.5175080895423889,-0.059611860662698746,0.8721979260444641,0.5629414319992065,-0.07067224383354187,0.8857473134994507,0.6027382612228394,0.014673992060124874,0.9088636636734009,0.5424280762672424,-0.02368181198835373,0.9056267142295837,0.5734093189239502,-0.0470852255821228,0.8915258049964905,0.6081790328025818,-0.059179436415433884,Left,u
0.5202580690383911,0.8221983313560486,8.774478033046762e-08,0.47189000248908997,0.761100709438324,-0.047552257776260376,0.4544641077518463,0.6594322323799133,-0.06253138184547424,0.47574353218078613,0.5575591325759888,-0.0744071900844574,0.5036675333976746,0.4725579619407654,-0.08339336514472961,0.44373247027397156,0.5170208215713501,-0.017313683405518532,0.42959651350975037,0.37970948219299316,-0.03969689458608627,0.4232977032661438,0.2978861331939697,-0.05968772619962692,0.4236184060573578,0.2231127917766571,-0.07661190629005432,0.48382824659347534,0.4948180913925171,-0.01101431529968977,0.46183300018310547,0.34566670656204224,-0.035244591534137726,0.45347312092781067,0.2553386092185974,-0.05806678533554077,0.44932079315185547,0.18244653940200806,-0.0753958448767662,0.5223525166511536,0.5038416981697083,-0.011792792938649654,0.524387001991272,0.3697531819343567,-0.05174454674124718,0.5211430788040161,0.4096522033214569,-0.07216697186231613,0.5183274149894714,0.459670752286911,-0.08024124056100845,0.5624556541442871,0.5321003198623657,-0.016673697158694267,0.5574461221694946,0.457110196352005,-0.061565641313791275,0.543651282787323,0.49981051683425903,-0.08077356219291687,0.5348028540611267,0.5543578267097473,-0.08860789984464645,Left,u
0.5994359850883484,0.6560202836990356,2.2210784322851396e-07,0.5779039263725281,0.6206239461898804,-0.031470343470573425,0.5731744170188904,0.5593243837356567,-0.0387626588344574,0.590670645236969,0.5014740228652954,-0.041446536779403687,0.6057968139648438,0.4560665786266327,-0.04147380217909813,0.5538176894187927,0.4967776834964752,-0.017839543521404266,0.5557903051376343,0.4141175150871277,-0.029898298904299736,0.5563470125198364,0.36908775568008423,-0.039370667189359665,0.558785617351532,0.3270617723464966,-0.04652193561196327,0.5777990818023682,0.4859885573387146,-0.008354702964425087,0.570304274559021,0.4037146270275116,-0.02201315015554428,0.5689569115638733,0.35714221000671387,-0.031835395842790604,0.5701115727424622,0.308531254529953,-0.03764292597770691,0.5999895930290222,0.4910551905632019,-0.002333405427634716,0.6043932437896729,0.4256420135498047,-0.023191023617982864,0.6023184657096863,0.47681182622909546,-0.025018855929374695,0.5998548269271851,0.5087819695472717,-0.020732956007122993,0.6203972101211548,0.5069103837013245,0.0008684963686391711,0.6256873607635498,0.4608059525489807,-0.019737450405955315,0.622204065322876,0.4934791624546051,-0.022143827751278877,0.6182703971862793,0.5185950398445129,-0.019077852368354797,Left,u
0.329001247882843,0.8670446872711182,-1.108606255684208e-07,0.2700996994972229,0.8089607954025269,-0.026798952370882034,0.24362611770629883,0.6902505159378052,-0.035102132707834244,0.25702688097953796,0.5823782682418823,-0.046644825488328934,0.2670542001724243,0.4883698523044586,-0.05643114447593689,0.24201926589012146,0.521898627281189,0.003796536009758711,0.20623348653316498,0.38133931159973145,-0.018759790807962418,0.17771674692630768,0.28569892048835754,-0.04100002720952034,0.1629147231578827,0.20201700925827026,-0.060375574976205826,0.28458961844444275,0.50166916847229,-0.0036369063891470432,0.24493488669395447,0.3229014277458191,-0.029398396611213684,0.20960403978824615,0.21149861812591553,-0.054922543466091156,0.1868719458580017,0.1299557089805603,-0.0743628516793251,0.328617125749588,0.5162032842636108,-0.016927432268857956,0.3254035711288452,0.3385746479034424,-0.05885859951376915,0.29623696208000183,0.39922094345092773,-0.07207107543945312,0.27956584095954895,0.47610145807266235,-0.07311936467885971,0.37736842036247253,0.5518288016319275,-0.032941658049821854,0.36382147669792175,0.4326225519180298,-0.07549416273832321,0.3314935266971588,0.47124457359313965,-0.08563341200351715,0.310746431350708,0.5362722873687744,-0.08615473657846451,Left,u
0.8495022654533386,0.7457360029220581,4.1940282358154946e-07,0.8276625275611877,0.7293639183044434,-0.09552675485610962,0.836600124835968,0.6577662825584412,-0.1318688839673996,0.8694225549697876,0.5776206851005554,-0.15032610297203064,0.9008073210716248,0.500045895576477,-0.1641291379928589,0.7854529619216919,0.5251528024673462,-0.10921256989240646,0.7942830920219421,0.41311973333358765,-0.1454683095216751,0.7992146611213684,0.34156322479248047,-0.1705632358789444,0.8052855134010315,0.2753641605377197,-0.18938735127449036,0.8231895565986633,0.5082846283912659,-0.07800396531820297,0.8177987933158875,0.3702699840068817,-0.11157146096229553,0.8222193717956543,0.28726112842559814,-0.13553069531917572,0.8256967663764954,0.20910996198654175,-0.1551072895526886,0.8631622791290283,0.516117513179779,-0.05364207923412323,0.8771181702613831,0.41783127188682556,-0.09879951179027557,0.886263906955719,0.4731510877609253,-0.12054981291294098,0.882453203201294,0.5184426307678223,-0.13051974773406982,0.8998804688453674,0.5306745171546936,-0.03640594705939293,0.9196596741676331,0.4640985131263733,-0.08027597516775131,0.9227486848831177,0.509231448173523,-0.0999942347407341,0.9123821258544922,0.5575145483016968,-0.11048125475645065,Left,u
0.48875558376312256,0.7729620933532715,9.971734016289702e-08,0.4476349353790283,0.7194094657897949,-0.028662079945206642,0.43534040451049805,0.6357178688049316,-0.03989994525909424,0.4559304714202881,0.5612850189208984,-0.0509658008813858,0.48115476965904236,0.5059773921966553,-0.059414371848106384,0.44513723254203796,0.5069999694824219,-0.009430921636521816,0.4444749355316162,0.39917969703674316,-0.02779238298535347,0.447824627161026,0.3339720070362091,-0.04379286244511604,0.4562079608440399,0.2754501402378082,-0.05678672716021538,0.4764842391014099,0.4972574710845947,-0.009281035512685776,0.4690507650375366,0.374083548784256,-0.028616320341825485,0.4668976068496704,0.304179310798645,-0.044864945113658905,0.47119390964508057,0.24511322379112244,-0.05701851099729538,0.5042816400527954,0.5131936073303223,-0.01362614519894123,0.5165208578109741,0.407429575920105,-0.04281232878565788,0.5020462274551392,0.44886648654937744,-0.051503222435712814,0.49164554476737976,0.49590930342674255,-0.0521235316991806,0.5312054753303528,0.5476326942443848,-0.020883221179246902,0.5289298295974731,0.4850251078605652,-0.04867607727646828,0.5123301148414612,0.5070189833641052,-0.056827884167432785,0.5011754631996155,0.5413973331451416,-0.05842514708638191,Left,u
0.5399823784828186,0.8815233707427979,1.1999800619832968e-07,0.489968478679657,0.7941469550132751,-0.061363089829683304,0.4752153158187866,0.6739941835403442,-0.08582502603530884,0.5016951560974121,0.5472525954246521,-0.10639697313308716,0.5471352338790894,0.45952215790748596,-0.1224333643913269,0.47479870915412903,0.4960358738899231,-0.03305887430906296,0.47272905707359314,0.31954872608184814,-0.06670406460762024,0.4744996726512909,0.2161591351032257,-0.0948382019996643,0.4848752021789551,0.12407422065734863,-0.11746558547019958,0.526282548904419,0.4791302978992462,-0.023371165618300438,0.5178644061088562,0.28140902519226074,-0.05612912401556969,0.518500566482544,0.17145070433616638,-0.0838720053434372,0.525205135345459,0.0727405846118927,-0.10543002933263779,0.5723557472229004,0.5021094083786011,-0.021740075200796127,0.58939129114151,0.33264315128326416,-0.06830395013093948,0.57598876953125,0.396543949842453,-0.08356398344039917,0.5634182691574097,0.46346890926361084,-0.0865679383277893,0.6153936982154846,0.5505708456039429,-0.02610872872173786,0.6250864863395691,0.44697755575180054,-0.07265274226665497,0.6026702523231506,0.4892100691795349,-0.08804675191640854,0.5821495652198792,0.5501540899276733,-0.09256507456302643,Left,u
0.5831012725830078,0.6311547160148621,2.2942889188470872e-07,0.5589950084686279,0.588219165802002,-0.039816319942474365,0.5551201105117798,0.5282641649246216,-0.04803842678666115,0.5723565220832825,0.47376251220703125,-0.05028970539569855,0.5919528603553772,0.4297475516796112,-0.04941481351852417,0.5435187220573425,0.4550967514514923,-0.014393355697393417,0.5479739904403687,0.37748533487319946,-0.0232076533138752,0.5507059693336487,0.33057522773742676,-0.03184196725487709,0.5549650192260742,0.2894138693809509,-0.03900742530822754,0.5671939253807068,0.4501887261867523,-0.0007236580713652074,0.5654263496398926,0.3644355833530426,-0.010824731551110744,0.5655868649482727,0.31303346157073975,-0.021997131407260895,0.5668084621429443,0.26790034770965576,-0.029603825882077217,0.5889785289764404,0.4608333110809326,0.007675524801015854,0.5974310040473938,0.387020468711853,-0.014855553396046162,0.5928080677986145,0.4184761643409729,-0.028040768578648567,0.5874021053314209,0.44602087140083313,-0.031563326716423035,0.6106128096580505,0.47785377502441406,0.013087380677461624,0.6167669296264648,0.4276088774204254,-0.011253242380917072,0.6083834171295166,0.4452511668205261,-0.02343035116791725,0.5980139374732971,0.46756747364997864,-0.02795686013996601,Left,u
0.30427294969558716,0.8002663850784302,-4.5401972670333635e-07,0.26009273529052734,0.7597878575325012,-0.02908111922442913,0.23757198452949524,0.6272613406181335,-0.04011401906609535,0.24649453163146973,0.5202322006225586,-0.051999207586050034,0.28104349970817566,0.47438257932662964,-0.06146518513560295,0.271333247423172,0.5017036199569702,-0.008417571894824505,0.2572340667247772,0.39996033906936646,-0.03654288873076439,0.24065926671028137,0.4033294916152954,-0.055080346763134,0.23505878448486328,0.4356786608695984,-0.06439932435750961,0.3146533966064453,0.500059187412262,-0.007893945090472698,0.3224021792411804,0.35696297883987427,-0.03864714875817299,0.29947179555892944,0.3622695207595825,-0.05343101918697357,0.2840277850627899,0.4081870913505554,-0.05616778880357742,0.35640284419059753,0.5196103453636169,-0.01325818058103323,0.35907331109046936,0.39352571964263916,-0.0488542877137661,0.3348842263221741,0.44713547825813293,-0.05772485211491585,0.32599928975105286,0.528374195098877,-0.05372793599963188,0.3985705077648163,0.5563660860061646,-0.02087869867682457,0.3889509439468384,0.44324734807014465,-0.05145781487226486,0.36765822768211365,0.4627872109413147,-0.05929417535662651,0.3573839068412781,0.5252761244773865,-0.05767899751663208,Left,u
0.7885262370109558,0.811095118522644,6.56723742054055e-09,0.7544770836830139,0.7570168375968933,-0.051246531307697296,0.742654025554657,0.6634141802787781,-0.06811223179101944,0.7745113372802734,0.567852795124054,-0.07916682213544846,0.810854971408844,0.5045883655548096,-0.08610068261623383,0.715151846408844,0.5177115201950073,-0.03171369433403015,0.7142183780670166,0.38438063859939575,-0.050911128520965576,0.7128781080245972,0.30887651443481445,-0.06874608248472214,0.7149873971939087,0.23680265247821808,-0.08436977118253708,0.758338212966919,0.49129462242126465,-0.01981697976589203,0.7455403208732605,0.33713847398757935,-0.03625930845737457,0.7429799437522888,0.24955357611179352,-0.052849140018224716,0.7420933842658997,0.17101997137069702,-0.06701948493719101,0.7993638515472412,0.501473069190979,-0.013571474701166153,0.8030529618263245,0.3687959611415863,-0.04257390275597572,0.8048683404922485,0.4204261302947998,-0.05404089391231537,0.7979939579963684,0.4732469916343689,-0.05737273022532463,0.8386571407318115,0.5351169109344482,-0.012063064612448215,0.8522654175758362,0.4389263391494751,-0.04394255578517914,0.8429291248321533,0.473503053188324,-0.053663503378629684,0.8251431584358215,0.5220277309417725,-0.05599243566393852,Left,u
0.5350221395492554,0.8520770072937012,1.4575412876638438e-08,0.4877915382385254,0.7985210418701172,-0.03725023940205574,0.4679085612297058,0.6933122277259827,-0.05110982805490494,0.49213680624961853,0.5955328941345215,-0.06322167813777924,0.5279901623725891,0.5275126695632935,-0.07297248393297195,0.4627905488014221,0.5574036240577698,-0.020694894716143608,0.45107340812683105,0.42406904697418213,-0.0413278266787529,0.443090558052063,0.3426054120063782,-0.05746692046523094,0.44171470403671265,0.2691700756549835,-0.0713217630982399,0.5022863149642944,0.5378050208091736,-0.019037406891584396,0.4794771671295166,0.3881673216819763,-0.04107855260372162,0.46726271510124207,0.30019065737724304,-0.057622190564870834,0.4618266522884369,0.22588330507278442,-0.06982536613941193,0.5422390103340149,0.5534554719924927,-0.022308338433504105,0.5426419377326965,0.4207283556461334,-0.057339366525411606,0.5369068384170532,0.4789580702781677,-0.06562677770853043,0.5339536070823669,0.5342241525650024,-0.06527072936296463,0.5836872458457947,0.5934325456619263,-0.028956614434719086,0.5852271318435669,0.5143235325813293,-0.06557093560695648,0.570015549659729,0.5630202889442444,-0.07303775101900101,0.5605475306510925,0.6171498894691467,-0.0726887658238411,Left,u
0.6176958680152893,0.6089436411857605,1.582629920449108e-07,0.6113733649253845,0.6000588536262512,-0.026547322049736977,0.6171858310699463,0.5769504308700562,-0.0411151722073555,0.6360383033752441,0.550537109375,-0.051309071481227875,0.6526116728782654,0.5259479284286499,-0.06015156954526901,0.6002984642982483,0.5086775422096252,-0.040583133697509766,0.6032300591468811,0.4492811858654022,-0.057786088436841965,0.6037416458129883,0.4079928994178772,-0.068852998316288,0.6044489741325378,0.3740535378456116,-0.07711772620677948,0.6168038249015808,0.5020556449890137,-0.03593946993350983,0.6176059246063232,0.437274694442749,-0.054763808846473694,0.6202501058578491,0.3937426805496216,-0.06548946350812912,0.6217936277389526,0.35854998230934143,-0.07303237169981003,0.6335023045539856,0.5109415650367737,-0.03265107050538063,0.6463411450386047,0.46193817257881165,-0.054989658296108246,0.654413104057312,0.48560571670532227,-0.06172437220811844,0.6562667489051819,0.5104747414588928,-0.0635363832116127,0.6493445634841919,0.5254989266395569,-0.030861303210258484,0.6592183113098145,0.5073152780532837,-0.053339939564466476,0.6618182063102722,0.5249561071395874,-0.06055589020252228,0.660660445690155,0.5436275005340576,-0.06274613738059998,Left,u
0.6330510377883911,0.7846090793609619,1.8487162378733046e-07,0.5776675343513489,0.740486204624176,-0.032654743641614914,0.5518971681594849,0.6370992660522461,-0.050024520605802536,0.5641657710075378,0.5451512932777405,-0.06885307282209396,0.594409167766571,0.47772371768951416,-0.08491174131631851,0.5665342211723328,0.4664575159549713,-0.014683902263641357,0.5481196045875549,0.33021360635757446,-0.04338231682777405,0.5436246991157532,0.24694879353046417,-0.06795722246170044,0.5464481115341187,0.17548343539237976,-0.08818499743938446,0.6046899557113647,0.45871078968048096,-0.0199164766818285,0.5805965662002563,0.30428022146224976,-0.049522146582603455,0.5680544376373291,0.21297892928123474,-0.07586871087551117,0.5652387142181396,0.13680168986320496,-0.09563285857439041,0.641097903251648,0.4841163158416748,-0.030318740755319595,0.6362855434417725,0.3376808762550354,-0.06629705429077148,0.6218708753585815,0.4078485667705536,-0.07309874147176743,0.6191455721855164,0.47191983461380005,-0.07282960414886475,0.680458664894104,0.5346947312355042,-0.044509951025247574,0.6607585549354553,0.4587606191635132,-0.08172287791967392,0.6409687995910645,0.5140650272369385,-0.09048445522785187,0.6372836828231812,0.5709311962127686,-0.09153987467288971,Left,u
0.614791989326477,0.8007110357284546,-2.2016138245817274e-07,0.5681016445159912,0.7480738162994385,-0.02824942022562027,0.5236486792564392,0.6735178232192993,-0.05126789212226868,0.4746941328048706,0.6256829500198364,-0.07452631741762161,0.4335697591304779,0.6051685810089111,-0.09356923401355743,0.5387578010559082,0.5171005129814148,-0.02995731681585312,0.5355120897293091,0.42150333523750305,-0.06741155683994293,0.527380108833313,0.3965297341346741,-0.08211205899715424,0.5131607055664062,0.40656834840774536,-0.0870264545083046,0.5800565481185913,0.5072829127311707,-0.030699439346790314,0.5670502781867981,0.5171090364456177,-0.0661635547876358,0.562964916229248,0.6114622354507446,-0.0638292208313942,0.5673148036003113,0.6240314245223999,-0.05454271286725998,0.622319221496582,0.5271098017692566,-0.037634845823049545,0.6033083200454712,0.5640016794204712,-0.07058946043252945,0.5966264009475708,0.6484603881835938,-0.05589018389582634,0.6020663976669312,0.646540105342865,-0.03993582725524902,0.6597039103507996,0.5604147911071777,-0.048206400126218796,0.6378092169761658,0.60182785987854,-0.0683426484465599,0.6253343820571899,0.6587332487106323,-0.0610775463283062,0.6296927332878113,0.6563683152198792,-0.05146533623337746,Left,t
0.6252083778381348,0.6377286314964294,-3.763636868825415e-08,0.6027364730834961,0.6158192753791809,-0.01079157181084156,0.5883830785751343,0.5651643872261047,-0.01694740168750286,0.5767873525619507,0.5249563455581665,-0.02331259474158287,0.5582543611526489,0.5053872466087341,-0.02820969931781292,0.5920883417129517,0.4901485741138458,-0.004963912069797516,0.5898549556732178,0.42828506231307983,-0.015452085062861443,0.5963342189788818,0.41178810596466064,-0.021320320665836334,0.6017194986343384,0.41539323329925537,-0.024090304970741272,0.6128078103065491,0.49256134033203125,-0.005496027879416943,0.620789647102356,0.4784247577190399,-0.01873389072716236,0.6202612519264221,0.5160576105117798,-0.02192392386496067,0.6171954274177551,0.5353896021842957,-0.020992886275053024,0.6324836015701294,0.5062180161476135,-0.008125083521008492,0.6371378302574158,0.4980870187282562,-0.01912752166390419,0.6334670186042786,0.5291791558265686,-0.015667565166950226,0.6291887760162354,0.5409698486328125,-0.011116341687738895,0.6495614051818848,0.5238838195800781,-0.012020375579595566,0.6510999202728271,0.5188246369361877,-0.01699216105043888,0.6458192467689514,0.5410529375076294,-0.012591958977282047,0.6413174271583557,0.5491745471954346,-0.008040182292461395,Left,t
0.6183893084526062,0.804410457611084,-1.519381243042517e-07,0.5593346357345581,0.7571272850036621,-0.055968236178159714,0.49823230504989624,0.6653984785079956,-0.09564212709665298,0.4304250478744507,0.5991338491439819,-0.13333693146705627,0.36757534742355347,0.568272590637207,-0.16457964479923248,0.5002055764198303,0.46947795152664185,-0.04174946993589401,0.48729953169822693,0.34799298644065857,-0.09486232697963715,0.47725430130958557,0.3081895411014557,-0.1112409457564354,0.463316947221756,0.31010901927948,-0.11302115768194199,0.5478456020355225,0.45600149035453796,-0.035547006875276566,0.544110894203186,0.4369792342185974,-0.08749047666788101,0.5502596497535706,0.5820543169975281,-0.07744958996772766,0.5525302290916443,0.5842409729957581,-0.05555843561887741,0.6020902991294861,0.46610739827156067,-0.041223905980587006,0.59424889087677,0.4872291684150696,-0.09582163393497467,0.595225989818573,0.6107784509658813,-0.0737115815281868,0.5945262312889099,0.5954290628433228,-0.045569609850645065,0.6509047150611877,0.48763272166252136,-0.05245504528284073,0.6418974995613098,0.5151955485343933,-0.08193815499544144,0.6345949172973633,0.6050956845283508,-0.06812392920255661,0.6329028606414795,0.6049941778182983,-0.05066654458642006,Left,t
0.3361648619174957,0.8687907457351685,-3.8656634160361136e-07,0.27136507630348206,0.8113595247268677,-0.03361666947603226,0.2150251269340515,0.7031176090240479,-0.06591557711362839,0.14851723611354828,0.6363905668258667,-0.10032963007688522,0.09435336291790009,0.6076239347457886,-0.13108570873737335,0.25231093168258667,0.4833502471446991,-0.033461280167102814,0.23407423496246338,0.3488752245903015,-0.08521713316440582,0.19859175384044647,0.3082016706466675,-0.11202637851238251,0.16005069017410278,0.29794740676879883,-0.1256774663925171,0.307392954826355,0.47138315439224243,-0.03804968297481537,0.24791760742664337,0.48845040798187256,-0.08045738190412521,0.24731922149658203,0.6339046955108643,-0.07646656036376953,0.2676067352294922,0.6431778073310852,-0.06629900634288788,0.35969942808151245,0.5051918029785156,-0.051004838198423386,0.29854440689086914,0.5351104140281677,-0.0855354368686676,0.29649588465690613,0.65589839220047,-0.058251917362213135,0.31465163826942444,0.6584945917129517,-0.03583546355366707,0.40227824449539185,0.5615493655204773,-0.06984049081802368,0.3496813178062439,0.6059030294418335,-0.09215069562196732,0.33648228645324707,0.6841171383857727,-0.07690839469432831,0.3506077229976654,0.6881534457206726,-0.061130840331315994,Left,t
0.8740379214286804,0.753937840461731,1.492131076474834e-07,0.8453966975212097,0.6957231163978577,-0.04175743833184242,0.8302950859069824,0.631535530090332,-0.07395996898412704,0.8125662207603455,0.5630857944488525,-0.10234499722719193,0.7803204655647278,0.5252203345298767,-0.12555904686450958,0.8301974534988403,0.4573017954826355,-0.03785068541765213,0.8297932147979736,0.37053561210632324,-0.07457603514194489,0.8415921330451965,0.33519166707992554,-0.08640286326408386,0.8466918468475342,0.336161732673645,-0.08778605610132217,0.8746286034584045,0.478633314371109,-0.028667323291301727,0.8902555108070374,0.4534258246421814,-0.06071436405181885,0.8760228753089905,0.5536796450614929,-0.048521291464567184,0.8694087862968445,0.5559287667274475,-0.030167464166879654,0.9162172675132751,0.5160899758338928,-0.0270649716258049,0.9245107173919678,0.49744436144828796,-0.05967162549495697,0.9087675213813782,0.577092170715332,-0.038422904908657074,0.8982319235801697,0.5705794095993042,-0.016478925943374634,0.9493270516395569,0.5573180913925171,-0.029119214043021202,0.957779049873352,0.5505009293556213,-0.04827971011400223,0.9415766596794128,0.6042584180831909,-0.03557627648115158,0.9279022216796875,0.6057406663894653,-0.02138666622340679,Left,t
0.5785326957702637,0.7208240628242493,4.3694637241742385e-08,0.5371259450912476,0.7063270807266235,-0.03157626464962959,0.49313151836395264,0.6317244172096252,-0.05435381084680557,0.44992250204086304,0.5780708193778992,-0.07567566633224487,0.40509817004203796,0.5551238656044006,-0.09528782218694687,0.48989105224609375,0.508368968963623,-0.025518424808979034,0.48109012842178345,0.43373048305511475,-0.0642566904425621,0.4716448187828064,0.38569802045822144,-0.08396568149328232,0.46162447333335876,0.35778695344924927,-0.09279622882604599,0.5259237885475159,0.4969918131828308,-0.024077581241726875,0.5186399221420288,0.4519754648208618,-0.05806555598974228,0.5240778923034668,0.5540644526481628,-0.05201819911599159,0.5280812978744507,0.5668327212333679,-0.03795130178332329,0.5660986304283142,0.503450870513916,-0.02980424277484417,0.5590501427650452,0.4770796000957489,-0.0668262243270874,0.5596977472305298,0.5743190050125122,-0.047789379954338074,0.561057448387146,0.5825492143630981,-0.025612637400627136,0.6036296486854553,0.5178636312484741,-0.0383412204682827,0.5945479273796082,0.5115189552307129,-0.05965850129723549,0.5903773307800293,0.5813660025596619,-0.04488250985741615,0.5916838645935059,0.5915110111236572,-0.028724106028676033,Left,t
0.6399073004722595,0.8421329259872437,-4.903739068140567e-07,0.5551167726516724,0.7569131851196289,-0.04031091928482056,0.47835659980773926,0.6538935899734497,-0.07908160239458084,0.3961586356163025,0.6049032211303711,-0.1207411140203476,0.32890933752059937,0.5851476192474365,-0.15654487907886505,0.5127556920051575,0.43131622672080994,-0.05443345755338669,0.4921208322048187,0.2639829218387604,-0.11621151119470596,0.4603017568588257,0.24375174939632416,-0.1359432190656662,0.427279531955719,0.28628969192504883,-0.1400923877954483,0.5790238976478577,0.41882699728012085,-0.0626751184463501,0.5417076349258423,0.4341025948524475,-0.12597233057022095,0.5478563904762268,0.5964723825454712,-0.12099580466747284,0.5671286582946777,0.6277089715003967,-0.1038409024477005,0.645854115486145,0.44832250475883484,-0.0803011804819107,0.6066266298294067,0.5106312036514282,-0.13732779026031494,0.6069250106811523,0.6461778879165649,-0.11068864166736603,0.6218221783638,0.6479790210723877,-0.08247974514961243,0.7058583498001099,0.49481722712516785,-0.10343761742115021,0.675044059753418,0.5539437532424927,-0.13860918581485748,0.6584343314170837,0.6507730484008789,-0.1228819489479065,0.6639373898506165,0.6574637293815613,-0.10417680442333221,Left,t
0.6435362100601196,0.6792945265769958,-2.2432135438066325e-07,0.5988948345184326,0.6524829268455505,-0.01911417581140995,0.5621068477630615,0.5788660645484924,-0.03543085232377052,0.5217792391777039,0.5330502986907959,-0.052949611097574234,0.48693040013313293,0.5084567070007324,-0.06810223311185837,0.5753795504570007,0.4385223388671875,-0.018607743084430695,0.5607242584228516,0.3533710241317749,-0.0487864650785923,0.5419625043869019,0.3310527205467224,-0.06287380307912827,0.5222004055976868,0.33808693289756775,-0.06990478932857513,0.6105778813362122,0.4229750633239746,-0.021931027993559837,0.5749587416648865,0.43246394395828247,-0.04967307299375534,0.5779248476028442,0.5267764329910278,-0.04599660262465477,0.589377760887146,0.5440602898597717,-0.0369226336479187,0.6456679701805115,0.4406794011592865,-0.030284246429800987,0.6098209023475647,0.47486814856529236,-0.054245490580797195,0.61041259765625,0.5510117411613464,-0.0373375378549099,0.6188125014305115,0.5561878085136414,-0.0216633640229702,0.6746832132339478,0.4758138954639435,-0.04189642146229744,0.6438416242599487,0.5212215185165405,-0.059197306632995605,0.6371417045593262,0.5732702612876892,-0.05077345296740532,0.6437143683433533,0.5755063891410828,-0.04046096280217171,Left,t
0.43488892912864685,0.8281300067901611,-4.849486003877246e-07,0.36282771825790405,0.7545223236083984,-0.026988232508301735,0.3022080957889557,0.6380233764648438,-0.052110422402620316,0.23862233757972717,0.5699812173843384,-0.0803472250699997,0.18073460459709167,0.529159426689148,-0.10449908673763275,0.34096547961235046,0.45230305194854736,-0.020047731697559357,0.3088358938694,0.323935866355896,-0.06771201640367508,0.26993894577026367,0.3012511730194092,-0.09190411120653152,0.2299458533525467,0.2983625531196594,-0.10341544449329376,0.38443589210510254,0.44256818294525146,-0.027886411175131798,0.3166186213493347,0.43105649948120117,-0.07363343983888626,0.3177223801612854,0.572091817855835,-0.07379037886857986,0.3417099118232727,0.5967771410942078,-0.06473051011562347,0.42769181728363037,0.4654378294944763,-0.04374727979302406,0.3614119291305542,0.48919934034347534,-0.08188745379447937,0.36560603976249695,0.6110786199569702,-0.05821964144706726,0.3883110284805298,0.622246265411377,-0.03641921281814575,0.46470972895622253,0.5104737281799316,-0.0645822063088417,0.408108115196228,0.5564187169075012,-0.08411647379398346,0.403741717338562,0.6376653909683228,-0.06844082474708557,0.42359939217567444,0.6429943442344666,-0.0532970130443573,Left,t
0.8238082528114319,0.7598597407341003,-3.3268722887669355e-08,0.785223126411438,0.6926167607307434,-0.03585811331868172,0.7571926116943359,0.6091482639312744,-0.057860907167196274,0.7221260070800781,0.5377861261367798,-0.07785514742136002,0.677409291267395,0.49684780836105347,-0.09357263892889023,0.7614123821258545,0.4596796929836273,-0.020010393112897873,0.7538989782333374,0.379751980304718,-0.053414080291986465,0.7579513192176819,0.3389003872871399,-0.06346993893384933,0.7593206763267517,0.30303019285202026,-0.06577935069799423,0.8040292263031006,0.4666277766227722,-0.014854037202894688,0.8130478262901306,0.43221160769462585,-0.050321049988269806,0.8006464838981628,0.5449786186218262,-0.042609963566064835,0.7963347434997559,0.5322672724723816,-0.026122411713004112,0.8482114672660828,0.49205270409584045,-0.017648329958319664,0.8526470065116882,0.4840044379234314,-0.06032977253198624,0.8341057896614075,0.5817301273345947,-0.04763994365930557,0.8254262804985046,0.5608512163162231,-0.02843465656042099,0.8844519257545471,0.5194388031959534,-0.02304575964808464,0.8874229192733765,0.5358339548110962,-0.049582675099372864,0.867053747177124,0.6036244630813599,-0.04345717653632164,0.8557685017585754,0.5968866348266602,-0.03311800956726074,Left,t
0.7094407081604004,0.8182792663574219,1.9351517721588607e-08,0.6499449014663696,0.761735200881958,-0.06207256019115448,0.5923693180084229,0.672539234161377,-0.10831166058778763,0.5352160930633545,0.6077707409858704,-0.15172521770000458,0.47395020723342896,0.5641094446182251,-0.18861918151378632,0.5953711271286011,0.4832473397254944,-0.054322414100170135,0.5889236927032471,0.3784615695476532,-0.12694889307022095,0.5815831422805786,0.3295942544937134,-0.1592526137828827,0.5710453987121582,0.3081933856010437,-0.17167778313159943,0.6459592580795288,0.470034122467041,-0.051633019000291824,0.6481104493141174,0.4580773413181305,-0.12566205859184265,0.6445578932762146,0.5943112373352051,-0.12381970137357712,0.6426973938941956,0.5865275263786316,-0.10415472090244293,0.6999714374542236,0.4853496551513672,-0.06293108314275742,0.7000062465667725,0.526622474193573,-0.13694816827774048,0.6906769871711731,0.6445738673210144,-0.12062913924455643,0.6827479004859924,0.6109652519226074,-0.09362155944108963,0.747412919998169,0.5084717273712158,-0.08039150387048721,0.7480002641677856,0.5848886370658875,-0.12693779170513153,0.7332086563110352,0.666650652885437,-0.12254850566387177,0.7249684929847717,0.6424311399459839,-0.11008720099925995,Left,t
0.6667792797088623,0.6704631447792053,-8.767877801574286e-08,0.6418846249580383,0.6421824097633362,-0.008918637409806252,0.6206511855125427,0.5917834043502808,-0.01464802585542202,0.6014719605445862,0.5566561818122864,-0.0208293367177248,0.5791903138160706,0.5456441640853882,-0.02707829885184765,0.6264250874519348,0.523164689540863,-0.008034863509237766,0.6232789158821106,0.4692250192165375,-0.019340595230460167,0.6227570176124573,0.4406338334083557,-0.026817968115210533,0.6233987212181091,0.4179827570915222,-0.03227294608950615,0.6521643400192261,0.5229325890541077,-0.010205358266830444,0.6525612473487854,0.4965953230857849,-0.02351907454431057,0.6494843363761902,0.5348852872848511,-0.026150858029723167,0.648879885673523,0.5552371144294739,-0.02576218545436859,0.676429271697998,0.5346565246582031,-0.0140576446428895,0.6750094890594482,0.5186525583267212,-0.02768377773463726,0.6681121587753296,0.5586129426956177,-0.023881029337644577,0.6659730076789856,0.5782639980316162,-0.01894157938659191,0.6986516714096069,0.5528526306152344,-0.018808191642165184,0.6933082342147827,0.5421323776245117,-0.02776537649333477,0.6840994358062744,0.5716946125030518,-0.024323971942067146,0.6807485818862915,0.5874489545822144,-0.02046506479382515,Left,t
0.3350393772125244,0.7950190305709839,-3.0590885558012815e-07,0.2872224748134613,0.7635594010353088,-0.024887828156352043,0.23819923400878906,0.678816556930542,-0.04513867571949959,0.19290967285633087,0.6251088380813599,-0.06722725927829742,0.14687679708003998,0.6028192043304443,-0.08778142184019089,0.2575458884239197,0.5074068903923035,-0.016496939584612846,0.21884793043136597,0.4219869077205658,-0.052644822746515274,0.18448206782341003,0.37617921829223633,-0.07105007022619247,0.15335649251937866,0.3455946147441864,-0.08159733563661575,0.2956300675868988,0.4908367097377777,-0.023401157930493355,0.24291014671325684,0.48940038681030273,-0.06350891292095184,0.24876070022583008,0.6033176779747009,-0.0622808039188385,0.2667011618614197,0.6215110421180725,-0.051742974668741226,0.33443301916122437,0.5059037804603577,-0.03706285357475281,0.28137049078941345,0.5313680171966553,-0.07403143495321274,0.2862101197242737,0.6307134032249451,-0.05365745350718498,0.3026840090751648,0.6377350687980652,-0.03243125602602959,0.36974528431892395,0.5422140955924988,-0.05473381280899048,0.32551419734954834,0.5827159881591797,-0.07574291527271271,0.3228544592857361,0.6520282030105591,-0.06246284022927284,0.3372240960597992,0.65452641248703,-0.048340409994125366,Left,t
0.7921024560928345,0.780869722366333,-1.019685100800416e-07,0.7582767605781555,0.6996467113494873,-0.021481942385435104,0.735785961151123,0.6160508394241333,-0.038572557270526886,0.7090149521827698,0.539547860622406,-0.05708225443959236,0.6739029884338379,0.4881378412246704,-0.07402832061052322,0.7587246298789978,0.49732881784439087,-0.007436537649482489,0.7541272044181824,0.4191074073314667,-0.031535595655441284,0.7527647018432617,0.3759447932243347,-0.044176243245601654,0.7528353333473206,0.3267108201980591,-0.05210712552070618,0.7957645654678345,0.5088696479797363,-0.008035237900912762,0.7813836336135864,0.46334683895111084,-0.03284085541963577,0.7669636011123657,0.5560988187789917,-0.03214658424258232,0.7751409411430359,0.5687031149864197,-0.02574755623936653,0.8316224217414856,0.5371645092964172,-0.013722389005124569,0.8133294582366943,0.5004122853279114,-0.039942946285009384,0.7931908369064331,0.5851240754127502,-0.029349053278565407,0.798234760761261,0.5968138575553894,-0.016692711040377617,0.8609712719917297,0.5698036551475525,-0.02167109027504921,0.843341588973999,0.5491498708724976,-0.03320664167404175,0.8230942487716675,0.6050326824188232,-0.022985907271504402,0.8253916501998901,0.6204448938369751,-0.013159685768187046,Left,t
0.6108192205429077,0.7631917595863342,-8.951406726964706e-08,0.5502598285675049,0.7211718559265137,-0.03637192025780678,0.49409282207489014,0.6536007523536682,-0.0631420910358429,0.43704795837402344,0.6104356050491333,-0.09059823304414749,0.3841201663017273,0.5986533761024475,-0.11411473900079727,0.4788772463798523,0.5108408331871033,-0.020996013656258583,0.45812398195266724,0.4283147156238556,-0.06478561460971832,0.4435810446739197,0.3848342299461365,-0.08201271295547485,0.42928892374038696,0.34605908393859863,-0.08993297070264816,0.5220869779586792,0.4805081784725189,-0.02323690429329872,0.5098972320556641,0.458070307970047,-0.0683237761259079,0.5225800275802612,0.5780825614929199,-0.06146341934800148,0.5291398763656616,0.5732026696205139,-0.04505113139748573,0.5694848299026489,0.4752946197986603,-0.03546559438109398,0.5604541897773743,0.491901695728302,-0.08306509256362915,0.5644586086273193,0.5991957187652588,-0.0660141259431839,0.5648860931396484,0.5841620564460754,-0.04435855150222778,0.6106545925140381,0.4818454682826996,-0.0519489161670208,0.6062382459640503,0.5307324528694153,-0.08149725943803787,0.6026461720466614,0.6027486324310303,-0.07572571933269501,0.6029275059700012,0.5905970931053162,-0.06623442471027374,Left,t
0.6146353483200073,0.6246393918991089,-1.5835777844586119e-07,0.5825114846229553,0.5886886119842529,-0.01241184864193201,0.5595390796661377,0.537473738193512,-0.019601626321673393,0.5368472337722778,0.4967183470726013,-0.02731800638139248,0.5096668601036072,0.4816911220550537,-0.033696774393320084,0.5572344660758972,0.455848753452301,-0.00495454017072916,0.5495167970657349,0.40214142203330994,-0.02043120376765728,0.5456416606903076,0.3699972629547119,-0.027167651802301407,0.5414831042289734,0.34179237484931946,-0.03103487938642502,0.5827175378799438,0.4463849365711212,-0.006573383696377277,0.5733292102813721,0.4198509454727173,-0.02566903457045555,0.5736033916473389,0.4821931719779968,-0.024858202785253525,0.5785003900527954,0.4982316195964813,-0.019104700535535812,0.6088878512382507,0.4498452842235565,-0.011361097916960716,0.5975691080093384,0.4413386881351471,-0.031119490042328835,0.5958189368247986,0.4994223713874817,-0.023608854040503502,0.6001605987548828,0.5082480907440186,-0.013621610589325428,0.6314181089401245,0.4606289863586426,-0.01752357743680477,0.6183704733848572,0.4586777687072754,-0.028098920360207558,0.6147924065589905,0.4982987642288208,-0.022592386230826378,0.6190145611763,0.5063258409500122,-0.01618478260934353,Left,t
0.6935299634933472,0.7215297222137451,-5.2825601670747346e-08,0.666712760925293,0.6861686110496521,-0.03917596861720085,0.6458684206008911,0.6358693242073059,-0.06788613647222519,0.6432623267173767,0.5770705342292786,-0.09258656948804855,0.6278126239776611,0.5311700105667114,-0.11166495084762573,0.6456646919250488,0.44724392890930176,-0.04338999465107918,0.6373122930526733,0.35084590315818787,-0.07795101404190063,0.653450608253479,0.3348361849784851,-0.08811238408088684,0.6676470041275024,0.34224170446395874,-0.08958174288272858,0.6868475079536438,0.45065999031066895,-0.0363558866083622,0.7044986486434937,0.4528963267803192,-0.06765862554311752,0.6888186931610107,0.53761225938797,-0.0608145147562027,0.6810290813446045,0.5251274108886719,-0.048612333834171295,0.7252468466758728,0.4755382835865021,-0.0352645181119442,0.7403567433357239,0.490440309047699,-0.07127764075994492,0.7177494764328003,0.5618201494216919,-0.05875768885016441,0.7031117081642151,0.5452660918235779,-0.04288337007164955,0.7564415335655212,0.5069164633750916,-0.037034086883068085,0.7661352753639221,0.5318434238433838,-0.0626225396990776,0.7466934323310852,0.5844778418540955,-0.05713753029704094,0.7304782867431641,0.5778460502624512,-0.047257114201784134,Left,t
0.5632268190383911,0.7520875334739685,-4.363164123333263e-07,0.503940761089325,0.7145833969116211,-0.018220951780676842,0.44650277495384216,0.625677227973938,-0.04131242260336876,0.38699328899383545,0.5837314128875732,-0.06894060969352722,0.33516666293144226,0.568254828453064,-0.09322746098041534,0.4722263514995575,0.4425811171531677,-0.020388664677739143,0.44169294834136963,0.3289826512336731,-0.0636901929974556,0.4050438106060028,0.3104572296142578,-0.08450433611869812,0.37172460556030273,0.3281775712966919,-0.0953449010848999,0.5139415264129639,0.4202492833137512,-0.0330846793949604,0.4531916379928589,0.45771339535713196,-0.07282453030347824,0.4661979377269745,0.5744783878326416,-0.07099322229623795,0.48839694261550903,0.5804558992385864,-0.06311038881540298,0.5549129843711853,0.44311946630477905,-0.0524570532143116,0.4968760311603546,0.516714334487915,-0.08347681909799576,0.506677508354187,0.6120774745941162,-0.059336259961128235,0.524425208568573,0.6053734421730042,-0.04044666513800621,0.5878699421882629,0.48981773853302,-0.07645758986473083,0.5411209464073181,0.5756831169128418,-0.09717016667127609,0.5400663018226624,0.640282154083252,-0.08517549186944962,0.5549765825271606,0.6291389465332031,-0.07334300875663757,Left,t
0.6048044562339783,0.685886025428772,-1.4353550170653762e-07,0.5690264105796814,0.6753529906272888,-0.024149760603904724,0.5357269048690796,0.6225351691246033,-0.04268092289566994,0.5029751062393188,0.5715551972389221,-0.060465652495622635,0.47264575958251953,0.5595588684082031,-0.07423195987939835,0.5166566371917725,0.4688528776168823,-0.024812711402773857,0.5036405324935913,0.3793659210205078,-0.059849947690963745,0.49637407064437866,0.3481901288032532,-0.07353664934635162,0.4875989556312561,0.35133737325668335,-0.07742557674646378,0.5526808500289917,0.4491262435913086,-0.023548098281025887,0.5439193844795227,0.4542412757873535,-0.05351082608103752,0.5484866499900818,0.5490797758102417,-0.04338261857628822,0.5497496724128723,0.5601105093955994,-0.027296850457787514,0.5902366638183594,0.4589749574661255,-0.028344744816422462,0.5802984237670898,0.49304434657096863,-0.05730479955673218,0.5807151794433594,0.5710411071777344,-0.03668854385614395,0.5808531641960144,0.5699799656867981,-0.01551879197359085,0.6239457726478577,0.48226848244667053,-0.03631933405995369,0.6109345555305481,0.5361171364784241,-0.0555499866604805,0.6076465249061584,0.5880146026611328,-0.046115290373563766,0.6098601818084717,0.5816161036491394,-0.033604275435209274,Left,t
0.5575873851776123,0.6812374591827393,-4.597407610162918e-07,0.5054980516433716,0.6439917683601379,-0.014683169312775135,0.4645145833492279,0.5461970567703247,-0.021950971335172653,0.4684697389602661,0.45055821537971497,-0.03127710148692131,0.509731650352478,0.42902445793151855,-0.035595785826444626,0.4920658469200134,0.4676797389984131,0.008112071081995964,0.47605469822883606,0.4013432264328003,-0.017682133242487907,0.47634023427963257,0.4707431197166443,-0.030533889308571815,0.4911630153656006,0.4896295368671417,-0.03718861937522888,0.5223806500434875,0.4599335491657257,0.0053753480315208435,0.5070433020591736,0.3860577642917633,-0.024169038981199265,0.5049756765365601,0.46959584951400757,-0.026174485683441162,0.5172046422958374,0.4904991388320923,-0.019584357738494873,0.5522525906562805,0.4586109519004822,-0.0033157633151859045,0.5374535322189331,0.3778020739555359,-0.030934004113078117,0.5301438570022583,0.46519213914871216,-0.019205110147595406,0.5418806076049805,0.49506622552871704,-0.0033736478071659803,0.5869758129119873,0.4675517678260803,-0.01423498522490263,0.565447211265564,0.41239604353904724,-0.02945473976433277,0.5574736595153809,0.471038281917572,-0.022853706032037735,0.5674004554748535,0.4986709952354431,-0.013666939921677113,Left,s
0.6821005940437317,0.704149603843689,-2.748502367921901e-07,0.6509165167808533,0.6648762226104736,-0.011541122570633888,0.6263116002082825,0.6031652688980103,-0.019564105197787285,0.6343777179718018,0.5481358170509338,-0.029438380151987076,0.6661432981491089,0.5384739637374878,-0.03803732246160507,0.6513550877571106,0.5298019051551819,0.005372920073568821,0.6462389826774597,0.48846694827079773,-0.012977715581655502,0.6385193467140198,0.508293092250824,-0.026901766657829285,0.6365821957588196,0.5316892266273499,-0.034430745989084244,0.6763830780982971,0.5252419710159302,0.0025309817865490913,0.6730083227157593,0.47648999094963074,-0.015252226032316685,0.6579777598381042,0.4967832565307617,-0.0240816418081522,0.6501933336257935,0.516423761844635,-0.02592439018189907,0.7003182172775269,0.5334135890007019,-0.004093814175575972,0.6941355466842651,0.49538543820381165,-0.023812310770154,0.6810445189476013,0.5379654169082642,-0.02566058188676834,0.6787096261978149,0.5708096623420715,-0.021228419616818428,0.723642110824585,0.5542271733283997,-0.012009719386696815,0.7099735736846924,0.525032103061676,-0.024911483749747276,0.7013850808143616,0.5582740306854248,-0.02414126880466938,0.7032209038734436,0.5874999165534973,-0.020023992285132408,Left,s
0.640045166015625,0.7456756234169006,-8.68022027589177e-07,0.5759440660476685,0.6553835868835449,-0.023314762860536575,0.5208804607391357,0.5220816135406494,-0.04285173863172531,0.5224596261978149,0.40962645411491394,-0.06652085483074188,0.5824284553527832,0.38425207138061523,-0.08518821746110916,0.5974864363670349,0.32798415422439575,0.00405828095972538,0.5677207708358765,0.26832908391952515,-0.03873531520366669,0.5462753772735596,0.34661054611206055,-0.06540791690349579,0.5500814914703369,0.388397753238678,-0.07997202128171921,0.6445488929748535,0.33024537563323975,-0.005322827957570553,0.6074281334877014,0.27926456928253174,-0.05088255554437637,0.5778048634529114,0.382558137178421,-0.06171232834458351,0.5842353105545044,0.41887176036834717,-0.0584840402007103,0.6883530616760254,0.36213958263397217,-0.02298099361360073,0.6510573625564575,0.3269912302494049,-0.06742309778928757,0.6213469505310059,0.43516892194747925,-0.05825715512037277,0.630699098110199,0.4738273322582245,-0.0405375175178051,0.7299139499664307,0.4183114469051361,-0.04408516362309456,0.6929008364677429,0.384930282831192,-0.065548837184906,0.6660815477371216,0.45953643321990967,-0.05476492643356323,0.6732810139656067,0.4942830801010132,-0.04027222841978073,Left,s
0.3265807628631592,0.843701958656311,-8.628916816633136e-07,0.2442876696586609,0.7998020052909851,-0.02365763857960701,0.16660818457603455,0.6830906867980957,-0.039760831743478775,0.1594536006450653,0.5665717720985413,-0.059021223336458206,0.21600118279457092,0.5039491057395935,-0.07006758451461792,0.20622605085372925,0.46775296330451965,0.008854500949382782,0.14876851439476013,0.4506806433200836,-0.040411051362752914,0.16676969826221466,0.5700728893280029,-0.0686081126332283,0.1947629153728485,0.5821613073348999,-0.08458813279867172,0.2542778253555298,0.4373297095298767,-0.0007538364152424037,0.18979807198047638,0.419981986284256,-0.05091914162039757,0.20923854410648346,0.5695542097091675,-0.05290435999631882,0.23656076192855835,0.5777612328529358,-0.043483421206474304,0.3039754331111908,0.435904324054718,-0.020919600501656532,0.24243828654289246,0.40030983090400696,-0.07319138944149017,0.2519577741622925,0.5594419836997986,-0.051446691155433655,0.27989697456359863,0.5891228318214417,-0.02461329661309719,0.3601446747779846,0.46046531200408936,-0.04520511254668236,0.3074159026145935,0.4514211118221283,-0.07787821441888809,0.30177977681159973,0.5571579337120056,-0.0666714683175087,0.32017096877098083,0.5792919397354126,-0.05030957609415054,Left,s
0.8410581350326538,0.7277504205703735,-2.3368805557311134e-07,0.7837666273117065,0.6674185395240784,-0.04971713572740555,0.7411704659461975,0.5688232183456421,-0.07774213701486588,0.7653874754905701,0.4764702618122101,-0.10265800356864929,0.8273592591285706,0.4533582627773285,-0.11889048665761948,0.7636600136756897,0.44089362025260925,-0.02048780769109726,0.7555651664733887,0.38699042797088623,-0.07618147879838943,0.7637856006622314,0.4791962206363678,-0.1067076101899147,0.782334566116333,0.5028460621833801,-0.12145181000232697,0.8115189075469971,0.43883347511291504,-0.015848925337195396,0.8083678483963013,0.3834879994392395,-0.07351048290729523,0.8086642026901245,0.48495566844940186,-0.08635852485895157,0.8168927431106567,0.4959236979484558,-0.08312220126390457,0.855680525302887,0.4523386061191559,-0.022569993510842323,0.859249472618103,0.39304614067077637,-0.07684797048568726,0.8470744490623474,0.4912456274032593,-0.06872089207172394,0.8459069728851318,0.5053197145462036,-0.050170380622148514,0.8968368768692017,0.47920534014701843,-0.034852851182222366,0.8963267803192139,0.46246784925460815,-0.06674309074878693,0.8793221712112427,0.5236067175865173,-0.06379541009664536,0.8718594312667847,0.5344469547271729,-0.0537852868437767,Left,s
0.5311148166656494,0.7344880104064941,-3.8493519127769105e-07,0.49253973364830017,0.6770603060722351,-0.015415618196129799,0.464368999004364,0.5910868048667908,-0.025997931137681007,0.47162219882011414,0.5185102820396423,-0.03913778066635132,0.51106858253479,0.502129852771759,-0.04924006015062332,0.5093511939048767,0.5040348172187805,0.009003346785902977,0.492643803358078,0.45510804653167725,-0.01803850196301937,0.48301205039024353,0.5017430186271667,-0.036213867366313934,0.4873424172401428,0.529715359210968,-0.045430731028318405,0.5373526811599731,0.5041066408157349,0.005245092324912548,0.5244658589363098,0.44960567355155945,-0.021840900182724,0.503040611743927,0.4827938675880432,-0.03181765601038933,0.4971769452095032,0.49182820320129395,-0.0320756770670414,0.5639042854309082,0.5187695026397705,-0.004297723062336445,0.5473189949989319,0.4707706570625305,-0.03223222494125366,0.5293210744857788,0.5313048362731934,-0.03079213947057724,0.530716598033905,0.5629393458366394,-0.021582765504717827,0.5905880928039551,0.5474786162376404,-0.015846967697143555,0.5654950141906738,0.5165547132492065,-0.031649623066186905,0.5534719824790955,0.5580304265022278,-0.02881111204624176,0.5586860179901123,0.5844983458518982,-0.02175084315240383,Left,s
0.6173049807548523,0.8089777231216431,-7.9855635704007e-07,0.5354191660881042,0.723868727684021,-0.04220624640583992,0.4698799252510071,0.5689792633056641,-0.0682915523648262,0.48404037952423096,0.42461833357810974,-0.09594222158193588,0.5596959590911865,0.3952771723270416,-0.11471632122993469,0.5303438901901245,0.36916056275367737,-0.0005147173069417477,0.5075796842575073,0.28652334213256836,-0.05891447141766548,0.4946840703487396,0.3927997946739197,-0.09077021479606628,0.5098857283592224,0.42854946851730347,-0.10661401599645615,0.5867021083831787,0.3666110932826996,-0.003738529048860073,0.5661871433258057,0.27419567108154297,-0.0663689523935318,0.5409408807754517,0.4051250219345093,-0.07707765698432922,0.549883246421814,0.4305020868778229,-0.06872162222862244,0.6391348242759705,0.3899408280849457,-0.01960340514779091,0.6202362775802612,0.3098447024822235,-0.08012329041957855,0.5917225480079651,0.44801023602485657,-0.06745114177465439,0.6028407216072083,0.47727084159851074,-0.04269728437066078,0.692152202129364,0.43884187936782837,-0.04075019061565399,0.6603633761405945,0.4028765559196472,-0.0717681497335434,0.6366510391235352,0.4938086271286011,-0.06334178894758224,0.6479935646057129,0.51800936460495,-0.04850192368030548,Left,s
0.6369052529335022,0.6341956853866577,-1.1554492829191076e-07,0.6067129373550415,0.5877578258514404,-0.01541726291179657,0.5879941582679749,0.5212596654891968,-0.023634489625692368,0.6018962264060974,0.46932122111320496,-0.0327087864279747,0.6318395733833313,0.45961692929267883,-0.039784885942935944,0.6150547862052917,0.45004814863204956,0.0008105432498268783,0.6081878542900085,0.3919479250907898,-0.014631385914981365,0.6053386330604553,0.3878292143344879,-0.02600121684372425,0.611230194568634,0.386233389377594,-0.032939232885837555,0.6378582119941711,0.45130303502082825,-6.213366577867419e-05,0.6372384428977966,0.37773382663726807,-0.0141135947778821,0.6316270232200623,0.35546648502349854,-0.021559372544288635,0.6339493989944458,0.3343222737312317,-0.02527756616473198,0.6581289172172546,0.46728038787841797,-0.004772508051246405,0.6540164351463318,0.4143849313259125,-0.023739678785204887,0.639771580696106,0.43611422181129456,-0.026008566841483116,0.6356175541877747,0.45723599195480347,-0.023104576393961906,0.6774702072143555,0.4945368766784668,-0.011339759454131126,0.6716935634613037,0.4608747065067291,-0.02410637028515339,0.6621977090835571,0.47257697582244873,-0.02489628829061985,0.6588046550750732,0.4895009994506836,-0.02293645404279232,Left,s
0.31821295619010925,0.8368008732795715,-7.435415341205953e-07,0.23379456996917725,0.8079559803009033,-0.031072502955794334,0.15055376291275024,0.6897612810134888,-0.04927816614508629,0.13765713572502136,0.5697579383850098,-0.06894809752702713,0.19826313853263855,0.5089686512947083,-0.07926229387521744,0.18137691915035248,0.46448734402656555,0.0054804058745503426,0.13131791353225708,0.4528667628765106,-0.0447823628783226,0.14956918358802795,0.5691812634468079,-0.07133401930332184,0.1747012734413147,0.5667307376861572,-0.08641423285007477,0.23168697953224182,0.43033507466316223,-0.0014908788725733757,0.17469176650047302,0.40994715690612793,-0.05328663811087608,0.19098326563835144,0.5591063499450684,-0.05338900163769722,0.21439173817634583,0.5536349415779114,-0.041178200393915176,0.28287553787231445,0.4277152419090271,-0.02015971951186657,0.2288481891155243,0.4057087302207947,-0.07271043956279755,0.240401491522789,0.5613037943840027,-0.049658674746751785,0.26828300952911377,0.5746397972106934,-0.02112174592912197,0.34103766083717346,0.4473491609096527,-0.04376102238893509,0.2901880145072937,0.45480871200561523,-0.07403351366519928,0.2891092598438263,0.5566684603691101,-0.061873141676187515,0.3094419836997986,0.5645240545272827,-0.04494446888566017,Left,s
0.8578273057937622,0.696352481842041,-1.2195890519706154e-07,0.8013626933097839,0.6558578014373779,-0.05048458278179169,0.7554847002029419,0.5673047304153442,-0.08133181929588318,0.765533447265625,0.48584839701652527,-0.10746327042579651,0.8189921975135803,0.4586763381958008,-0.12511488795280457,0.778998851776123,0.39765995740890503,-0.03131119906902313,0.7610375881195068,0.3973848223686218,-0.08405942469835281,0.7713624238967896,0.48188257217407227,-0.11096760630607605,0.7936252355575562,0.49351751804351807,-0.1254180669784546,0.824321985244751,0.3841540813446045,-0.0268891379237175,0.8087025880813599,0.39104318618774414,-0.07964760810136795,0.807902455329895,0.4943751096725464,-0.08674530684947968,0.8202338218688965,0.4848754405975342,-0.08186911791563034,0.8657606244087219,0.39923906326293945,-0.03315918892621994,0.8565003871917725,0.3978339433670044,-0.08569586277008057,0.8456540107727051,0.49953916668891907,-0.07530856877565384,0.8508791327476501,0.5013416409492493,-0.057586897164583206,0.9070478081703186,0.4296405613422394,-0.0448869951069355,0.8969257473945618,0.44997167587280273,-0.0803045928478241,0.8826582431793213,0.5185104608535767,-0.07863489538431168,0.8828840851783752,0.5172839760780334,-0.06987760961055756,Left,s
0.5214524865150452,0.7305721044540405,-4.4525691578201076e-07,0.4698534905910492,0.6674453020095825,-0.0166473388671875,0.43500787019729614,0.5628138780593872,-0.026049526408314705,0.44180816411972046,0.4725194275379181,-0.03837354853749275,0.48317331075668335,0.4470684230327606,-0.04625419154763222,0.4781646728515625,0.47305548191070557,0.01610816828906536,0.4590702950954437,0.41089391708374023,-0.012178793549537659,0.4527902603149414,0.4747692346572876,-0.0288884025067091,0.4652712941169739,0.5037024617195129,-0.03700101003050804,0.5100030303001404,0.4712916612625122,0.01205790601670742,0.4952782988548279,0.40370577573776245,-0.017975350841879845,0.48044252395629883,0.47429072856903076,-0.024553466588258743,0.48818591237068176,0.4991641640663147,-0.0206444188952446,0.5398858189582825,0.4844414293766022,0.0008661471074447036,0.5249853134155273,0.41082245111465454,-0.03037656843662262,0.506633460521698,0.49041104316711426,-0.024450460448861122,0.5137101411819458,0.5253880023956299,-0.011031278409063816,0.5709263682365417,0.513184666633606,-0.012601436115801334,0.5445005297660828,0.46599867939949036,-0.031125690788030624,0.5299818515777588,0.5184107422828674,-0.02730514667928219,0.5384863615036011,0.5480502247810364,-0.018815387040376663,Left,s
0.6974748969078064,0.752485990524292,-6.424843377317302e-07,0.6101071834564209,0.6848224401473999,-0.04613567516207695,0.5380815267562866,0.5375816226005554,-0.07181811332702637,0.5624389052391052,0.39248600602149963,-0.09664343297481537,0.6403440833091736,0.3524881899356842,-0.11188153922557831,0.5642222762107849,0.34528639912605286,-0.012307506054639816,0.5492759943008423,0.2594881057739258,-0.07107682526111603,0.5606732964515686,0.36712098121643066,-0.10377272963523865,0.5850910544395447,0.3948691487312317,-0.12127471715211868,0.6273100972175598,0.3305356800556183,-0.013571873307228088,0.6194016933441162,0.24142077565193176,-0.07246363908052444,0.6180524826049805,0.3703421652317047,-0.082799032330513,0.6294976472854614,0.3776460289955139,-0.07841242104768753,0.6875248551368713,0.3440883457660675,-0.026843879371881485,0.6877776980400085,0.2543240189552307,-0.08490228652954102,0.6739444136619568,0.39748048782348633,-0.06888832896947861,0.6798057556152344,0.4196126461029053,-0.04507485777139664,0.7470808029174805,0.38316047191619873,-0.04593146592378616,0.7384652495384216,0.34681418538093567,-0.07823725789785385,0.7194750308990479,0.4454580545425415,-0.06812635064125061,0.7201322317123413,0.466918021440506,-0.05364172160625458,Left,s
0.6339520812034607,0.6204451322555542,-3.086442461608385e-07,0.5963575839996338,0.5822141766548157,-0.017666442319750786,0.567396342754364,0.5229082107543945,-0.028722528368234634,0.5724049210548401,0.4619881212711334,-0.040931809693574905,0.6019845008850098,0.4402191936969757,-0.05026784539222717,0.5898343920707703,0.44720566272735596,0.002159603638574481,0.5755947232246399,0.40271463990211487,-0.021870197728276253,0.5710157155990601,0.4380553960800171,-0.03705937787890434,0.5794408917427063,0.4572063088417053,-0.04492419958114624,0.6133131980895996,0.4422968327999115,0.0007743383175693452,0.6031544804573059,0.38879474997520447,-0.025544075295329094,0.5922702550888062,0.4312549829483032,-0.03359835222363472,0.5952788591384888,0.45249778032302856,-0.032694291323423386,0.6357845664024353,0.4469734728336334,-0.005815068259835243,0.626101016998291,0.4021192491054535,-0.03149614855647087,0.6144298911094666,0.4506702125072479,-0.030603623017668724,0.6185184717178345,0.4737125337123871,-0.023016182705760002,0.6589800119400024,0.46260741353034973,-0.014551825821399689,0.6421453356742859,0.43944427371025085,-0.029359033331274986,0.6351903676986694,0.47271808981895447,-0.02891143038868904,0.6416738629341125,0.4916977286338806,-0.02467374876141548,Left,s
0.26989150047302246,0.8186683654785156,-9.022159588312206e-07,0.20459499955177307,0.7442526817321777,-0.028409285470843315,0.15029212832450867,0.6048160195350647,-0.04915783181786537,0.1494482308626175,0.49461230635643005,-0.07287175953388214,0.20123112201690674,0.4503350555896759,-0.08857715874910355,0.23402175307273865,0.40020543336868286,0.0009055359987542033,0.1690431535243988,0.3540808856487274,-0.05076596885919571,0.15493665635585785,0.4628470838069916,-0.07864102721214294,0.17280957102775574,0.49607521295547485,-0.0925082266330719,0.2778368890285492,0.3972175121307373,-0.007348716724663973,0.20479248464107513,0.3630361557006836,-0.0606013685464859,0.19032353162765503,0.5050008893013,-0.06538134813308716,0.2127768099308014,0.5310630202293396,-0.05596598610281944,0.31763243675231934,0.42704886198043823,-0.02597193233668804,0.2471771091222763,0.409090518951416,-0.07784601300954819,0.23237276077270508,0.552086591720581,-0.061220575124025345,0.25650590658187866,0.584892749786377,-0.03688790649175644,0.3552330732345581,0.4830865263938904,-0.04920952394604683,0.291476845741272,0.4834236800670624,-0.07808895409107208,0.2760757505893707,0.5677925944328308,-0.07012241333723068,0.29640763998031616,0.5862892866134644,-0.05605506896972656,Left,s
0.8093141913414001,0.7198998928070068,-4.107071447378985e-07,0.7574059367179871,0.643325924873352,-0.022015171125531197,0.7196897864341736,0.5445440411567688,-0.037440214306116104,0.7309841513633728,0.46063876152038574,-0.055753737688064575,0.779471218585968,0.430939257144928,-0.0708499625325203,0.7754905819892883,0.43326902389526367,0.010610301978886127,0.7591797113418579,0.37929069995880127,-0.02445897087454796,0.7472394704818726,0.42348238825798035,-0.0511842742562294,0.7499472498893738,0.4509439468383789,-0.06629672646522522,0.81139075756073,0.4332951605319977,0.0068565537221729755,0.798865795135498,0.3717697858810425,-0.030234960839152336,0.774362325668335,0.4109669029712677,-0.04890718683600426,0.7666165232658386,0.42879408597946167,-0.053829651325941086,0.8449214696884155,0.4506120979785919,-0.00431470200419426,0.8323294520378113,0.3881797194480896,-0.042612988501787186,0.8052316904067993,0.45291292667388916,-0.045853693038225174,0.7992499470710754,0.49642133712768555,-0.037200432270765305,0.8799293041229248,0.48641666769981384,-0.018083959817886353,0.8583523631095886,0.4382893443107605,-0.042842306196689606,0.8396371006965637,0.482921838760376,-0.043370429426431656,0.8379179835319519,0.5202049612998962,-0.03671970218420029,Left,s
0.6259640455245972,0.7678986191749573,-7.16006525181001e-07,0.5681477189064026,0.7190284729003906,-0.01750623621046543,0.5069567561149597,0.611032247543335,-0.02908317930996418,0.48502102494239807,0.5170713067054749,-0.04453466460108757,0.5258054733276367,0.47193706035614014,-0.05598080903291702,0.5680821537971497,0.42875808477401733,0.01609191857278347,0.5315702557563782,0.3946232795715332,-0.01679340936243534,0.5143198370933533,0.45523279905319214,-0.04152204096317291,0.5115011930465698,0.49797749519348145,-0.05522919073700905,0.6007201671600342,0.4109065532684326,0.008894560858607292,0.5591450333595276,0.37041983008384705,-0.02624679170548916,0.5268126130104065,0.4232940971851349,-0.04127823933959007,0.5094401240348816,0.45105934143066406,-0.04261375218629837,0.6345672607421875,0.41806113719940186,-0.005323444493114948,0.5829272270202637,0.4148057699203491,-0.03883723169565201,0.5715477466583252,0.5089501738548279,-0.037537913769483566,0.5788735747337341,0.5576590299606323,-0.026616398245096207,0.6669119596481323,0.4489629864692688,-0.022904951125383377,0.616076648235321,0.4697394371032715,-0.04175616055727005,0.6082334518432617,0.5352492332458496,-0.03936668112874031,0.6194069981575012,0.5651185512542725,-0.03140935301780701,Left,s
0.67466139793396,0.6237236857414246,-2.52907739195507e-07,0.6387224793434143,0.5861696004867554,-0.013768959790468216,0.6134940385818481,0.5303632020950317,-0.02190064825117588,0.618230402469635,0.47335296869277954,-0.03126157820224762,0.6445551514625549,0.4529692530632019,-0.03904858976602554,0.6377650499343872,0.4586886167526245,0.006718887947499752,0.6273227334022522,0.41348785161972046,-0.01013482641428709,0.620058536529541,0.43164917826652527,-0.02466951124370098,0.6200420260429382,0.4512418806552887,-0.03337525948882103,0.659532904624939,0.45458540320396423,0.005822978913784027,0.6521046161651611,0.40189221501350403,-0.01233544759452343,0.6378480195999146,0.41724300384521484,-0.024586424231529236,0.630354106426239,0.4355916380882263,-0.02950024977326393,0.6802920699119568,0.4604557454586029,0.0008879750384949148,0.6759351491928101,0.40860918164253235,-0.01807260513305664,0.6576219201087952,0.4203779101371765,-0.025198346003890038,0.6470421552658081,0.43774551153182983,-0.025574544444680214,0.701984167098999,0.47769999504089355,-0.00547311594709754,0.692397952079773,0.4413817822933197,-0.018522407859563828,0.6836003661155701,0.45574095845222473,-0.022425562143325806,0.681101381778717,0.4768989384174347,-0.022512421011924744,Left,s
0.3654407858848572,0.661220371723175,-6.008800141898973e-07,0.3075495958328247,0.6400679349899292,-0.017281251028180122,0.24454598128795624,0.5606289505958557,-0.028661610558629036,0.23001408576965332,0.4713819921016693,-0.04192723333835602,0.26922380924224854,0.4129999577999115,-0.049713194370269775,0.25665754079818726,0.4197239279747009,0.002248157514259219,0.21758008003234863,0.40108567476272583,-0.03362484276294708,0.2317388653755188,0.48247039318084717,-0.05196007341146469,0.25104910135269165,0.4845637083053589,-0.06149112060666084,0.2916024327278137,0.3937234878540039,-0.00291810161434114,0.2540438771247864,0.36683619022369385,-0.039065681397914886,0.26588746905326843,0.46614909172058105,-0.04047108814120293,0.28037455677986145,0.46899598836898804,-0.03323996812105179,0.32883983850479126,0.3846634328365326,-0.01496858336031437,0.29009684920310974,0.3487682640552521,-0.05344144627451897,0.3004504144191742,0.46494704484939575,-0.0389094278216362,0.31902390718460083,0.48889434337615967,-0.019339051097631454,0.37113431096076965,0.3886023759841919,-0.029325248673558235,0.3321058750152588,0.3874833285808563,-0.054717667400836945,0.33518028259277344,0.4653693437576294,-0.0480603463947773,0.3504023253917694,0.4827876091003418,-0.03635558858513832,Left,s
0.7566985487937927,0.5923043489456177,-1.7075088010187756e-07,0.7131442427635193,0.5652720928192139,-0.03365009278059006,0.6806244850158691,0.4936915636062622,-0.05231807753443718,0.6913138628005981,0.42694374918937683,-0.06760232150554657,0.7292004227638245,0.39102116227149963,-0.07720179855823517,0.6939979195594788,0.3728288412094116,-0.016558503732085228,0.6822953820228577,0.361401230096817,-0.05331254377961159,0.6907424926757812,0.4148748815059662,-0.07234784960746765,0.7070317268371582,0.42881882190704346,-0.08136741071939468,0.7275570034980774,0.3598284423351288,-0.013144279830157757,0.7212660908699036,0.3475174605846405,-0.050647273659706116,0.7205646634101868,0.4158952832221985,-0.05714908242225647,0.7276926636695862,0.4216829240322113,-0.05338110029697418,0.7596834897994995,0.366796612739563,-0.0171537846326828,0.7550709843635559,0.35697901248931885,-0.05344361811876297,0.7479004859924316,0.42797088623046875,-0.04590187221765518,0.751705527305603,0.43744781613349915,-0.03200245648622513,0.7915647029876709,0.3875049948692322,-0.024776345118880272,0.7833354473114014,0.38542523980140686,-0.04687415435910225,0.7736809253692627,0.4374921917915344,-0.042707040905952454,0.7747432589530945,0.44658222794532776,-0.033687740564346313,Left,s
0.5305002927780151,0.6467874646186829,-3.9406921814588713e-07,0.48610782623291016,0.6239474415779114,-0.024752097204327583,0.4428482949733734,0.5454443693161011,-0.036878492683172226,0.4406166076660156,0.45985147356987,-0.04803058132529259,0.47801297903060913,0.41521233320236206,-0.0534464567899704,0.44992509484291077,0.41707512736320496,-0.002931836759671569,0.4330512285232544,0.39139729738235474,-0.029412003234028816,0.44003817439079285,0.4549364447593689,-0.04289553314447403,0.4538998305797577,0.4613271951675415,-0.05048983544111252,0.48333901166915894,0.39941543340682983,-0.0019796337001025677,0.47005394101142883,0.3778364360332489,-0.02783089317381382,0.47009971737861633,0.4555776119232178,-0.028423616662621498,0.4770817458629608,0.4557427763938904,-0.023317988961935043,0.5173228979110718,0.4029935598373413,-0.007563235238194466,0.505679726600647,0.3714331090450287,-0.036350373178720474,0.5008224248886108,0.4557591676712036,-0.024668172001838684,0.5067684650421143,0.4734514653682709,-0.010002298280596733,0.5525792837142944,0.42118343710899353,-0.01608794555068016,0.5404085516929626,0.3976975083351135,-0.03436928614974022,0.5316444039344788,0.45433738827705383,-0.02734549343585968,0.5338305234909058,0.47213420271873474,-0.017368949949741364,Left,s
0.5187033414840698,0.8736475706100464,1.8366863230312447e-07,0.47008171677589417,0.8310201168060303,-0.02570534683763981,0.4458364248275757,0.7266530394554138,-0.036763083189725876,0.4627523422241211,0.6414543986320496,-0.04954389110207558,0.4991329312324524,0.5873324871063232,-0.06019027531147003,0.453016996383667,0.5759168863296509,-0.0051300665363669395,0.4550454020500183,0.4560387432575226,-0.03051118366420269,0.45881298184394836,0.3754083216190338,-0.04987720400094986,0.4647808074951172,0.303439199924469,-0.06495483964681625,0.4903166592121124,0.5633588433265686,-0.010309825651347637,0.46567755937576294,0.4246368408203125,-0.03591785579919815,0.44636720418930054,0.3450999855995178,-0.051466502249240875,0.43415120244026184,0.2741486430168152,-0.05984272435307503,0.5286698341369629,0.5840757489204407,-0.02070501446723938,0.5149919390678406,0.48070111870765686,-0.05954401567578316,0.500039279460907,0.5701888799667358,-0.06356222927570343,0.49632057547569275,0.6361911296844482,-0.05679316446185112,0.5668042302131653,0.6290068626403809,-0.03401397168636322,0.5381335020065308,0.6103691458702087,-0.07280917465686798,0.5203469395637512,0.6790406703948975,-0.08136942982673645,0.5195172429084778,0.7288657426834106,-0.07955003529787064,Left,r
0.6021845936775208,0.712204098701477,3.0707585096934054e-07,0.5744649767875671,0.690346360206604,-0.032163217663764954,0.5638623833656311,0.6375775933265686,-0.045019011944532394,0.5837868452072144,0.5871109366416931,-0.0546327568590641,0.6064193248748779,0.5503981709480286,-0.06215506047010422,0.5496206879615784,0.5458407998085022,-0.02320546843111515,0.5553054213523865,0.4653499126434326,-0.04265008121728897,0.5587117075920105,0.4105866551399231,-0.05701066553592682,0.5634509325027466,0.36009007692337036,-0.0678025484085083,0.5751240253448486,0.5333555340766907,-0.019158819690346718,0.5606350302696228,0.4433560371398926,-0.039912883192300797,0.552338719367981,0.3941097855567932,-0.05072931572794914,0.5490825772285461,0.3452407419681549,-0.05579515919089317,0.6001830101013184,0.5462842583656311,-0.018876787275075912,0.605363130569458,0.4877268671989441,-0.0508284866809845,0.6033602356910706,0.5512906312942505,-0.05163220688700676,0.6011539697647095,0.5913745760917664,-0.04355674982070923,0.6237916350364685,0.5750335454940796,-0.021269308403134346,0.6272567510604858,0.5408891439437866,-0.05295754224061966,0.6219999194145203,0.5836616158485413,-0.05602554604411125,0.6173725128173828,0.6108670234680176,-0.050915613770484924,Left,r
0.2490878403186798,0.7956809401512146,1.0198267830219265e-07,0.2056351602077484,0.7592254877090454,-0.025645051151514053,0.17603343725204468,0.6740002632141113,-0.0394662581384182,0.18572154641151428,0.5938182473182678,-0.05476802960038185,0.22005099058151245,0.540776789188385,-0.06776891648769379,0.1894218474626541,0.5176057815551758,-0.009644921869039536,0.18229538202285767,0.42645329236984253,-0.035431209951639175,0.17933163046836853,0.35566776990890503,-0.05491786450147629,0.17733588814735413,0.2908840477466583,-0.06962688267230988,0.22682131826877594,0.500491201877594,-0.015327127650380135,0.20028245449066162,0.38615942001342773,-0.04418773949146271,0.17208723723888397,0.3174581527709961,-0.06001288443803787,0.14923861622810364,0.25572311878204346,-0.06729276478290558,0.26461324095726013,0.5171502232551575,-0.02554948255419731,0.23881015181541443,0.45033174753189087,-0.06540175527334213,0.21732158958911896,0.5313672423362732,-0.06679968535900116,0.20814168453216553,0.591370701789856,-0.05688752979040146,0.299289733171463,0.5582326650619507,-0.03868820145726204,0.26241162419319153,0.5452367067337036,-0.07228650897741318,0.2457379847764969,0.6010547876358032,-0.0751151293516159,0.24584011733531952,0.6460245847702026,-0.06901209056377411,Left,r
0.8590143322944641,0.7316597700119019,7.450267958120094e-08,0.8233318328857422,0.6989842653274536,-0.03685779497027397,0.8120758533477783,0.6289372444152832,-0.052336469292640686,0.838181734085083,0.5690252184867859,-0.06483514606952667,0.8720420002937317,0.5303096771240234,-0.0746658518910408,0.8188307881355286,0.5255430936813354,-0.022900810465216637,0.8278958201408386,0.43264710903167725,-0.043214574456214905,0.8347079753875732,0.3776935040950775,-0.05656392127275467,0.844170093536377,0.3287253975868225,-0.06751221418380737,0.8527106642723083,0.5209976434707642,-0.01764921471476555,0.8442597985267639,0.4207562804222107,-0.04085298627614975,0.8406051993370056,0.3722272217273712,-0.05308255925774574,0.8437343835830688,0.3265448808670044,-0.05978989601135254,0.8819645047187805,0.539236843585968,-0.017255067825317383,0.888498067855835,0.45847344398498535,-0.05342131853103638,0.8736655116081238,0.5257970094680786,-0.056573618203401566,0.8673745393753052,0.5705878138542175,-0.05062500759959221,0.9096393585205078,0.5727086067199707,-0.019818061962723732,0.902865469455719,0.5342384576797485,-0.057895492762327194,0.8890854716300964,0.5814028382301331,-0.06653615087270737,0.8838728070259094,0.6142014265060425,-0.06541096419095993,Left,r
0.5625869631767273,0.8607442378997803,1.1722534942748553e-08,0.49810612201690674,0.8165388107299805,-0.038282815366983414,0.4584485590457916,0.6940507888793945,-0.05468018725514412,0.47530755400657654,0.5767159461975098,-0.0706510916352272,0.5162539482116699,0.4949886202812195,-0.08376432210206985,0.4648701548576355,0.5238489508628845,-0.019422173500061035,0.4598388075828552,0.37722229957580566,-0.04659320414066315,0.45549675822257996,0.2861200273036957,-0.06743519753217697,0.45452988147735596,0.19577568769454956,-0.08631440252065659,0.5047213435173035,0.49747681617736816,-0.021717581897974014,0.4647464156150818,0.3302695155143738,-0.05208240821957588,0.4387159049510956,0.24460282921791077,-0.07159114629030228,0.42384958267211914,0.16648149490356445,-0.0856541246175766,0.5485008955001831,0.512083888053894,-0.029681995511054993,0.5328466892242432,0.36644187569618225,-0.07656048238277435,0.5289027690887451,0.4529449939727783,-0.08617293834686279,0.5336247682571411,0.5267168283462524,-0.0856902226805687,0.5964271426200867,0.5540415644645691,-0.04136444628238678,0.5634279251098633,0.5288256406784058,-0.09166614711284637,0.5527254939079285,0.6020328998565674,-0.10861025005578995,0.5600066781044006,0.6584994196891785,-0.11400622129440308,Left,r
0.616940975189209,0.6649837493896484,1.0360627555883184e-07,0.5894790887832642,0.6369059681892395,-0.01940120942890644,0.5758052468299866,0.5814923048019409,-0.02661851793527603,0.5882890224456787,0.5300535559654236,-0.03373424708843231,0.6101788878440857,0.5024599432945251,-0.03910038620233536,0.5767663717269897,0.505753219127655,-0.005443995352834463,0.5816124677658081,0.4354874789714813,-0.017813052982091904,0.5846948027610779,0.390187531709671,-0.02670775167644024,0.5899084210395813,0.3480815291404724,-0.03369670733809471,0.5998305082321167,0.4989668130874634,-0.00477334950119257,0.5885008573532104,0.41947102546691895,-0.01837378367781639,0.5817957520484924,0.37502914667129517,-0.02550676092505455,0.5795655250549316,0.33504989743232727,-0.028967630118131638,0.6216869950294495,0.5101386904716492,-0.007547007407993078,0.6223053336143494,0.45217370986938477,-0.031133465468883514,0.6128457188606262,0.49975213408470154,-0.03380738943815231,0.6062755584716797,0.5368942618370056,-0.028799347579479218,0.6433509588241577,0.5321975350379944,-0.01211979053914547,0.6418185234069824,0.4946969747543335,-0.03446275740861893,0.6320603489875793,0.5195589661598206,-0.038543280214071274,0.624838650226593,0.5424553751945496,-0.036343399435281754,Left,r
0.2679607570171356,0.7890462279319763,6.003901376061549e-08,0.2247544676065445,0.7540845274925232,-0.024823389947414398,0.19081836938858032,0.6653732061386108,-0.038927529007196426,0.18983715772628784,0.5804169178009033,-0.05437451973557472,0.22001683712005615,0.5216727256774902,-0.06753060966730118,0.20590907335281372,0.5149325728416443,-0.011983383446931839,0.1925085335969925,0.41115957498550415,-0.039409153163433075,0.18173664808273315,0.3374377489089966,-0.05892110615968704,0.1738923341035843,0.27270764112472534,-0.07275896519422531,0.24021881818771362,0.5014711618423462,-0.016078265383839607,0.21262796223163605,0.38472241163253784,-0.04258539155125618,0.18645696341991425,0.3190382719039917,-0.05630095675587654,0.16472128033638,0.26024889945983887,-0.0622958205640316,0.27697309851646423,0.5199021100997925,-0.02473762445151806,0.2506537139415741,0.441772997379303,-0.061155788600444794,0.23719877004623413,0.5196613073348999,-0.06270206719636917,0.23426280915737152,0.5808224081993103,-0.05379472300410271,0.31110307574272156,0.5612307190895081,-0.03618461266160011,0.2709376811981201,0.5396366715431213,-0.06751428544521332,0.2511926293373108,0.5780527591705322,-0.07203153520822525,0.2458226978778839,0.6091395616531372,-0.06793439388275146,Left,r
0.8741425275802612,0.7572044134140015,2.5707529971441545e-07,0.8372043371200562,0.7082657814025879,-0.030456695705652237,0.8302215933799744,0.6311147809028625,-0.04267527535557747,0.8619276285171509,0.5703791975975037,-0.05342637374997139,0.8936243653297424,0.5314393639564514,-0.061791740357875824,0.8308959603309631,0.5299052000045776,-0.01739637553691864,0.8439798951148987,0.4367012083530426,-0.03800160065293312,0.8539431691169739,0.37855643033981323,-0.05386771634221077,0.8628224730491638,0.31894245743751526,-0.06653552502393723,0.863301157951355,0.5242987871170044,-0.016643133014440536,0.8550206422805786,0.41718751192092896,-0.03849499672651291,0.849824845790863,0.36084169149398804,-0.0510140024125576,0.8480426073074341,0.30333712697029114,-0.05826631188392639,0.8938388824462891,0.5470830202102661,-0.02029024250805378,0.9047402143478394,0.46528539061546326,-0.0544792003929615,0.8938334584236145,0.5304572582244873,-0.05745716765522957,0.884730339050293,0.5764873027801514,-0.05140531435608864,0.9231795072555542,0.5891852378845215,-0.026779402047395706,0.9265891909599304,0.5554772615432739,-0.060339320451021194,0.9143040180206299,0.5950592756271362,-0.06622596830129623,0.9060530066490173,0.6239215135574341,-0.06373101472854614,Left,r
0.5764361619949341,0.9036175012588501,2.6828692156755096e-08,0.5211145877838135,0.8451024889945984,-0.036768838763237,0.48935744166374207,0.7343260645866394,-0.053047820925712585,0.510741114616394,0.6367183923721313,-0.06964702904224396,0.5523366332054138,0.5639203786849976,-0.08364453911781311,0.4958564043045044,0.5632274746894836,-0.013882284983992577,0.49666568636894226,0.43395543098449707,-0.0388757549226284,0.4992924928665161,0.3497413992881775,-0.059008605778217316,0.504112720489502,0.264718234539032,-0.07702615857124329,0.5373744964599609,0.5435726046562195,-0.017002485692501068,0.507750391960144,0.3876335620880127,-0.04447081685066223,0.48690998554229736,0.30967527627944946,-0.06217231974005699,0.4740322232246399,0.23313087224960327,-0.07434346526861191,0.580489993095398,0.5647681355476379,-0.026184484362602234,0.5697658061981201,0.44050076603889465,-0.07247074693441391,0.5605954527854919,0.5359091758728027,-0.08112198114395142,0.5591974854469299,0.6064863204956055,-0.07852152734994888,0.6252751350402832,0.6166052222251892,-0.03883739560842514,0.6069539189338684,0.578826904296875,-0.08645415306091309,0.5913299322128296,0.6532022953033447,-0.09864294528961182,0.5888852477073669,0.7111184000968933,-0.1000327318906784,Left,r
0.6252749562263489,0.6602992415428162,7.134471502467932e-08,0.5975487232208252,0.6265116333961487,-0.019992640241980553,0.5859284400939941,0.5701416730880737,-0.026613423600792885,0.6026673316955566,0.5167526602745056,-0.032577529549598694,0.6226876378059387,0.4807122051715851,-0.03639203682541847,0.5784598588943481,0.4905151128768921,-0.006566071417182684,0.5825583338737488,0.41574859619140625,-0.01917412504553795,0.5853216052055359,0.3693923354148865,-0.02910022810101509,0.5886040925979614,0.3247157335281372,-0.037488944828510284,0.6029950380325317,0.47944167256355286,-0.005164453759789467,0.5922266840934753,0.40248358249664307,-0.018709616735577583,0.5890601277351379,0.36165180802345276,-0.02702481858432293,0.5884724259376526,0.3203464150428772,-0.03214213252067566,0.6264327764511108,0.48822081089019775,-0.006940451450645924,0.6271994113922119,0.42567217350006104,-0.028845638036727905,0.6249586939811707,0.4740425646305084,-0.03014189377427101,0.6230142712593079,0.5077047348022461,-0.025809744372963905,0.6491487622261047,0.510962963104248,-0.01065852027386427,0.6463173031806946,0.48078638315200806,-0.032334309071302414,0.641994297504425,0.511162281036377,-0.03551110997796059,0.6403833031654358,0.5336362719535828,-0.03324460983276367,Left,r
0.6173316240310669,0.8928477764129639,7.406104174378925e-08,0.5441632270812988,0.8364263772964478,-0.054183486849069595,0.5049300193786621,0.7167331576347351,-0.07747384160757065,0.5280779004096985,0.6008855104446411,-0.09838220477104187,0.5670447945594788,0.5054315328598022,-0.11568795889616013,0.5059481859207153,0.5025022625923157,-0.030146172270178795,0.49781230092048645,0.3357293903827667,-0.06729263067245483,0.49325886368751526,0.22934895753860474,-0.09759870171546936,0.49096155166625977,0.12093091011047363,-0.1224026009440422,0.5541903972625732,0.475771427154541,-0.02997119538486004,0.5116492509841919,0.29166921973228455,-0.06853779405355453,0.48598116636276245,0.19664019346237183,-0.09454600512981415,0.47020506858825684,0.10192129015922546,-0.11186818033456802,0.6048715114593506,0.4952065050601959,-0.037648510187864304,0.5912428498268127,0.35401850938796997,-0.09708540886640549,0.5854935646057129,0.4664093852043152,-0.10845334082841873,0.5871601700782776,0.5470635890960693,-0.10491251945495605,0.6582759618759155,0.5479421019554138,-0.050445858389139175,0.6382618546485901,0.4985816776752472,-0.1100051999092102,0.6220496892929077,0.5902506709098816,-0.12370538711547852,0.6224198937416077,0.6577856540679932,-0.12385386228561401,Left,r
0.8255781531333923,0.8227789998054504,3.916161972483678e-07,0.7976782917976379,0.7331750392913818,-0.05423438921570778,0.7999358177185059,0.6339858770370483,-0.07251639664173126,0.8494439125061035,0.5586632490158081,-0.08522132784128189,0.8977423310279846,0.5035322308540344,-0.09400294721126556,0.7922903895378113,0.48198026418685913,-0.026337917894124985,0.8239259719848633,0.3629074692726135,-0.05061034858226776,0.8501018285751343,0.2947200536727905,-0.07162541151046753,0.8748747110366821,0.22188520431518555,-0.0881950780749321,0.8375328779220581,0.48554569482803345,-0.015161743387579918,0.8461633324623108,0.33031579852104187,-0.03800855204463005,0.8545913100242615,0.2604360580444336,-0.052264221012592316,0.8621307015419006,0.19362986087799072,-0.061398766934871674,0.8746108412742615,0.5210577845573425,-0.011513862758874893,0.9005556702613831,0.4319251775741577,-0.05460081249475479,0.8864861130714417,0.5241267085075378,-0.06150306761264801,0.8689367175102234,0.5897082090377808,-0.05528939142823219,0.9053213596343994,0.5754092931747437,-0.012687346898019314,0.9285702705383301,0.5218365788459778,-0.05441715568304062,0.906971275806427,0.5850344896316528,-0.06163553521037102,0.8830903768539429,0.636764407157898,-0.0586036778986454,Left,r
0.5865427851676941,0.8934404253959656,6.076991354575512e-09,0.5269239544868469,0.8246901035308838,-0.04516138881444931,0.4919266104698181,0.7208211421966553,-0.06508008390665054,0.5115926265716553,0.6171377301216125,-0.08426020294427872,0.5492398142814636,0.5304420590400696,-0.10058540850877762,0.4881889820098877,0.5343031287193298,-0.023148315027356148,0.48444655537605286,0.38372501730918884,-0.051486607640981674,0.4862585663795471,0.288601279258728,-0.07422833144664764,0.49020326137542725,0.1903875768184662,-0.09351082891225815,0.5350638031959534,0.5133561491966248,-0.0235263891518116,0.5055033564567566,0.3345504403114319,-0.05300305038690567,0.480316162109375,0.24407601356506348,-0.07087157666683197,0.4589172303676605,0.1652635931968689,-0.08278724551200867,0.5826606750488281,0.5351036787033081,-0.030676327645778656,0.574359655380249,0.40147316455841064,-0.08032581955194473,0.5662997961044312,0.5064697861671448,-0.08754532784223557,0.5628448724746704,0.5897091627120972,-0.08201424777507782,0.6312892436981201,0.5839945077896118,-0.04206795617938042,0.6217650771141052,0.5171626210212708,-0.09009113907814026,0.6068770289421082,0.5941890478134155,-0.09851212054491043,0.6014271974563599,0.663010835647583,-0.09643387794494629,Left,r
0.6077288389205933,0.665337085723877,4.941676223779723e-08,0.5780222415924072,0.6304985880851746,-0.017920978367328644,0.5651836395263672,0.5728198885917664,-0.023619400337338448,0.5794715285301208,0.5167557001113892,-0.029272856190800667,0.5992622971534729,0.4806588292121887,-0.03330901265144348,0.5603669881820679,0.49034422636032104,-0.002877137390896678,0.5608546733856201,0.414643257856369,-0.014126055873930454,0.5618880987167358,0.36719775199890137,-0.024009382352232933,0.5646853446960449,0.3230370879173279,-0.03237760066986084,0.5836445689201355,0.4816417098045349,-0.002523519564419985,0.5708836317062378,0.39856821298599243,-0.013723582960665226,0.5655205249786377,0.35694581270217896,-0.02108009345829487,0.5633237361907959,0.31964176893234253,-0.025976750999689102,0.6068099737167358,0.49284201860427856,-0.005375924985855818,0.6062542796134949,0.4223130941390991,-0.025544267147779465,0.6033359169960022,0.46520715951919556,-0.027067389339208603,0.6015019416809082,0.5000918507575989,-0.023316238075494766,0.6297352313995361,0.5172992944717407,-0.010063756257295609,0.6282920241355896,0.47482815384864807,-0.0303576048463583,0.6233711838722229,0.503452479839325,-0.03281136229634285,0.6216619610786438,0.530962347984314,-0.030422961339354515,Left,r
0.33532586693763733,0.817233681678772,1.1869742166936703e-07,0.2840595841407776,0.7959465980529785,-0.022974688559770584,0.24065889418125153,0.690406322479248,-0.03535228967666626,0.23697373270988464,0.5965721011161804,-0.0496588759124279,0.25942671298980713,0.5182687640190125,-0.0626889020204544,0.2467164248228073,0.5477761030197144,-0.01129708718508482,0.22508397698402405,0.419005811214447,-0.0396406352519989,0.20799526572227478,0.3281519412994385,-0.05834079906344414,0.19883036613464355,0.25256413221359253,-0.07044799625873566,0.28453120589256287,0.5325866341590881,-0.017123309895396233,0.25451141595840454,0.3846820592880249,-0.04451176896691322,0.2208503782749176,0.33104512095451355,-0.053500715643167496,0.19549399614334106,0.2942664623260498,-0.05368118733167648,0.32611793279647827,0.5422746539115906,-0.027904799208045006,0.2882113754749298,0.4432675838470459,-0.06333408504724503,0.27950775623321533,0.5475723147392273,-0.05683698132634163,0.28840187191963196,0.6274833083152771,-0.040713779628276825,0.3680964708328247,0.5697873830795288,-0.04169995337724686,0.3309909403324127,0.5021212100982666,-0.06877708435058594,0.31447118520736694,0.5493881702423096,-0.0641850158572197,0.31454211473464966,0.5923915505409241,-0.05339287593960762,Left,r
0.776428759098053,0.7605530619621277,2.00535183125794e-07,0.7384788393974304,0.7021617889404297,-0.03650881350040436,0.7283903360366821,0.6222750544548035,-0.051930736750364304,0.7597254514694214,0.570911169052124,-0.06576450914144516,0.7945319414138794,0.5380634069442749,-0.07729476690292358,0.7557370662689209,0.505289614200592,-0.017964070662856102,0.7728772759437561,0.4148596227169037,-0.03934399038553238,0.7865848541259766,0.35950952768325806,-0.05769459903240204,0.8005449175834656,0.3016009032726288,-0.0730699896812439,0.7891340255737305,0.5074172616004944,-0.0169217586517334,0.7868868112564087,0.3949655294418335,-0.03991594910621643,0.784454345703125,0.3321349620819092,-0.05545942857861519,0.7863169312477112,0.27227121591567993,-0.06584654003381729,0.817588746547699,0.5382882952690125,-0.02164747193455696,0.8284713625907898,0.45465630292892456,-0.05904948338866234,0.8103298544883728,0.5219231843948364,-0.0666123554110527,0.7991394996643066,0.5747258067131042,-0.0637463629245758,0.8449221849441528,0.5883525013923645,-0.029919888824224472,0.8466480374336243,0.5444126725196838,-0.06803778558969498,0.8254517316818237,0.5857089757919312,-0.07800911366939545,0.8126314878463745,0.6230049133300781,-0.0786743015050888,Left,r
0.5694224834442139,0.9088563919067383,1.750789664356489e-07,0.5041171312332153,0.8572012186050415,-0.042271606624126434,0.47390085458755493,0.7399448752403259,-0.06094036251306534,0.5020716190338135,0.6356500387191772,-0.0800367146730423,0.5486835837364197,0.5599000453948975,-0.09530819207429886,0.48590102791786194,0.526140570640564,-0.013514639809727669,0.4895592927932739,0.38836926221847534,-0.04614400118589401,0.4950861632823944,0.2928178012371063,-0.07406605780124664,0.5027945041656494,0.19897276163101196,-0.09833026677370071,0.5363616943359375,0.5082923769950867,-0.01925908401608467,0.5037413835525513,0.3427891135215759,-0.056758537888526917,0.4830658733844757,0.24620479345321655,-0.08438173681497574,0.47130727767944336,0.15562397241592407,-0.10264131426811218,0.5826716423034668,0.5370301604270935,-0.032272741198539734,0.5749472379684448,0.4174845218658447,-0.08795977383852005,0.5640851855278015,0.5380062460899353,-0.09569081664085388,0.5619069933891296,0.6169271469116211,-0.08993839472532272,0.6292484998703003,0.5988917946815491,-0.049779489636421204,0.6115232706069946,0.5627033710479736,-0.10596917569637299,0.5914156436920166,0.654973566532135,-0.118165023624897,0.5850151181221008,0.7181136012077332,-0.11741026490926743,Left,r
0.5366543531417847,0.9799710512161255,4.5966860540147536e-08,0.4856396019458771,0.916900098323822,-0.04387740418314934,0.459820032119751,0.8100436925888062,-0.063455730676651,0.4848449230194092,0.7203046679496765,-0.08098448067903519,0.5228986740112305,0.646602988243103,-0.09528466314077377,0.46710577607154846,0.6190761923789978,-0.028334928676486015,0.47628942131996155,0.47786185145378113,-0.058130305260419846,0.48457071185112,0.38995030522346497,-0.08046466112136841,0.49419113993644714,0.3040910065174103,-0.09833090752363205,0.5130147337913513,0.6087455153465271,-0.027517031878232956,0.4941183924674988,0.43825170397758484,-0.05704202502965927,0.47523775696754456,0.35286593437194824,-0.07169101387262344,0.4623302221298218,0.27574631571769714,-0.08032096922397614,0.5567639470100403,0.640313982963562,-0.0330887995660305,0.5584316849708557,0.5228097438812256,-0.07968611270189285,0.5400533080101013,0.6170684695243835,-0.08371501415967941,0.5298081636428833,0.6856794357299805,-0.07667052000761032,0.5991783738136292,0.7010174989700317,-0.04280972108244896,0.5875378251075745,0.6643702983856201,-0.08884421736001968,0.5650611519813538,0.7357199192047119,-0.09698574990034103,0.5568776726722717,0.7903202772140503,-0.09460069984197617,Left,r
0.604090690612793,0.7403485774993896,2.2926231224573712e-07,0.5734509229660034,0.710504412651062,-0.024814825505018234,0.564082682132721,0.6534901261329651,-0.03653179481625557,0.5821827054023743,0.6016645431518555,-0.04722515493631363,0.6061496138572693,0.5616243481636047,-0.05634085088968277,0.5633804798126221,0.5549237132072449,-0.015965580940246582,0.5720359683036804,0.47546640038490295,-0.03637436032295227,0.5774370431900024,0.42133814096450806,-0.05224984511733055,0.5843669772148132,0.3712925314903259,-0.0637211725115776,0.5895607471466064,0.5488573908805847,-0.015660230070352554,0.5777731537818909,0.4554626941680908,-0.03322652354836464,0.5681906938552856,0.40184280276298523,-0.041858308017253876,0.5633688569068909,0.35082077980041504,-0.045942895114421844,0.6148452758789062,0.5673056840896606,-0.019221274182200432,0.615630030632019,0.5048450827598572,-0.045906294137239456,0.6064204573631287,0.5697969198226929,-0.04409303143620491,0.6021262407302856,0.6138274073600769,-0.03523296117782593,0.6378585696220398,0.601603627204895,-0.025393415242433548,0.6350749731063843,0.5626960396766663,-0.05188063532114029,0.6247330904006958,0.6036122441291809,-0.05298896133899689,0.6209646463394165,0.6333232522010803,-0.04723116382956505,Left,r
0.3214060664176941,0.8849683403968811,-4.7900790889343625e-08,0.2634313702583313,0.8596035242080688,-0.04760436713695526,0.22745352983474731,0.7782778739929199,-0.07438267767429352,0.24714499711990356,0.6996524333953857,-0.09916208684444427,0.2799336612224579,0.6233973503112793,-0.12048085033893585,0.21470177173614502,0.5579892992973328,-0.04576011374592781,0.2014712691307068,0.4359740912914276,-0.09235703945159912,0.1950002759695053,0.34771135449409485,-0.12687033414840698,0.19430482387542725,0.26294803619384766,-0.15241388976573944,0.26730355620384216,0.5286232233047485,-0.04930132254958153,0.22191831469535828,0.3695191740989685,-0.09526454657316208,0.1788744479417801,0.28605133295059204,-0.12018847465515137,0.1484161764383316,0.20758935809135437,-0.1337064951658249,0.32033559679985046,0.55061936378479,-0.05878094583749771,0.2927173674106598,0.45488977432250977,-0.11930209398269653,0.278165340423584,0.5811327695846558,-0.1202852725982666,0.27922454476356506,0.6643494367599487,-0.10781270265579224,0.36990445852279663,0.6085081696510315,-0.07263869047164917,0.33188074827194214,0.602294921875,-0.12664760649204254,0.31119292974472046,0.68773353099823,-0.131297305226326,0.3117455244064331,0.7373863458633423,-0.12387044727802277,Left,r
0.7895407676696777,0.7802162766456604,4.997442033527477e-07,0.7534242868423462,0.7238386869430542,-0.06962849944829941,0.7413309216499329,0.6463474631309509,-0.09566409885883331,0.7663184404373169,0.5712742805480957,-0.11353777348995209,0.8014399409294128,0.4988213777542114,-0.12789367139339447,0.7121202349662781,0.5168807506561279,-0.03966054692864418,0.7198761105537415,0.40476539731025696,-0.06958596408367157,0.727903425693512,0.3274872303009033,-0.09057221561670303,0.7346968054771423,0.25329703092575073,-0.10502289235591888,0.7490368485450745,0.5106035470962524,-0.022641364485025406,0.7334360480308533,0.37927380204200745,-0.05487660691142082,0.7274315357208252,0.3089045286178589,-0.07124175876379013,0.720816969871521,0.240255206823349,-0.07752953469753265,0.7861014008522034,0.5293282270431519,-0.01544119231402874,0.7936404347419739,0.4549902677536011,-0.07057710736989975,0.7947428822517395,0.5415850281715393,-0.08549931645393372,0.7922142744064331,0.5906459093093872,-0.08072569221258163,0.8214770555496216,0.5504642128944397,-0.013552816584706306,0.830647885799408,0.508605420589447,-0.06544868648052216,0.8219039440155029,0.5735571980476379,-0.08091156929731369,0.8117798566818237,0.6166677474975586,-0.08149456977844238,Left,r
0.653953492641449,0.526439368724823,5.126735231897328e-07,0.6884267926216125,0.5768870115280151,-0.03999517112970352,0.7316825985908508,0.6165879964828491,-0.04940580949187279,0.7633895874023438,0.660737931728363,-0.04937399923801422,0.7854486703872681,0.7093643546104431,-0.0440189503133297,0.7658592462539673,0.4434306025505066,-0.020615587010979652,0.8191739916801453,0.494157075881958,-0.037170976400375366,0.8560646176338196,0.5395380854606628,-0.051979947835206985,0.8853633403778076,0.5721755027770996,-0.06057679280638695,0.7645995616912842,0.43749529123306274,-0.0015426246682181954,0.8028008937835693,0.5458157658576965,-0.02675018459558487,0.7709923982620239,0.5692241191864014,-0.03935683146119118,0.7508649230003357,0.5441067218780518,-0.03934997692704201,0.7654068470001221,0.44388073682785034,0.013766167685389519,0.8007940649986267,0.5365028977394104,-0.010487635619938374,0.7661818265914917,0.5562729239463806,-0.012769210152328014,0.7552250623703003,0.5299585461616516,-0.004556805361062288,0.7652307748794556,0.4426026940345764,0.026542849838733673,0.7905033826828003,0.5173642635345459,0.01440596766769886,0.7731557488441467,0.5422910451889038,0.016622962430119514,0.7641588449478149,0.5241601467132568,0.024320876225829124,Right,q
0.4151057302951813,0.4893803000450134,1.8044791261218052e-07,0.46348536014556885,0.4836067259311676,-0.06722783297300339,0.5286370515823364,0.4970160722732544,-0.07020238786935806,0.5861585736274719,0.5484188795089722,-0.05225009471178055,0.6130622625350952,0.629338264465332,-0.023183243349194527,0.5787765383720398,0.4176817536354065,-0.044185757637023926,0.6625317931175232,0.46793657541275024,-0.05368069186806679,0.712706446647644,0.49343982338905334,-0.0585150308907032,0.7578628063201904,0.5137616395950317,-0.061450760811567307,0.5753470063209534,0.443591445684433,-0.0033173959236592054,0.6320182085037231,0.5505600571632385,-0.016355793923139572,0.5919095873832703,0.5552086234092712,-0.01834711991250515,0.5626961588859558,0.5266019701957703,-0.013460174202919006,0.5707113742828369,0.4831763803958893,0.03112407587468624,0.6265136003494263,0.5729590654373169,0.009774723090231419,0.5841020941734314,0.5706053972244263,0.002345228800550103,0.5631393194198608,0.543732762336731,0.006341162137687206,0.5693227648735046,0.5195971727371216,0.06138673797249794,0.6002654433250427,0.5928378701210022,0.040610119700431824,0.5988343954086304,0.6477076411247253,0.02358042262494564,0.6058245897293091,0.6718064546585083,0.016966136172413826,Right,q
0.4395756125450134,0.39903172850608826,4.80515438994189e-07,0.4841519296169281,0.45598599314689636,-0.10837937891483307,0.5531429052352905,0.4965410530567169,-0.1270289272069931,0.6156052350997925,0.5513010621070862,-0.1133793368935585,0.6698943972587585,0.6085652112960815,-0.08735386282205582,0.628228485584259,0.29342859983444214,-0.10622197389602661,0.727455735206604,0.3087518811225891,-0.13448812067508698,0.7912595272064209,0.3227962851524353,-0.1514265239238739,0.8435999751091003,0.32521313428878784,-0.15990184247493744,0.6263254284858704,0.3084618151187897,-0.04429614916443825,0.7089694142341614,0.4215121269226074,-0.07132125645875931,0.6637176275253296,0.4998616576194763,-0.07826260477304459,0.6242727041244507,0.5104718804359436,-0.07459630072116852,0.6250700950622559,0.3400980234146118,0.010382012464106083,0.6898065209388733,0.43612784147262573,-0.02299712784588337,0.6357454061508179,0.49376681447029114,-0.034240588545799255,0.6061199307441711,0.48579031229019165,-0.03023923560976982,0.6237029433250427,0.360458642244339,0.05791730061173439,0.6509600877761841,0.43827250599861145,0.02829916402697563,0.6197196841239929,0.48117294907569885,0.012035289779305458,0.5975637435913086,0.46221208572387695,0.008636236190795898,Left,q
0.5128931403160095,0.558771550655365,2.2890000650477305e-07,0.5402694940567017,0.5981712341308594,-0.060058046132326126,0.5829336643218994,0.6256332993507385,-0.06985827535390854,0.6178632378578186,0.6650042533874512,-0.060445208102464676,0.6458182334899902,0.7088879942893982,-0.04357777535915375,0.6172423362731934,0.49910569190979004,-0.06374185532331467,0.6723440885543823,0.5285370349884033,-0.08136335760354996,0.7088449597358704,0.5385231971740723,-0.09362052381038666,0.7423977851867676,0.5389450192451477,-0.1007152870297432,0.6167762875556946,0.4908634424209595,-0.02848200686275959,0.660629391670227,0.5742855072021484,-0.04166899621486664,0.627929151058197,0.6027482748031616,-0.0418207123875618,0.6053802371025085,0.587518572807312,-0.03811030834913254,0.6184678077697754,0.4980170726776123,0.0025741038843989372,0.6551833152770996,0.5689835548400879,-0.014124101959168911,0.6183554530143738,0.5908554196357727,-0.015515471808612347,0.6053945422172546,0.5698018670082092,-0.010880122892558575,0.6213831901550293,0.49981051683425903,0.029653074219822884,0.6389604806900024,0.55657559633255,0.016468528658151627,0.6178720593452454,0.5762736797332764,0.011928937397897243,0.6073278784751892,0.555245041847229,0.01213069073855877,Left,q
0.36079323291778564,0.4667584002017975,2.1323283760921186e-07,0.38902682065963745,0.48410022258758545,-0.05276937410235405,0.43563881516456604,0.49590739607810974,-0.06382248550653458,0.4810440242290497,0.5357529520988464,-0.05962949991226196,0.5114577412605286,0.5895037055015564,-0.0486326590180397,0.4656745195388794,0.35030996799468994,-0.05825340375304222,0.5456283688545227,0.3458205759525299,-0.07405398041009903,0.5918070673942566,0.3464352488517761,-0.08136985450983047,0.6311793923377991,0.3380180597305298,-0.08608576655387878,0.4750369191169739,0.3600623607635498,-0.03071981482207775,0.5317977070808411,0.43281903862953186,-0.04638415202498436,0.5017508864402771,0.4753982722759247,-0.04547014459967613,0.4774085581302643,0.4692167341709137,-0.041096221655607224,0.4797954559326172,0.3811074495315552,-0.006687806453555822,0.5285608172416687,0.441360741853714,-0.027970194816589355,0.4939773976802826,0.47593873739242554,-0.02668723650276661,0.47460031509399414,0.4596479535102844,-0.019612783566117287,0.4816364049911499,0.3975454270839691,0.013937455601990223,0.5136899352073669,0.44426602125167847,-0.005611620843410492,0.49579063057899475,0.47487449645996094,-0.009859278798103333,0.48144716024398804,0.4615629315376282,-0.008319996297359467,Left,q
0.5634116530418396,0.5484619736671448,1.9878119417171547e-07,0.5893955826759338,0.559884786605835,-0.04116767644882202,0.6243692636489868,0.5648444294929504,-0.04663916677236557,0.6557120680809021,0.5867763757705688,-0.041492849588394165,0.6768103837966919,0.6162914633750916,-0.031163664534687996,0.6530522704124451,0.46440669894218445,-0.027245795354247093,0.7013649344444275,0.4798387885093689,-0.034371256828308105,0.7294600009918213,0.4905463755130768,-0.03781694546341896,0.7527266144752502,0.4949776232242584,-0.039468757808208466,0.6533602476119995,0.4831741452217102,-0.00515728211030364,0.6886587738990784,0.5316848158836365,-0.017134420573711395,0.6703742742538452,0.553348958492279,-0.020482446998357773,0.6558535099029541,0.5468196868896484,-0.017910175025463104,0.6533836722373962,0.5062194466590881,0.013285906985402107,0.6811505556106567,0.5471388101577759,-0.0021691799629479647,0.6601232886314392,0.5611205697059631,-0.006410017143934965,0.6506360769271851,0.5452340245246887,-0.0031370134092867374,0.6520602107048035,0.5213711261749268,0.028905948624014854,0.6704748868942261,0.5550153255462646,0.01679876632988453,0.6586928963661194,0.5697938203811646,0.012024777010083199,0.6497166156768799,0.5547377467155457,0.012833913788199425,Left,q
0.7572916150093079,0.5529211163520813,1.85179217737641e-07,0.7898530960083008,0.5708211660385132,-0.04696374386548996,0.8300449848175049,0.5831156373023987,-0.04764838144183159,0.8606045246124268,0.6083781719207764,-0.032998256385326385,0.8885042071342468,0.6326248645782471,-0.011745527386665344,0.856033980846405,0.4638307988643646,-0.03389131650328636,0.9032593369483948,0.490344762802124,-0.04201284423470497,0.9361583590507507,0.506920337677002,-0.04908997192978859,0.9635148048400879,0.5185513496398926,-0.05288880690932274,0.8480905294418335,0.4837705194950104,-0.00368877244181931,0.8842912316322327,0.5475274920463562,-0.015060754492878914,0.8582854866981506,0.5702635645866394,-0.01981540024280548,0.8379313945770264,0.5577083826065063,-0.01801745779812336,0.8472381830215454,0.5090582370758057,0.02258015051484108,0.8773320317268372,0.5602911114692688,0.00933324359357357,0.847939670085907,0.577203631401062,0.0028505693189799786,0.8368010520935059,0.5575781464576721,0.00416365684941411,0.8485590219497681,0.5220198631286621,0.04588891565799713,0.8629457354545593,0.5636501908302307,0.034270744770765305,0.8449782729148865,0.5754256844520569,0.02643600106239319,0.8332998156547546,0.5551673173904419,0.02489306405186653,Left,q
0.45706239342689514,0.5337421894073486,2.577486668542406e-07,0.4800815284252167,0.5470520257949829,-0.03954697400331497,0.5120570659637451,0.5517767667770386,-0.0442483015358448,0.5392230153083801,0.5673573613166809,-0.036757517606019974,0.5588151216506958,0.5895012617111206,-0.024149373173713684,0.5277298092842102,0.4542354345321655,-0.03752107545733452,0.5712922215461731,0.46470871567726135,-0.04660104587674141,0.5981197357177734,0.47437751293182373,-0.0531502403318882,0.6206265091896057,0.4788394570350647,-0.057124651968479156,0.528414785861969,0.46491503715515137,-0.013982320204377174,0.5635496377944946,0.5086753964424133,-0.022286677733063698,0.5505657196044922,0.5390763282775879,-0.024849895387887955,0.5384722948074341,0.5407235622406006,-0.024266695603728294,0.5309738516807556,0.4840441048145294,0.006914755795150995,0.5609095692634583,0.5213972926139832,-0.002698027528822422,0.5414578318595886,0.5434423089027405,-0.0048763444647192955,0.5309546589851379,0.5344298481941223,-0.0028374497778713703,0.5337012410163879,0.4960271120071411,0.02486494928598404,0.549788236618042,0.5289539098739624,0.015673067420721054,0.5393615365028381,0.5444591045379639,0.010774766094982624,0.5312167406082153,0.5338214039802551,0.010090481489896774,Left,q
0.4664267897605896,0.5294216871261597,2.7299421390125644e-07,0.48677462339401245,0.539391040802002,-0.03480749949812889,0.5201762318611145,0.5461549758911133,-0.04094131290912628,0.5494012832641602,0.5659237504005432,-0.03794117644429207,0.5696375966072083,0.5925018191337585,-0.030773691833019257,0.5400465726852417,0.44882625341415405,-0.026290740817785263,0.5849822163581848,0.46121057868003845,-0.03313632681965828,0.6120267510414124,0.47401291131973267,-0.03665224835276604,0.6340286731719971,0.4804343581199646,-0.03869768604636192,0.5422718524932861,0.4613723158836365,-0.00802969466894865,0.5778995752334595,0.5096946954727173,-0.020189078524708748,0.5621284246444702,0.5345535278320312,-0.023000575602054596,0.5482082366943359,0.5302335023880005,-0.020429491996765137,0.5437005758285522,0.48030003905296326,0.007514784578233957,0.5719404220581055,0.523979663848877,-0.0061095659621059895,0.5529852509498596,0.5409520864486694,-0.007522368337959051,0.542524516582489,0.5285587906837463,-0.003262341022491455,0.5431681275367737,0.49519258737564087,0.020610127598047256,0.5597054362297058,0.5330902338027954,0.009877474047243595,0.5482197999954224,0.5455573201179504,0.006711210589855909,0.5398566126823425,0.5315389633178711,0.00808665994554758,Left,q
0.4919043779373169,0.46802401542663574,2.012566824305395e-07,0.5114431381225586,0.4766421318054199,-0.07231424003839493,0.5485222339630127,0.4874175190925598,-0.08828809857368469,0.5845524668693542,0.5196911096572876,-0.0832642987370491,0.616909921169281,0.5622075796127319,-0.07017941772937775,0.5911294221878052,0.3513587713241577,-0.07611599564552307,0.6551188230514526,0.3596104681491852,-0.09746359288692474,0.694663405418396,0.355939120054245,-0.1076945811510086,0.728087842464447,0.3461064100265503,-0.11243046075105667,0.5943922996520996,0.36996209621429443,-0.03619443625211716,0.6348289847373962,0.4406615197658539,-0.055763620883226395,0.6026350259780884,0.4639618396759033,-0.053244732320308685,0.5836969017982483,0.44447842240333557,-0.0459732711315155,0.598168671131134,0.3934252858161926,-0.002103787614032626,0.6320158243179321,0.4532707631587982,-0.028947114944458008,0.5942199230194092,0.47102728486061096,-0.030447283759713173,0.5826401710510254,0.44539663195610046,-0.023483559489250183,0.6017429828643799,0.41055887937545776,0.027527054771780968,0.6228630542755127,0.45352014899253845,0.002109433524310589,0.6053454279899597,0.4810854196548462,-0.0071655805222690105,0.595058023929596,0.46904462575912476,-0.00777627807110548,Left,q
0.7162604331970215,0.5931604504585266,3.8093986631793086e-07,0.7357710003852844,0.638249397277832,-0.06114862859249115,0.7755303978919983,0.6725187301635742,-0.08125028759241104,0.8117002844810486,0.7099606990814209,-0.08262545615434647,0.842623770236969,0.7517406940460205,-0.07903721183538437,0.8108772039413452,0.5302574038505554,-0.08987929672002792,0.879031240940094,0.557390034198761,-0.1094290167093277,0.9209445714950562,0.5756158828735352,-0.12073968350887299,0.9551448822021484,0.577893078327179,-0.1271965354681015,0.8160090446472168,0.5172024965286255,-0.055063191801309586,0.8790208697319031,0.5774498581886292,-0.06502871215343475,0.8642272353172302,0.6360355615615845,-0.06053290143609047,0.8423239588737488,0.6464269757270813,-0.0565536804497242,0.8203377723693848,0.5205656886100769,-0.022245299071073532,0.876339852809906,0.5718697905540466,-0.03254953399300575,0.8581469058990479,0.6207653284072876,-0.030383646488189697,0.8414247035980225,0.6251342296600342,-0.026963450014591217,0.8244773745536804,0.525618314743042,0.006583400070667267,0.8627217411994934,0.5685646533966064,-0.0043052625842392445,0.8606950044631958,0.6096566915512085,-0.008681334555149078,0.8537549376487732,0.6132989525794983,-0.010273308493196964,Left,q
0.49537718296051025,0.5380635857582092,3.541305204635137e-07,0.5300621390342712,0.563572347164154,-0.025619052350521088,0.5653436779975891,0.5841161608695984,-0.026119323447346687,0.5912269353866577,0.6108997464179993,-0.02029257081449032,0.611814558506012,0.6357106566429138,-0.011736554093658924,0.5862047076225281,0.4847833216190338,0.005001465789973736,0.6196801066398621,0.5098336338996887,0.01789044961333275,0.6355977654457092,0.5330265164375305,0.022818272933363914,0.6468089818954468,0.545745313167572,0.024826746433973312,0.5803408622741699,0.48893484473228455,0.023982934653759003,0.6099995374679565,0.5276008248329163,0.032419200986623764,0.6064437031745911,0.562389612197876,0.028563395142555237,0.5950886607170105,0.5799221396446228,0.025969630107283592,0.5740352272987366,0.5001186728477478,0.04109370335936546,0.5994274616241455,0.5310062766075134,0.047792356461286545,0.5962768197059631,0.5604185461997986,0.0405292883515358,0.5886166095733643,0.5732298493385315,0.035435184836387634,0.5690619349479675,0.5087528228759766,0.05623216554522514,0.5884041786193848,0.5347954630851746,0.06039725989103317,0.5884233713150024,0.5586882829666138,0.05593723803758621,0.584553599357605,0.5691043734550476,0.052852731198072433,Left,q
0.7185823321342468,0.5960021018981934,2.4550459443162254e-07,0.7536647319793701,0.6319901943206787,-0.04731008782982826,0.794632077217102,0.6601947546005249,-0.053256720304489136,0.8283026814460754,0.7049705982208252,-0.045877907425165176,0.8498972654342651,0.7489762902259827,-0.03248409554362297,0.8389996886253357,0.5442472100257874,-0.034666720777750015,0.8972960114479065,0.5802719593048096,-0.04161950573325157,0.9311420917510986,0.6049714088439941,-0.047630343586206436,0.9603258371353149,0.6152273416519165,-0.051644470542669296,0.8372119069099426,0.5517822504043579,-0.006663462612777948,0.8831860423088074,0.6108272671699524,-0.01181675586849451,0.8608642220497131,0.6529444456100464,-0.013243013061583042,0.8406139016151428,0.6548513770103455,-0.011849218979477882,0.8329161405563354,0.5689557790756226,0.01748039573431015,0.8720234632492065,0.6180707216262817,0.009562867693603039,0.8474558591842651,0.6518365144729614,0.005732692312449217,0.8318003416061401,0.6441164612770081,0.006722683552652597,0.8284806609153748,0.5790476202964783,0.03782789781689644,0.8519977927207947,0.6223167777061462,0.028654921799898148,0.8384676575660706,0.6512060761451721,0.022159777581691742,0.8251706957817078,0.6406620144844055,0.020609676837921143,Right,q
0.5583541393280029,0.49103301763534546,2.9373606480476155e-07,0.6008415222167969,0.5361905694007874,-0.008594081737101078,0.6384981870651245,0.5739616751670837,-0.011334424838423729,0.6691226959228516,0.620823860168457,-0.014550144784152508,0.6918432116508484,0.6645203232765198,-0.015478315763175488,0.6782505512237549,0.4180062413215637,0.0074109360575675964,0.7393655776977539,0.43084341287612915,-0.002048519439995289,0.7797266840934753,0.45373350381851196,-0.011267966590821743,0.8117268085479736,0.46305176615715027,-0.01843094639480114,0.6785092949867249,0.41209667921066284,0.00595430564135313,0.7293351888656616,0.49212560057640076,-0.014785729348659515,0.7012150883674622,0.5407384634017944,-0.023687846958637238,0.6762459874153137,0.5372570157051086,-0.023642124608159065,0.6759527921676636,0.4147462546825409,0.002474685199558735,0.7247762680053711,0.48664891719818115,-0.019360797479748726,0.6959989666938782,0.5264930725097656,-0.017209764569997787,0.6738374829292297,0.5171477794647217,-0.00807636883109808,0.6720526814460754,0.41287755966186523,-0.0017493979539722204,0.7117232084274292,0.46255800127983093,-0.019132643938064575,0.7094847559928894,0.4991644620895386,-0.0192638598382473,0.7059519290924072,0.49898970127105713,-0.01418631337583065,Right,q
0.5503355860710144,0.5431625843048096,3.345768391227466e-07,0.5826336741447449,0.5576885342597961,-0.038888294249773026,0.6217908263206482,0.5726950168609619,-0.045838743448257446,0.6550065875053406,0.6082178950309753,-0.043567363172769547,0.678440272808075,0.6426271796226501,-0.03698442131280899,0.6477971076965332,0.46593594551086426,-0.02140853740274906,0.6935588717460632,0.48734042048454285,-0.02501404657959938,0.7214969992637634,0.5058935284614563,-0.028620902448892593,0.7438652515411377,0.5161498785018921,-0.031113125383853912,0.6475597023963928,0.4797515869140625,0.0003718783555086702,0.6880657076835632,0.5245897173881531,-0.008468006737530231,0.6767071485519409,0.5623958706855774,-0.014029796235263348,0.6613948941230774,0.5722853541374207,-0.01408159825950861,0.6457317471504211,0.4999274015426636,0.01911771669983864,0.6797253489494324,0.5378144979476929,0.008914483711123466,0.6658345460891724,0.5640608668327332,0.0036697511095553637,0.6530609726905823,0.5610721111297607,0.004617286380380392,0.6440877318382263,0.5139294266700745,0.03499918431043625,0.6675052642822266,0.5485934615135193,0.02671448141336441,0.6604294776916504,0.5687369704246521,0.021379219368100166,0.6512351036071777,0.5632281303405762,0.020857393741607666,Left,q
0.6597705483436584,0.5069214701652527,4.805152116205136e-07,0.678869903087616,0.5271680951118469,-0.07286518812179565,0.7097636461257935,0.5774175524711609,-0.08980758488178253,0.7366197109222412,0.6577939391136169,-0.09062157571315765,0.7633243799209595,0.7186326384544373,-0.08552970737218857,0.8001469373703003,0.502567708492279,-0.052929025143384933,0.866489827632904,0.5335869193077087,-0.06981738656759262,0.9118987321853638,0.5585629940032959,-0.08459821343421936,0.9460575580596924,0.5810703039169312,-0.09517169743776321,0.7923368215560913,0.5466009974479675,-0.019341491162776947,0.8306296467781067,0.6252757906913757,-0.046800270676612854,0.8058383464813232,0.6828758716583252,-0.06627026945352554,0.7748869061470032,0.7089296579360962,-0.07294405996799469,0.7802337408065796,0.5856454968452454,0.008250616490840912,0.8122851252555847,0.6559972167015076,-0.02166694961488247,0.7846501469612122,0.6959970593452454,-0.04260339215397835,0.761475145816803,0.7098214030265808,-0.048474282026290894,0.7681506872177124,0.6144894957542419,0.030894657596945763,0.7906183004379272,0.6719005703926086,0.003911664709448814,0.7741535305976868,0.7061434984207153,-0.013547291047871113,0.7567011117935181,0.7141043543815613,-0.01984003745019436,Left,p
0.5684312582015991,0.4403550326824188,5.485300675900362e-07,0.5667787790298462,0.4614446759223938,-0.10419648885726929,0.5993210077285767,0.522417426109314,-0.13773849606513977,0.6362475156784058,0.609177827835083,-0.14832806587219238,0.6829507350921631,0.6714763641357422,-0.15151667594909668,0.7007178068161011,0.3881463408470154,-0.11366964876651764,0.7869505286216736,0.38081613183021545,-0.15787087380886078,0.849772572517395,0.369642049074173,-0.18969111144542694,0.8972991108894348,0.3559371829032898,-0.20997822284698486,0.7006927132606506,0.43121537566185,-0.07039622962474823,0.757173478603363,0.5154900550842285,-0.12171517312526703,0.7187153100967407,0.5872098207473755,-0.1497756987810135,0.6761420965194702,0.6170647144317627,-0.16076676547527313,0.696262776851654,0.48297813534736633,-0.03419234976172447,0.7449241280555725,0.5587695240974426,-0.0870898962020874,0.7040572166442871,0.601571261882782,-0.11297546327114105,0.6742686033248901,0.608461856842041,-0.1195734292268753,0.6951127648353577,0.5311519503593445,-0.00445515476167202,0.7195402383804321,0.5832939743995667,-0.04671347513794899,0.692734956741333,0.6146785616874695,-0.06676772236824036,0.6691727638244629,0.6148515343666077,-0.07418324798345566,Left,p
0.641423225402832,0.5114545226097107,3.8147027225932106e-07,0.6528404951095581,0.5294861197471619,-0.051283132284879684,0.6721509099006653,0.5667497515678406,-0.06125988811254501,0.6951860189437866,0.6212002038955688,-0.05959339812397957,0.7237346768379211,0.6568531394004822,-0.05397484079003334,0.7333940267562866,0.4972783327102661,-0.035956136882305145,0.7750020027160645,0.49977627396583557,-0.05397249385714531,0.8051820993423462,0.5058467984199524,-0.07258789241313934,0.8298001289367676,0.5090997815132141,-0.0850444808602333,0.733734130859375,0.5162747502326965,-0.012110251002013683,0.7613465189933777,0.577913224697113,-0.035314857959747314,0.7378527522087097,0.6199231743812561,-0.057722415775060654,0.7158970236778259,0.6312652230262756,-0.06880935281515121,0.7293033599853516,0.5441706776618958,0.007593302987515926,0.7479739189147949,0.6060633063316345,-0.020029498264193535,0.7170059084892273,0.6218796968460083,-0.040955085307359695,0.6987649202346802,0.6092917323112488,-0.047697730362415314,0.7288448810577393,0.5716795921325684,0.024439280852675438,0.7393879294395447,0.6154623031616211,0.002310597337782383,0.7211953997612,0.629776120185852,-0.011128600686788559,0.708071231842041,0.6175838112831116,-0.016100840643048286,Left,p
0.2067292034626007,0.5054104924201965,4.7477317366428906e-07,0.24574732780456543,0.5779305100440979,-0.0057144914753735065,0.28906285762786865,0.6151162385940552,-0.004991320893168449,0.3242892026901245,0.6658448576927185,-0.0047888378612697124,0.35621875524520874,0.7118510007858276,-0.004021795466542244,0.3420450687408447,0.4811483919620514,0.019982175901532173,0.3997855484485626,0.4926472306251526,0.01870402693748474,0.4373885989189148,0.5059542059898376,0.007320523727685213,0.4704322814941406,0.5073291659355164,-0.0036252427380532026,0.3409038484096527,0.4751320779323578,0.017640290781855583,0.39491790533065796,0.5458970069885254,0.0031416919082403183,0.3883577883243561,0.6321861743927002,-0.021247664466500282,0.36824995279312134,0.6880695223808289,-0.0355718731880188,0.3401128053665161,0.4755534529685974,0.014088490046560764,0.39187851548194885,0.5339431762695312,0.004161141812801361,0.384604275226593,0.6179231405258179,-0.010189671069383621,0.37075677514076233,0.6725740432739258,-0.018001718446612358,0.340433806180954,0.47539880871772766,0.009858033619821072,0.39542174339294434,0.4954332411289215,0.004453261848539114,0.42721354961395264,0.5162711143493652,-0.0029153909999877214,0.45223119854927063,0.5254926681518555,-0.008537300862371922,Right,p
0.5583547949790955,0.5147281885147095,6.088810096116504e-07,0.5868756175041199,0.5638715624809265,-0.06745528429746628,0.6349985003471375,0.5942844748497009,-0.07687769085168839,0.6714487671852112,0.6349356174468994,-0.0644972026348114,0.7072750926017761,0.6740381121635437,-0.044932086020708084,0.685869574546814,0.4655129909515381,-0.06502269208431244,0.746962308883667,0.4749417006969452,-0.07956864684820175,0.7901943922042847,0.49299460649490356,-0.09548289328813553,0.8205813765525818,0.5120516419410706,-0.10494593530893326,0.6778596639633179,0.46855247020721436,-0.02131274901330471,0.734226405620575,0.5192136168479919,-0.028752638027071953,0.7377934455871582,0.5911263823509216,-0.039168450981378555,0.7250946760177612,0.6413364410400391,-0.04574587568640709,0.6743602156639099,0.48505347967147827,0.018311399966478348,0.7267332077026367,0.5310041904449463,0.010256657376885414,0.7204781770706177,0.5955894589424133,-0.006471567787230015,0.7108436226844788,0.6360083818435669,-0.01612999103963375,0.6750929951667786,0.5005149841308594,0.05353961139917374,0.7034979462623596,0.5458165407180786,0.04253927618265152,0.7043876647949219,0.5946518182754517,0.026341034099459648,0.7007781863212585,0.6223365664482117,0.01665194146335125,Left,p
0.34480220079421997,0.48656216263771057,5.758856218562869e-07,0.3727298378944397,0.5458857417106628,-0.04753179848194122,0.4159686267375946,0.5851289629936218,-0.05418883636593819,0.44738730788230896,0.6334773302078247,-0.04856223240494728,0.47588875889778137,0.6836093664169312,-0.03790133073925972,0.47497066855430603,0.4746190309524536,-0.020095357671380043,0.5317326784133911,0.49833327531814575,-0.024042345583438873,0.5712454319000244,0.5129787921905518,-0.0369972363114357,0.6031248569488525,0.5189332365989685,-0.04754013195633888,0.46720656752586365,0.47570860385894775,0.007765035144984722,0.5161922574043274,0.5438101887702942,2.475121982570272e-05,0.510976254940033,0.6128031611442566,-0.020777063444256783,0.49240049719810486,0.6515923142433167,-0.03440239280462265,0.46272918581962585,0.4877363443374634,0.03221428394317627,0.5099183917045593,0.5545849204063416,0.027474483475089073,0.4985012412071228,0.6190139651298523,0.009008708409965038,0.4812500476837158,0.6540434956550598,-0.002383909886702895,0.4615396559238434,0.49762725830078125,0.052966490387916565,0.491308331489563,0.5543684959411621,0.04972149059176445,0.49497291445732117,0.6009005904197693,0.03741796687245369,0.4938989281654358,0.6256495118141174,0.02887384220957756,Right,p
0.326384961605072,0.40440094470977783,5.078310323369806e-07,0.36099445819854736,0.47543203830718994,-0.1144348680973053,0.4314959645271301,0.5395427942276001,-0.13135354220867157,0.4798404574394226,0.6321829557418823,-0.11264888197183609,0.5282898545265198,0.7164291143417358,-0.07995892316102982,0.5367791056632996,0.3788355588912964,-0.10907479375600815,0.6316871047019958,0.4429383873939514,-0.13401509821414948,0.6961286067962646,0.46979469060897827,-0.15832944214344025,0.7463504672050476,0.4801512658596039,-0.17343373596668243,0.5241109132766724,0.38965854048728943,-0.040928348898887634,0.6041278839111328,0.5107812285423279,-0.058554697781801224,0.5800081491470337,0.6207230687141418,-0.07863534986972809,0.5404547452926636,0.6831643581390381,-0.09151230752468109,0.5190068483352661,0.4212195873260498,0.019623560830950737,0.5907846689224243,0.5287185907363892,0.002767740050330758,0.5603854060173035,0.6221395134925842,-0.027608338743448257,0.5345385074615479,0.6710373163223267,-0.04598464071750641,0.5177404880523682,0.4518897831439972,0.07202880084514618,0.553892195224762,0.5399065017700195,0.05701660364866257,0.5450248122215271,0.6118209362030029,0.029678305611014366,0.5362270474433899,0.6398100256919861,0.010697729885578156,Left,p
0.39402711391448975,0.5167620778083801,3.1623906693312165e-07,0.40422317385673523,0.5424542427062988,-0.045744527131319046,0.4309048056602478,0.5764909982681274,-0.05311501398682594,0.45284080505371094,0.6180871725082397,-0.046913016587495804,0.4745703339576721,0.6510732769966125,-0.036232709884643555,0.47585195302963257,0.5159211158752441,-0.04382675513625145,0.5153437852859497,0.5272389054298401,-0.05532461777329445,0.5447005033493042,0.5337033867835999,-0.06681402772665024,0.563788115978241,0.5402413606643677,-0.0742420181632042,0.4736088216304779,0.5235272645950317,-0.017026130110025406,0.5054612755775452,0.5603463053703308,-0.026286501437425613,0.5007747411727905,0.6043490171432495,-0.036353934556245804,0.48717671632766724,0.6316943168640137,-0.04291696473956108,0.4699837863445282,0.5407007336616516,0.006706207059323788,0.49781909584999084,0.5863350033760071,-0.005952174309641123,0.48511144518852234,0.6202945113182068,-0.022802002727985382,0.472051739692688,0.635243833065033,-0.032187480479478836,0.46914637088775635,0.55927574634552,0.028020663186907768,0.48236265778541565,0.5995862483978271,0.014004465192556381,0.47483834624290466,0.6269304156303406,-0.0006827107281424105,0.4673320949077606,0.6380612850189209,-0.009535707533359528,Left,p
0.1930665522813797,0.379657506942749,6.240578045435541e-07,0.21230599284172058,0.4689469635486603,-0.06504831463098526,0.26439517736434937,0.5232454538345337,-0.06934996694326401,0.3132082223892212,0.5902698040008545,-0.05198642984032631,0.3593364357948303,0.6491963267326355,-0.02853327803313732,0.34422266483306885,0.3611670136451721,-0.048150550574064255,0.42291682958602905,0.3655068874359131,-0.05963536351919174,0.4821748733520508,0.36726075410842896,-0.08086691051721573,0.5268628597259521,0.36041128635406494,-0.09662233293056488,0.3508700430393219,0.36710047721862793,-0.003322419710457325,0.4014933705329895,0.45900073647499084,-0.004767092876136303,0.38536426424980164,0.5459217429161072,-0.023117883130908012,0.3623533844947815,0.5861334800720215,-0.03890948370099068,0.35679304599761963,0.3888334631919861,0.03679237514734268,0.4085211753845215,0.4927421808242798,0.028723077848553658,0.37871912121772766,0.5666252970695496,0.0007839485188014805,0.35554808378219604,0.5981693863868713,-0.018541138619184494,0.36913731694221497,0.4181593358516693,0.07397975027561188,0.4040933847427368,0.48850539326667786,0.06151444464921951,0.39487960934638977,0.536044716835022,0.04035135731101036,0.38494572043418884,0.5573424696922302,0.02495850808918476,Left,p
0.5228002667427063,0.4733369052410126,3.171289506553876e-07,0.5380666255950928,0.4894564747810364,-0.060480207204818726,0.5693367123603821,0.5307385325431824,-0.07473196089267731,0.5975024700164795,0.5965468883514404,-0.07580901682376862,0.6149371862411499,0.6545750498771667,-0.07177039980888367,0.6391103863716125,0.4657416045665741,-0.04449379816651344,0.69603031873703,0.5023913979530334,-0.05827932059764862,0.7327976822853088,0.5244477987289429,-0.06972426921129227,0.7623012065887451,0.5402321815490723,-0.07855480909347534,0.6379104256629944,0.5004702210426331,-0.017427721992135048,0.6814253926277161,0.5603180527687073,-0.04067467525601387,0.665095329284668,0.6125476360321045,-0.057098910212516785,0.6396636366844177,0.6376884579658508,-0.06317456811666489,0.6331212520599365,0.532828152179718,0.0047127301804721355,0.6727964282035828,0.5897049903869629,-0.021259382367134094,0.6520957350730896,0.6316044926643372,-0.039747461676597595,0.6289047598838806,0.6474130749702454,-0.04560943320393562,0.6262840628623962,0.5587183833122253,0.022547349333763123,0.6479682326316833,0.6043772101402283,-0.003082627896219492,0.6365335583686829,0.6392990350723267,-0.021447381004691124,0.6195610165596008,0.6502476334571838,-0.02951626665890217,Left,p
0.41638267040252686,0.5150514245033264,4.664161963319202e-07,0.46006613969802856,0.5367257595062256,-0.08306878060102463,0.5178192853927612,0.5725533366203308,-0.09414108842611313,0.565747082233429,0.6322020888328552,-0.08509466797113419,0.6078609824180603,0.6861398816108704,-0.06840115040540695,0.5861210823059082,0.44133639335632324,-0.04352410137653351,0.658559262752533,0.46699997782707214,-0.05445408448576927,0.7077385187149048,0.4893452525138855,-0.07045060396194458,0.7453362941741943,0.5091449022293091,-0.08322398364543915,0.5804712176322937,0.4814085364341736,-0.0022071674466133118,0.6499685645103455,0.5429329872131348,-0.0234119463711977,0.6423484086990356,0.6163286566734314,-0.05250966176390648,0.6175300478935242,0.6605129837989807,-0.06880722939968109,0.5764482617378235,0.5250304341316223,0.03181661665439606,0.6377080082893372,0.5755295157432556,0.007169067393988371,0.6242040395736694,0.6378077268600464,-0.028340565040707588,0.604284405708313,0.6669653058052063,-0.04702209308743477,0.5713702440261841,0.5619953870773315,0.05989015847444534,0.6119411587715149,0.6087657809257507,0.03739871457219124,0.6121063828468323,0.6627640724182129,0.009394915774464607,0.6021936535835266,0.6861164569854736,-0.008202006109058857,Left,p
0.38546258211135864,0.43840399384498596,5.660448891831038e-07,0.44619110226631165,0.4776095449924469,-0.1071658656001091,0.5227136611938477,0.5229418277740479,-0.11498071998357773,0.5827867984771729,0.6022376418113708,-0.09341856837272644,0.6379562020301819,0.6668885350227356,-0.05932338163256645,0.6221883893013,0.350971519947052,-0.05703037232160568,0.7256292104721069,0.3710695505142212,-0.06326362490653992,0.7932522892951965,0.4003314673900604,-0.07619189471006393,0.8455557823181152,0.42530661821365356,-0.0863645076751709,0.610745906829834,0.3892965614795685,0.003018628805875778,0.7047550082206726,0.4641193151473999,-0.014506053179502487,0.6860348582267761,0.5784754753112793,-0.04370356723666191,0.6448083519935608,0.6453385353088379,-0.05862648785114288,0.6037883758544922,0.437164306640625,0.05423211306333542,0.6848922371864319,0.501237690448761,0.0312863327562809,0.6579527854919434,0.5984700918197632,-0.012669481337070465,0.62703537940979,0.6443614959716797,-0.03580005466938019,0.596554696559906,0.480720579624176,0.09783047437667847,0.6441009640693665,0.5337558388710022,0.07409867644309998,0.6335616111755371,0.6051275730133057,0.03765254467725754,0.613836944103241,0.632814884185791,0.015044273808598518,Left,p
0.4779163599014282,0.5548738241195679,3.4624667932803277e-07,0.5129425525665283,0.5525046586990356,-0.037128549069166183,0.5502671003341675,0.5594227910041809,-0.03792814537882805,0.5784258246421814,0.5837860107421875,-0.02960934303700924,0.600723922252655,0.6015735864639282,-0.017532920464873314,0.5793501734733582,0.480453222990036,-0.0026821971405297518,0.6195729374885559,0.4807091951370239,0.00039629885577596724,0.6466175317764282,0.4809306561946869,-0.006033334415405989,0.6670398712158203,0.48156559467315674,-0.012333092279732227,0.573039174079895,0.5099657773971558,0.01923973858356476,0.6144672632217407,0.5352340936660767,0.016798412427306175,0.6128246188163757,0.5741065740585327,-0.0007418564055114985,0.599575936794281,0.5979449152946472,-0.011474166996777058,0.5689339637756348,0.5394429564476013,0.038032833486795425,0.6043336987495422,0.5606659054756165,0.036000512540340424,0.6004103422164917,0.5928580164909363,0.015673454850912094,0.5888974666595459,0.6067636609077454,0.003321543103083968,0.5635234713554382,0.5621151328086853,0.05408212170004845,0.590725839138031,0.5809313058853149,0.052812255918979645,0.5952909588813782,0.6061186790466309,0.04056591913104057,0.59120112657547,0.616208553314209,0.032026685774326324,Left,p
0.4124492108821869,0.5670797228813171,6.378967896125687e-07,0.4448106288909912,0.654923141002655,-0.09652373194694519,0.5087721943855286,0.7003923654556274,-0.1254815310239792,0.5610097050666809,0.7421631813049316,-0.12180386483669281,0.6154128909111023,0.7947935461997986,-0.11015917360782623,0.5620040893554688,0.5255441665649414,-0.15427985787391663,0.65557461977005,0.5530650615692139,-0.19265858829021454,0.7158591747283936,0.5621451139450073,-0.2193598747253418,0.7638203501701355,0.5617951154708862,-0.23388254642486572,0.5633828639984131,0.5090591907501221,-0.09171237051486969,0.6463953256607056,0.5921650528907776,-0.10445911437273026,0.6436654329299927,0.6939393281936646,-0.09996240586042404,0.6262381672859192,0.7545772790908813,-0.0976429209113121,0.5661947131156921,0.5123863816261292,-0.03202325850725174,0.6372981071472168,0.5895974636077881,-0.041903305798769,0.6281706094741821,0.6891720294952393,-0.04605918750166893,0.6138300895690918,0.748694121837616,-0.048335831612348557,0.5702405571937561,0.5197145938873291,0.02184978686273098,0.6116257309913635,0.5864377021789551,0.009804547764360905,0.6143561601638794,0.6625323295593262,-0.0018395280931144953,0.6079740524291992,0.7101309895515442,-0.00883366446942091,Left,p
0.17154917120933533,0.5194318294525146,7.961670576150937e-07,0.20931655168533325,0.6120873093605042,-0.06900955736637115,0.2657344341278076,0.6431943774223328,-0.09449204057455063,0.3152213990688324,0.6699475646018982,-0.09413028508424759,0.36406561732292175,0.7081964612007141,-0.08830307424068451,0.2947610318660736,0.4975379705429077,-0.12451498210430145,0.37020766735076904,0.5117560625076294,-0.14983883500099182,0.42275935411453247,0.5047872066497803,-0.16784194111824036,0.46561676263809204,0.48774582147598267,-0.17768637835979462,0.29919108748435974,0.45894521474838257,-0.07298275083303452,0.37005409598350525,0.5114151835441589,-0.0794793963432312,0.3866347372531891,0.5792480111122131,-0.07294687628746033,0.3878518342971802,0.6269736289978027,-0.06948456168174744,0.3002736568450928,0.4386833608150482,-0.020328780636191368,0.3657263517379761,0.4875486493110657,-0.016554921865463257,0.37712979316711426,0.557196319103241,-0.007929367013275623,0.37899184226989746,0.6091699600219727,-0.0035181723069399595,0.3030568063259125,0.4247249960899353,0.028597332537174225,0.3444249927997589,0.4632166028022766,0.033212002366781235,0.3586079478263855,0.5147627592086792,0.037021588534116745,0.3667296767234802,0.5567324757575989,0.03979089483618736,Left,p
0.48425447940826416,0.5103044509887695,2.7951762149314163e-07,0.5061743259429932,0.5461413264274597,-0.05990557000041008,0.5432769060134888,0.5841260552406311,-0.06827587634325027,0.5726116895675659,0.6364176869392395,-0.06023186445236206,0.5988455414772034,0.6815422177314758,-0.04546859860420227,0.6043136715888977,0.49660319089889526,-0.04193546995520592,0.6588579416275024,0.5117835402488708,-0.046767402440309525,0.6899200677871704,0.5293511152267456,-0.052686866372823715,0.7145374417304993,0.5423882007598877,-0.05692644789814949,0.6000999808311462,0.5146267414093018,-0.007614746689796448,0.6442835927009583,0.5692277550697327,-0.014965311624109745,0.6313477754592896,0.625994861125946,-0.02566412463784218,0.6087872982025146,0.6573948860168457,-0.03145362809300423,0.5950596332550049,0.5382822155952454,0.022122690454125404,0.6338436007499695,0.5882697701454163,0.012168203480541706,0.6160413026809692,0.6310782432556152,-0.00665281480178237,0.5974553227424622,0.6508094072341919,-0.01685304008424282,0.5899298787117004,0.5599592924118042,0.04750293865799904,0.6088358759880066,0.5968478322029114,0.03652151674032211,0.6011921763420105,0.6329084634780884,0.018818698823451996,0.5904486775398254,0.6469565629959106,0.00766834756359458,Left,p
0.6094498634338379,0.3563002943992615,4.508539745984308e-07,0.6352072954177856,0.4195237159729004,-0.08467035740613937,0.681719183921814,0.4835887551307678,-0.09958790242671967,0.7154547572135925,0.5694398880004883,-0.08997305482625961,0.7477582097053528,0.6419243216514587,-0.07019146531820297,0.7811617255210876,0.3757568895816803,-0.07701940834522247,0.8577486276626587,0.40290412306785583,-0.10302314162254333,0.9177700281143188,0.4180833399295807,-0.12894414365291595,0.9640676975250244,0.41804903745651245,-0.14607499539852142,0.7713025212287903,0.38226789236068726,-0.029239028692245483,0.8283241391181946,0.49089524149894714,-0.05252134054899216,0.7978699803352356,0.5692774057388306,-0.0714564323425293,0.7623205184936523,0.592089056968689,-0.08047967404127121,0.7641035318374634,0.4029079079627991,0.012528234161436558,0.8147731423377991,0.4998370110988617,-0.008314388804137707,0.7805136442184448,0.5667290687561035,-0.026952698826789856,0.7527119517326355,0.5855003595352173,-0.034277353435754776,0.758152425289154,0.42013171315193176,0.04793338477611542,0.7819881439208984,0.500794529914856,0.02824770286679268,0.7647681832313538,0.5552747845649719,0.010040836408734322,0.7480635643005371,0.5669291019439697,0.0012511899694800377,Left,p
0.6357377171516418,0.47660917043685913,3.381473163699411e-07,0.6331328749656677,0.49046385288238525,-0.0712667778134346,0.6515316367149353,0.5291266441345215,-0.0939367339015007,0.6698877215385437,0.587946355342865,-0.10081390291452408,0.689970850944519,0.6440227031707764,-0.10304560512304306,0.718873918056488,0.4646913707256317,-0.07507981359958649,0.7694805264472961,0.4696219265460968,-0.1027776449918747,0.8058247566223145,0.47858932614326477,-0.12332542985677719,0.8336816430091858,0.48629525303840637,-0.13710074126720428,0.7184482216835022,0.489250123500824,-0.04473191127181053,0.7579231262207031,0.5479229092597961,-0.0790538340806961,0.7337009906768799,0.5980226993560791,-0.10151290148496628,0.705651044845581,0.6197478771209717,-0.11169186234474182,0.7172607779502869,0.5205661058425903,-0.01896694488823414,0.7493206262588501,0.5727983117103577,-0.05480717495083809,0.7222140431404114,0.6074835062026978,-0.07786653935909271,0.700197696685791,0.6165987849235535,-0.08618900924921036,0.7179593443870544,0.54920893907547,0.002500615082681179,0.73347008228302,0.5915387868881226,-0.02795311249792576,0.7146778106689453,0.615027904510498,-0.047396086156368256,0.6961839199066162,0.6129136085510254,-0.05685850605368614,Left,p
0.4135642647743225,0.5315772294998169,4.0603890738566406e-07,0.4404577910900116,0.5611490607261658,-0.08128901571035385,0.48846155405044556,0.6077188849449158,-0.09513016790151596,0.5294041037559509,0.6817827224731445,-0.08814574778079987,0.561951756477356,0.7516210675239563,-0.07313332706689835,0.567282497882843,0.4971356987953186,-0.05829080194234848,0.6371324062347412,0.5177203416824341,-0.07166218012571335,0.6859538555145264,0.5307570695877075,-0.08617982268333435,0.7252908945083618,0.5380374789237976,-0.09707197546958923,0.5650873780250549,0.5248022079467773,-0.01532247755676508,0.6278349161148071,0.5930916666984558,-0.03535531088709831,0.6129958629608154,0.670462965965271,-0.0568307526409626,0.5832139849662781,0.7120007872581482,-0.0680219829082489,0.5617943406105042,0.5605247020721436,0.02146410569548607,0.6153182983398438,0.6253941059112549,-0.0017040668753907084,0.5914813876152039,0.687664270401001,-0.030670523643493652,0.5637500286102295,0.7145223021507263,-0.044692087918519974,0.5589483976364136,0.5938491225242615,0.05263587087392807,0.5883986949920654,0.6471195220947266,0.030077986419200897,0.5781185030937195,0.6954079270362854,0.0040827845223248005,0.5610142946243286,0.7140951156616211,-0.011200672946870327,Left,p
0.7001441121101379,0.5151202082633972,2.1257736193547316e-07,0.7217952013015747,0.5340885519981384,-0.06311250478029251,0.7588837742805481,0.5724537968635559,-0.07243424654006958,0.7918918132781982,0.6350724697113037,-0.06752368062734604,0.8210192918777466,0.686197817325592,-0.0558941587805748,0.833845317363739,0.49616739153862,-0.03538966178894043,0.894773542881012,0.5153371095657349,-0.05227893590927124,0.9361404180526733,0.531385600566864,-0.0681544691324234,0.9693768620491028,0.5485163331031799,-0.07911327481269836,0.8281643986701965,0.5323662161827087,-0.005191760137677193,0.8689844012260437,0.5916959643363953,-0.03237692639231682,0.841400682926178,0.6231489181518555,-0.053483422845602036,0.8135777115821838,0.6263325214385986,-0.06092280521988869,0.8221570253372192,0.5696161389350891,0.019039450213313103,0.8598206639289856,0.6218667030334473,-0.009659383445978165,0.8330496549606323,0.644892156124115,-0.029840203002095222,0.8124468922615051,0.6413116455078125,-0.034777913242578506,0.8171971440315247,0.5987906455993652,0.03887104243040085,0.8413015007972717,0.643015444278717,0.015267670154571533,0.8266028165817261,0.6658730506896973,-0.000946679268963635,0.8095540404319763,0.6608440279960632,-0.006660799030214548,Left,p
0.6096354126930237,0.4555206000804901,4.187130002719641e-07,0.6231130361557007,0.49427148699760437,-0.04836739972233772,0.6503770351409912,0.5419169664382935,-0.057991839945316315,0.6818082332611084,0.6048575043678284,-0.05785522982478142,0.7128177881240845,0.6501507759094238,-0.05336180701851845,0.7283934950828552,0.43350541591644287,-0.02745552733540535,0.7892221212387085,0.44079941511154175,-0.03712387755513191,0.8329140543937683,0.45045405626296997,-0.0479087308049202,0.868777871131897,0.4660643935203552,-0.05698404461145401,0.734408438205719,0.45397746562957764,-0.007395456545054913,0.7951966524124146,0.4536583125591278,-0.02138654701411724,0.8239022493362427,0.48383021354675293,-0.03821823000907898,0.8398334383964539,0.5006712675094604,-0.04955196753144264,0.7312783002853394,0.4770345389842987,0.007850434631109238,0.7727907299995422,0.5496214628219604,-0.021186882629990578,0.7446959018707275,0.6023476719856262,-0.04401553049683571,0.7153246998786926,0.6135383248329163,-0.052866216748952866,0.7255603671073914,0.5009019374847412,0.020684443414211273,0.7493173480033875,0.5678609609603882,-0.010849912650883198,0.7328370809555054,0.5961148738861084,-0.030461350455880165,0.7128227353096008,0.5900055170059204,-0.0392061322927475,Right,p
0.5270271897315979,0.51938396692276,2.1157666196813807e-07,0.5441887378692627,0.532279908657074,-0.044830288738012314,0.573309063911438,0.5680161118507385,-0.053893011063337326,0.5991424322128296,0.6237714886665344,-0.053519222885370255,0.622306764125824,0.6657214164733887,-0.04917619377374649,0.6302510499954224,0.511591374874115,-0.025581683963537216,0.678051233291626,0.523664653301239,-0.03375256061553955,0.7082633972167969,0.5392105579376221,-0.04274119809269905,0.7320458889007568,0.5509984493255615,-0.049874547868967056,0.6274698376655579,0.5430092215538025,-0.004960026126354933,0.6651344299316406,0.5820589661598206,-0.020332271233201027,0.6515950560569763,0.6197954416275024,-0.03557809069752693,0.6307308077812195,0.635903000831604,-0.042919714003801346,0.6215909719467163,0.5725268125534058,0.011844244785606861,0.655362069606781,0.6082314848899841,-0.00452825240790844,0.6413643956184387,0.6355189085006714,-0.02072725258767605,0.6242277026176453,0.6426037549972534,-0.027705444023013115,0.613988995552063,0.5977209806442261,0.02539566345512867,0.6367681622505188,0.6266660690307617,0.012294813059270382,0.6321181654930115,0.6515353918075562,3.69581684935838e-05,0.622954785823822,0.659186840057373,-0.006570908240973949,Left,p
0.542385458946228,0.32387855648994446,6.939043259990285e-07,0.5453988313674927,0.3538665473461151,-0.10592982918024063,0.5827776193618774,0.416033536195755,-0.13573159277439117,0.6172711849212646,0.5091561079025269,-0.14058546721935272,0.6556075811386108,0.5942074060440063,-0.13693270087242126,0.6908345818519592,0.2854377329349518,-0.10478071123361588,0.7754616737365723,0.31095612049102783,-0.13719864189624786,0.8373749256134033,0.3363596200942993,-0.16444091498851776,0.8836008906364441,0.36115124821662903,-0.18377427756786346,0.6886696219444275,0.31678688526153564,-0.05548980087041855,0.7455259561538696,0.3976480960845947,-0.09749093651771545,0.7223333120346069,0.489513099193573,-0.13073934614658356,0.6859483122825623,0.537699282169342,-0.14876540005207062,0.6861384510993958,0.3611766993999481,-0.012669818475842476,0.7392789721488953,0.4399665296077728,-0.05758858844637871,0.7057271003723145,0.5147247910499573,-0.09356493502855301,0.6721714735031128,0.5461445450782776,-0.10973411053419113,0.6868786215782166,0.4066614508628845,0.02372249960899353,0.7168684005737305,0.47586169838905334,-0.01558213122189045,0.6947916746139526,0.5218803286552429,-0.04502670466899872,0.6691967248916626,0.5330352783203125,-0.06084439903497696,Left,p
0.5874830484390259,0.44202929735183716,6.315555651781324e-07,0.5926884412765503,0.49982690811157227,-0.09927888959646225,0.6276297569274902,0.5714624524116516,-0.12410461902618408,0.6591267585754395,0.6535801887512207,-0.12045538425445557,0.6991934776306152,0.7269003391265869,-0.10815031826496124,0.7289612889289856,0.4423157870769501,-0.11825121939182281,0.8100863695144653,0.4741189479827881,-0.15573330223560333,0.8744099736213684,0.4947664737701416,-0.18722863495349884,0.9223791360855103,0.5052356123924255,-0.20702487230300903,0.72746741771698,0.4588872790336609,-0.0633583664894104,0.7821618318557739,0.5664059519767761,-0.09328702092170715,0.7522192597389221,0.6508656144142151,-0.11389441043138504,0.7140223979949951,0.685750424861908,-0.12571781873703003,0.7266958355903625,0.4931817650794983,-0.013807279989123344,0.7756979465484619,0.5925044417381287,-0.046017471700906754,0.737828254699707,0.6512407064437866,-0.07187157869338989,0.7072133421897888,0.6690948605537415,-0.08391516655683517,0.7315171360969543,0.5288146734237671,0.030077211558818817,0.7580889463424683,0.6053826808929443,0.0002896410587709397,0.738081157207489,0.6526515483856201,-0.022650986909866333,0.7197855710983276,0.6641704440116882,-0.03522481024265289,Left,p
0.5212798118591309,0.49427592754364014,-5.309882453730097e-07,0.44824329018592834,0.5046607255935669,0.020845964550971985,0.4037896692752838,0.4722558856010437,0.02127700112760067,0.36224573850631714,0.46034950017929077,0.010740188881754875,0.32324981689453125,0.44536930322647095,-0.002620457438752055,0.42011064291000366,0.2996310293674469,0.036191295832395554,0.35660940408706665,0.29908302426338196,0.028626464307308197,0.33365318179130554,0.35333251953125,0.016893401741981506,0.32608261704444885,0.40824994444847107,0.00912945531308651,0.42938581109046936,0.28505903482437134,0.012104111723601818,0.348726749420166,0.2876300811767578,0.00870809517800808,0.32482922077178955,0.3539019227027893,-5.456990402308293e-05,0.32228633761405945,0.40990149974823,-0.006838823668658733,0.43663251399993896,0.2908231317996979,-0.013413771986961365,0.3562644422054291,0.2888307571411133,-0.020609525963664055,0.33160409331321716,0.3542148470878601,-0.023659156635403633,0.32927843928337097,0.4095557928085327,-0.025469740852713585,0.43867748975753784,0.3158641457557678,-0.03847895935177803,0.3729158043861389,0.31515607237815857,-0.04713968187570572,0.34909379482269287,0.360042005777359,-0.04643716290593147,0.34309086203575134,0.40721410512924194,-0.044414106756448746,Left,o
0.5318272709846497,0.5401760339736938,-3.902656828813633e-07,0.4787759780883789,0.5356383323669434,0.021880026906728745,0.4491272270679474,0.5112442374229431,0.02407524734735489,0.42287904024124146,0.49895957112312317,0.01626759022474289,0.39709004759788513,0.4839162826538086,0.006258851382881403,0.46240144968032837,0.4012313187122345,0.036749135702848434,0.420168936252594,0.391730934381485,0.03180532529950142,0.4047960042953491,0.4237547218799591,0.022021004930138588,0.39993607997894287,0.45724937319755554,0.01459791511297226,0.4696076512336731,0.39021557569503784,0.015085512772202492,0.41681334376335144,0.3796464800834656,0.012203563936054707,0.3997557461261749,0.42062994837760925,0.0036744235549122095,0.398720383644104,0.45645248889923096,-0.003792359260842204,0.4749276340007782,0.3928014636039734,-0.0077520678751170635,0.423511803150177,0.3762986958026886,-0.012162338942289352,0.4059273898601532,0.418948233127594,-0.015492366626858711,0.404483824968338,0.457943320274353,-0.019025009125471115,0.477485328912735,0.40716663002967834,-0.03004259057343006,0.43727532029151917,0.4038108289241791,-0.03570554032921791,0.4199516475200653,0.4310103952884674,-0.036865681409835815,0.4144587218761444,0.4605258107185364,-0.03803834691643715,Left,o
0.3356747329235077,0.5683643221855164,-5.459845056066115e-07,0.26087382435798645,0.5921182632446289,-0.002713424852117896,0.2143106907606125,0.5643155574798584,-0.013125143945217133,0.16907954216003418,0.5512857437133789,-0.027938734740018845,0.13072511553764343,0.5300289392471313,-0.045920684933662415,0.23222202062606812,0.35679885745048523,-0.0026674114633351564,0.1551760733127594,0.37103813886642456,-0.019907718524336815,0.12162014842033386,0.433426171541214,-0.037259768694639206,0.10549433529376984,0.49348852038383484,-0.04738779366016388,0.2417035549879074,0.34097427129745483,-0.013867582194507122,0.14590078592300415,0.3448975384235382,-0.026388797909021378,0.11390794813632965,0.4194333255290985,-0.03990965336561203,0.10119713842868805,0.4855426847934723,-0.048205431550741196,0.24468860030174255,0.3486998677253723,-0.025885021314024925,0.14933812618255615,0.3619285523891449,-0.039080020040273666,0.1182728260755539,0.4328986704349518,-0.04531947150826454,0.109734907746315,0.48829612135887146,-0.04799735173583031,0.2396712303161621,0.37837082147598267,-0.038428980857133865,0.1645577847957611,0.385884553194046,-0.050010424107313156,0.13652750849723816,0.43105563521385193,-0.049605876207351685,0.1270701289176941,0.47877901792526245,-0.04662228748202324,Left,o
0.9537231922149658,0.6458590626716614,-4.522933920725336e-07,0.9007737040519714,0.6211093068122864,0.0007258497062139213,0.8716076016426086,0.5762153267860413,-0.005155511666089296,0.8420941233634949,0.545941174030304,-0.0151005694642663,0.8182146549224854,0.5147849917411804,-0.02531958743929863,0.9149331450462341,0.4556272327899933,0.005435572471469641,0.8675265908241272,0.4181196689605713,-0.007251892704516649,0.8409398198127747,0.44486716389656067,-0.019635114818811417,0.8278840780258179,0.4808414578437805,-0.02724420465528965,0.9240973591804504,0.449989378452301,-0.0035146952141076326,0.8604089617729187,0.4055097699165344,-0.012796507216989994,0.8320923447608948,0.4437226355075836,-0.02051171101629734,0.8253352046012878,0.48523765802383423,-0.026021363213658333,0.9278755784034729,0.45974352955818176,-0.014150970615446568,0.8653505444526672,0.4167748689651489,-0.0237723495811224,0.8364001512527466,0.45339569449424744,-0.02655506320297718,0.828086256980896,0.496226042509079,-0.027869941666722298,0.9248239398002625,0.48207539319992065,-0.025387555360794067,0.8775134086608887,0.45351657271385193,-0.03375248983502388,0.8523440957069397,0.47202593088150024,-0.03496020287275314,0.8396420478820801,0.5028119087219238,-0.03468463569879532,Left,o
0.7420560717582703,0.7073774337768555,-5.61463195936085e-07,0.6604946851730347,0.6876211166381836,0.004491201601922512,0.6103192567825317,0.6355631351470947,-0.004534616135060787,0.5604922771453857,0.6025046110153198,-0.02108439989387989,0.5190542936325073,0.5643872618675232,-0.037473827600479126,0.6474390625953674,0.43618044257164,0.017409857362508774,0.5729168653488159,0.40018877387046814,-0.0017353481380268931,0.5439499616622925,0.45568233728408813,-0.020330142229795456,0.5351921319961548,0.5178781747817993,-0.030684854835271835,0.6609915494918823,0.4241868257522583,0.0009319186210632324,0.5659924149513245,0.38357752561569214,-0.013669636100530624,0.5364493131637573,0.45703673362731934,-0.02471320517361164,0.535652220249176,0.5279972553253174,-0.030520936474204063,0.6694154143333435,0.433266818523407,-0.01837722770869732,0.57509845495224,0.4011063575744629,-0.032131947576999664,0.5437894463539124,0.47619470953941345,-0.03394324705004692,0.5416232943534851,0.5467573404312134,-0.03317065164446831,0.6691771745681763,0.46341410279273987,-0.038721900433301926,0.5938559770584106,0.4487379789352417,-0.050529077649116516,0.562314510345459,0.4952242076396942,-0.05007416009902954,0.5519381761550903,0.548322319984436,-0.04692532867193222,Left,o
0.7279953956604004,0.5691399574279785,-3.266013663960621e-07,0.6854525208473206,0.5708402395248413,0.002400617813691497,0.6580259799957275,0.5463007688522339,-0.0009461963782086968,0.631507396697998,0.5330572128295898,-0.007823580875992775,0.6100591421127319,0.5171184539794922,-0.015187039971351624,0.6777042746543884,0.43644168972969055,0.0073722973465919495,0.6371479630470276,0.4239739179611206,-0.00023704141494818032,0.6207009553909302,0.4576534926891327,-0.007936926558613777,0.6149596571922302,0.4934518337249756,-0.012394304387271404,0.6837216019630432,0.42940202355384827,-0.00047658776747994125,0.6309518218040466,0.41808632016181946,-0.005599266849458218,0.6144642233848572,0.4587324559688568,-0.010800127871334553,0.6123605966567993,0.49632933735847473,-0.014247540384531021,0.6870628595352173,0.43500280380249023,-0.009406029246747494,0.6351503729820251,0.4260765314102173,-0.01500549353659153,0.6189554929733276,0.46546855568885803,-0.01748930849134922,0.6174509525299072,0.5006343126296997,-0.01883077621459961,0.686779797077179,0.4516817331314087,-0.018666749820113182,0.6458345651626587,0.45034587383270264,-0.024849625304341316,0.6308695673942566,0.476396769285202,-0.026090972125530243,0.6266422271728516,0.5051298141479492,-0.02575741522014141,Left,o
0.40043455362319946,0.5295008420944214,-6.57182056329475e-07,0.31223297119140625,0.5364134311676025,0.013093228451907635,0.2641681730747223,0.5102183818817139,0.006638501770794392,0.21615569293498993,0.5009671449661255,-0.008610187098383904,0.1747729629278183,0.4859292805194855,-0.027080893516540527,0.28177958726882935,0.29418349266052246,0.01871681958436966,0.2036929428577423,0.2952907085418701,0.006806582678109407,0.17520688474178314,0.3643355965614319,-0.00926407240331173,0.16381330788135529,0.4293552041053772,-0.020139288157224655,0.2918303608894348,0.2779507339000702,-0.000856727478094399,0.18592524528503418,0.28007858991622925,-0.007477442733943462,0.15868882834911346,0.36018407344818115,-0.02042282000184059,0.15681295096874237,0.4309384822845459,-0.03184228390455246,0.29642608761787415,0.28995418548583984,-0.020941413938999176,0.1933266520500183,0.3063490092754364,-0.027527183294296265,0.1702398657798767,0.3840090036392212,-0.034061405807733536,0.171641543507576,0.4514840841293335,-0.040483418852090836,0.2937094271183014,0.3218829035758972,-0.04090776666998863,0.21336302161216736,0.34068024158477783,-0.04785742610692978,0.1903175264596939,0.3933230936527252,-0.048136018216609955,0.1839473396539688,0.44646674394607544,-0.048424132168293,Left,o
0.977461040019989,0.6515917778015137,-4.0913008092502423e-07,0.9348892569541931,0.6383668184280396,0.005672226194292307,0.9046577215194702,0.5878183245658875,0.004471349064260721,0.8790619373321533,0.554175615310669,-0.002472521737217903,0.8556063175201416,0.5256128311157227,-0.009259475395083427,0.9397526979446411,0.4901834726333618,0.019231431186199188,0.9034987688064575,0.456339567899704,0.0068247755989432335,0.8776728510856628,0.4732048511505127,-0.004505676217377186,0.8635132908821106,0.5031927227973938,-0.010911290533840656,0.9520335793495178,0.47939378023147583,0.006776717025786638,0.9041225910186768,0.43869736790657043,-0.004172423854470253,0.8739475011825562,0.46757879853248596,-0.012808323837816715,0.86037677526474,0.5035999417304993,-0.016877664253115654,0.9617286324501038,0.480999231338501,-0.008202602155506611,0.9128856062889099,0.43644559383392334,-0.020380759611725807,0.8796940445899963,0.4669185280799866,-0.024366339668631554,0.8647621870040894,0.5038227438926697,-0.024279959499835968,0.9649185538291931,0.49535974860191345,-0.02341827005147934,0.9209914803504944,0.466031551361084,-0.034641239792108536,0.8930005431175232,0.4779452681541443,-0.0380777008831501,0.878578245639801,0.5010191202163696,-0.0379551537334919,Left,o
0.7839744091033936,0.7725481390953064,-1.090589535124309e-06,0.638961911201477,0.7425975203514099,0.017231589183211327,0.5322566032409668,0.6420669555664062,0.007133206818252802,0.4388141930103302,0.6125271320343018,-0.017088018357753754,0.3702210485935211,0.5755521059036255,-0.042054183781147,0.6073341965675354,0.2964308261871338,0.034470267593860626,0.47143906354904175,0.2559525668621063,-0.0010707193287089467,0.4086321294307709,0.3606381118297577,-0.034485675394535065,0.37365689873695374,0.48229774832725525,-0.05313712731003761,0.623805820941925,0.28824183344841003,-0.0012330083409324288,0.4334660768508911,0.23482488095760345,-0.03134814277291298,0.38264456391334534,0.3799092173576355,-0.05644936114549637,0.375732421875,0.5204214453697205,-0.06933925300836563,0.6382163763046265,0.31575486063957214,-0.040729060769081116,0.4667562246322632,0.2796716094017029,-0.0669049471616745,0.4054862856864929,0.41307270526885986,-0.07626252621412277,0.3878997564315796,0.5393163561820984,-0.07763136923313141,0.6407442092895508,0.3753965497016907,-0.0803213119506836,0.5047903060913086,0.3531840741634369,-0.09987027943134308,0.44454169273376465,0.42885836958885193,-0.09922490268945694,0.41559457778930664,0.5158071517944336,-0.09378749877214432,Left,o
0.6422054171562195,0.6052507758140564,-3.6112299994783825e-07,0.6036381125450134,0.5913248658180237,0.015531018376350403,0.580495297908783,0.5569857358932495,0.018234247341752052,0.5583260655403137,0.538404643535614,0.013764724135398865,0.538570761680603,0.5192646384239197,0.008400564081966877,0.6089574694633484,0.47064223885536194,0.027196083217859268,0.5738384127616882,0.44821661710739136,0.02223668247461319,0.5554075837135315,0.47087928652763367,0.015048936009407043,0.5464503765106201,0.49925753474235535,0.010366557165980339,0.6146934628486633,0.4647520184516907,0.01186562143266201,0.5688338875770569,0.4369981288909912,0.008088302798569202,0.5489997863769531,0.46962687373161316,0.0024810361210256815,0.5442531704902649,0.5033033490180969,-0.0009197444887831807,0.6172956824302673,0.46766433119773865,-0.004520199727267027,0.5718809962272644,0.44094038009643555,-0.01012356486171484,0.5524502396583557,0.47516191005706787,-0.011881595477461815,0.5478584170341492,0.5089343786239624,-0.012176393531262875,0.6152181625366211,0.47977328300476074,-0.02038361132144928,0.5795282125473022,0.46729084849357605,-0.026453793048858643,0.5621387958526611,0.48751506209373474,-0.0273590087890625,0.5550047159194946,0.51216059923172,-0.026836389675736427,Left,o
0.3389357626438141,0.4992978870868683,-4.781402367370902e-07,0.27833878993988037,0.5027621388435364,-0.004718517418950796,0.24083077907562256,0.47121661901474,-0.014567029662430286,0.20131255686283112,0.4579322040081024,-0.027934398502111435,0.16515931487083435,0.4430896043777466,-0.04148419201374054,0.26828691363334656,0.2985563576221466,-0.0027259911876171827,0.19956538081169128,0.29261863231658936,-0.020766833797097206,0.17589376866817474,0.34635382890701294,-0.037105198949575424,0.1722741276025772,0.4009881913661957,-0.04612835496664047,0.2721458971500397,0.29012295603752136,-0.009993563406169415,0.19022884964942932,0.28450724482536316,-0.02417881228029728,0.16829673945903778,0.3506045639514923,-0.0341370590031147,0.17006815969944,0.4064032733440399,-0.04018830507993698,0.2709684669971466,0.3030364513397217,-0.01918262615799904,0.19151848554611206,0.29187366366386414,-0.033540889620780945,0.16952775418758392,0.35744190216064453,-0.037781428545713425,0.17142337560653687,0.4139914810657501,-0.038736384361982346,0.26342636346817017,0.3328486979007721,-0.029162757098674774,0.204025000333786,0.3224935233592987,-0.040785107761621475,0.18046650290489197,0.3579610586166382,-0.04197605699300766,0.17417684197425842,0.40013954043388367,-0.04051174595952034,Left,o
0.9263039827346802,0.6619629859924316,-5.277589139041083e-07,0.8767373561859131,0.611045777797699,0.015359688550233841,0.8533645868301392,0.5628983974456787,0.014319950714707375,0.8274996876716614,0.5285833477973938,0.00472305016592145,0.8055670261383057,0.4933467507362366,-0.006503326818346977,0.9019842147827148,0.4662509262561798,0.027413560077548027,0.8620278835296631,0.41751334071159363,0.01658015511929989,0.8339442610740662,0.43805184960365295,0.0030139670707285404,0.8172178864479065,0.4678070843219757,-0.006166965235024691,0.9133148193359375,0.46138572692871094,0.008852142840623856,0.8576194643974304,0.400983601808548,-0.0018545013153925538,0.8269543647766113,0.4357256293296814,-0.015383478254079819,0.8147328495979309,0.47826409339904785,-0.024712786078453064,0.9193271398544312,0.4666810631752014,-0.011058254167437553,0.8659836649894714,0.41135653853416443,-0.021974405273795128,0.8351691365242004,0.4444214701652527,-0.029743175953626633,0.8217005729675293,0.4882141947746277,-0.03429626300930977,0.9194318056106567,0.47958558797836304,-0.030358796939253807,0.8747652769088745,0.4465712010860443,-0.03848298639059067,0.8484482765197754,0.46083173155784607,-0.04172839596867561,0.8329866528511047,0.4880322217941284,-0.04358851537108421,Left,o
0.6182370185852051,0.5052371621131897,-4.956796715305245e-07,0.5599480271339417,0.5032705068588257,-0.003464236855506897,0.524084746837616,0.4703470468521118,-0.010698433965444565,0.492015540599823,0.44647860527038574,-0.021809382364153862,0.466788113117218,0.41829752922058105,-0.03247470408678055,0.5533045530319214,0.32786503434181213,0.005947241559624672,0.5047394633293152,0.2962038218975067,-0.011552964337170124,0.47806525230407715,0.3360109329223633,-0.026491524651646614,0.46766749024391174,0.38243621587753296,-0.03459521383047104,0.5647688508033752,0.31047338247299194,-0.00239692535251379,0.49823427200317383,0.2792925238609314,-0.017441242933273315,0.47090280055999756,0.336625337600708,-0.028058558702468872,0.46828243136405945,0.39039549231529236,-0.03293782100081444,0.5723071694374084,0.305537611246109,-0.013443626463413239,0.5045401453971863,0.28523412346839905,-0.028834346681833267,0.47654104232788086,0.3452214002609253,-0.03410351648926735,0.47435295581817627,0.4001471698284149,-0.034440744668245316,0.5736182332038879,0.31507566571235657,-0.025342760607600212,0.5163945555686951,0.3120874762535095,-0.03837723284959793,0.4943907558917999,0.3537798821926117,-0.041017647832632065,0.4916353225708008,0.39846518635749817,-0.039605602622032166,Left,o
0.6269261837005615,0.5681161880493164,-2.9690494329770445e-07,0.5951599478721619,0.5752997994422913,-0.0008448014850728214,0.5682117342948914,0.5559208989143372,-0.0031266575679183006,0.5470048785209656,0.5417999029159546,-0.008589263074100018,0.5317398905754089,0.5254175066947937,-0.013185585848987103,0.5757670998573303,0.467305988073349,0.010385852307081223,0.5504669547080994,0.44385644793510437,0.0007712108199484646,0.5372307896614075,0.46955621242523193,-0.007596909999847412,0.5338416695594788,0.49910327792167664,-0.01225010771304369,0.5823850631713867,0.45685797929763794,0.004809674806892872,0.5495758056640625,0.43527114391326904,-0.004404737148433924,0.5353808999061584,0.4690641164779663,-0.010975024662911892,0.5338294506072998,0.5001834034919739,-0.013592272996902466,0.590477705001831,0.4532812535762787,-0.0029086547438055277,0.5565311312675476,0.43225452303886414,-0.012773631140589714,0.5409977436065674,0.4697296619415283,-0.016099687665700912,0.5389047861099243,0.5047838091850281,-0.015845363959670067,0.5985010266304016,0.45883792638778687,-0.011207646690309048,0.5678370594978333,0.4554523229598999,-0.019627263769507408,0.5534902811050415,0.48011139035224915,-0.022283857688307762,0.5501337051391602,0.5075531005859375,-0.022011905908584595,Left,o
0.2970748245716095,0.513566792011261,-5.516577061825956e-07,0.23234206438064575,0.5272600054740906,0.004725491628050804,0.19133664667606354,0.5010805130004883,0.0007331168744713068,0.15358471870422363,0.48624902963638306,-0.00912890862673521,0.12380488216876984,0.46241140365600586,-0.021219657734036446,0.21251362562179565,0.3239498734474182,0.011262175627052784,0.14834433794021606,0.32328468561172485,-0.002259500790387392,0.12174252420663834,0.37650442123413086,-0.01575634256005287,0.11252541840076447,0.4294087588787079,-0.022834958508610725,0.21985480189323425,0.3120405673980713,-0.0008072468335740268,0.14004480838775635,0.31268829107284546,-0.008359657600522041,0.1157565489411354,0.3738330900669098,-0.017010705545544624,0.11095958948135376,0.4283294081687927,-0.02259252592921257,0.22223274409770966,0.31797119975090027,-0.01438766997307539,0.1429700404405594,0.32652679085731506,-0.02271696925163269,0.12146355956792831,0.3868797719478607,-0.027110503986477852,0.12038407474756241,0.43625733256340027,-0.029515977948904037,0.21987740695476532,0.34214192628860474,-0.028465082868933678,0.15799294412136078,0.3483501970767975,-0.03574759140610695,0.1348019391298294,0.3850814998149872,-0.03534592688083649,0.12663669884204865,0.42538464069366455,-0.03337467461824417,Left,o
0.9123691320419312,0.6079375743865967,-5.144794386069407e-07,0.859952986240387,0.5616281032562256,0.010981147177517414,0.834536075592041,0.510209321975708,0.00995067972689867,0.8108782768249512,0.4692038297653198,0.00047770747914910316,0.7939105033874512,0.425219863653183,-0.009803464636206627,0.8821398019790649,0.41038352251052856,0.031878985464572906,0.8517034649848938,0.3550693094730377,0.02087404951453209,0.823681116104126,0.37203413248062134,0.006467626895755529,0.8049437999725342,0.40401995182037354,-0.003154192818328738,0.8961186408996582,0.40125638246536255,0.015315767377614975,0.8525681495666504,0.3380838930606842,0.00374142499640584,0.8195666670799255,0.36463436484336853,-0.0121366698294878,0.8007739186286926,0.40511906147003174,-0.022377939894795418,0.9071784615516663,0.4021016061306,-0.003617478534579277,0.8639147877693176,0.3359145224094391,-0.01694374345242977,0.8273251056671143,0.3652496039867401,-0.027276447042822838,0.8061324954032898,0.4102723300457001,-0.03256123885512352,0.9125304222106934,0.4125494062900543,-0.022324858233332634,0.8700180053710938,0.3713339567184448,-0.033883050084114075,0.8401564955711365,0.3857097625732422,-0.03923867270350456,0.8199873566627502,0.41710466146469116,-0.04164029285311699,Left,o
0.7580767869949341,0.6243302226066589,-9.038282655637886e-07,0.6607140898704529,0.5811218023300171,-0.019167505204677582,0.5857242345809937,0.5012382864952087,-0.03932953625917435,0.5233290195465088,0.44338279962539673,-0.06583281606435776,0.4813111424446106,0.3611445724964142,-0.08947987854480743,0.6396872997283936,0.2366623878479004,0.001639375346712768,0.5590632557868958,0.13372305035591125,-0.039115309715270996,0.5118770003318787,0.210873544216156,-0.06932903081178665,0.4966543912887573,0.29222339391708374,-0.08499083667993546,0.6686729192733765,0.21471290290355682,-0.010691175237298012,0.5672863721847534,0.10585442185401917,-0.0519106350839138,0.5178693532943726,0.20984166860580444,-0.07492496818304062,0.5078291893005371,0.3064940869808197,-0.08324460685253143,0.6951072216033936,0.21577690541744232,-0.029866458848118782,0.5961270928382874,0.13146427273750305,-0.06955275684595108,0.5425199270248413,0.24219800531864166,-0.08061375468969345,0.5287168025970459,0.34695231914520264,-0.07936038821935654,0.7158306837081909,0.24053949117660522,-0.05172048136591911,0.6244760155677795,0.2045024186372757,-0.08238601684570312,0.5723222494125366,0.26634281873703003,-0.0907820612192154,0.5502741932868958,0.33722272515296936,-0.08996414393186569,Left,o
0.7541609406471252,0.5808232426643372,-4.705351841494121e-07,0.7067738175392151,0.5589576959609985,0.0018999719759449363,0.6780111193656921,0.5180522799491882,-0.001123594120144844,0.6537991166114807,0.4838317036628723,-0.009734652005136013,0.6372054815292358,0.4471011161804199,-0.018132662400603294,0.7075478434562683,0.4205263555049896,0.016515877097845078,0.6808927059173584,0.3676474094390869,0.0035752851981669664,0.6574379205703735,0.3889066278934479,-0.008500861935317516,0.6447426080703735,0.4236902892589569,-0.015684640035033226,0.7188242077827454,0.40602272748947144,0.006740508135408163,0.6802935004234314,0.3450886011123657,-0.006345253437757492,0.6543287038803101,0.3786037564277649,-0.017434006556868553,0.6435559391975403,0.4195767641067505,-0.022949211299419403,0.7315304279327393,0.40020591020584106,-0.005565579514950514,0.6918489933013916,0.3373253345489502,-0.019748538732528687,0.6622713208198547,0.37570080161094666,-0.026228372007608414,0.6492332816123962,0.42325252294540405,-0.02765496075153351,0.7430611848831177,0.40497758984565735,-0.018260778859257698,0.7017799615859985,0.37266579270362854,-0.03027193620800972,0.6745544672012329,0.39453333616256714,-0.03460356593132019,0.6597836017608643,0.4295852482318878,-0.0353117398917675,Left,o
0.6441166400909424,0.5168324112892151,-4.932762749376707e-07,0.5905542373657227,0.5008880496025085,0.007306165061891079,0.5591317415237427,0.4591168761253357,0.005038166884332895,0.5285568237304688,0.4306691288948059,-0.003399935085326433,0.5036956667900085,0.4027750492095947,-0.013141906820237637,0.5895613431930542,0.335478812456131,0.01837446168065071,0.5442097783088684,0.3139994144439697,0.00827594194561243,0.5191338062286377,0.3489351272583008,-0.003620379138737917,0.5044636726379395,0.3889005184173584,-0.011128364130854607,0.601125180721283,0.3199636936187744,0.004993464332073927,0.5396623611450195,0.29368358850479126,-0.001455623540095985,0.5122091770172119,0.336806982755661,-0.009785464033484459,0.5004855394363403,0.3835453987121582,-0.015268277376890182,0.6085962057113647,0.31923145055770874,-0.010189845226705074,0.545994222164154,0.29271307587623596,-0.018517078831791878,0.5166219472885132,0.33467069268226624,-0.0226566344499588,0.503975510597229,0.38151082396507263,-0.024580925703048706,0.6099951863288879,0.33200809359550476,-0.025720421224832535,0.5554022789001465,0.3281295597553253,-0.0354890376329422,0.5302696824073792,0.3573582172393799,-0.03805338218808174,0.516647219657898,0.3931402564048767,-0.03791617229580879,Left,o
0.5569062829017639,0.6327708959579468,-7.707325835326628e-07,0.4669322669506073,0.6822208166122437,0.029185181483626366,0.39464348554611206,0.6545389890670776,0.03768162056803703,0.33420321345329285,0.6409279108047485,0.032093700021505356,0.2855590581893921,0.6223318576812744,0.02233292907476425,0.39444291591644287,0.4669877886772156,0.06149948015809059,0.32085007429122925,0.46474915742874146,0.05758628621697426,0.28759443759918213,0.5241095423698425,0.04561445116996765,0.2657962441444397,0.5954608917236328,0.03717612847685814,0.40530017018318176,0.4213067889213562,0.031601667404174805,0.3029482960700989,0.4321654140949249,0.031321488320827484,0.26855307817459106,0.5133753418922424,0.014113484881818295,0.25330644845962524,0.5959100723266602,0.0012182977516204119,0.4156147241592407,0.3949772119522095,-0.00016137266356963664,0.31153202056884766,0.41382917761802673,-0.003994576632976532,0.27644920349121094,0.5044930577278137,-0.019561849534511566,0.26363053917884827,0.5868691205978394,-0.03126802295446396,0.42201051115989685,0.39546406269073486,-0.03102477267384529,0.3344407379627228,0.4436221718788147,-0.0399228073656559,0.3016480803489685,0.5130252242088318,-0.04784867540001869,0.28775516152381897,0.5806838870048523,-0.052725210785865784,Left,o
0.7665656208992004,0.02826700359582901,-1.6195358512050007e-06,0.8432522416114807,0.24094249308109283,-0.09496526420116425,0.8586074709892273,0.48437488079071045,-0.1695300191640854,0.8130637407302856,0.7163695693016052,-0.22735224664211273,0.7397390604019165,0.8442167639732361,-0.2895212769508362,0.8247042894363403,0.08278115093708038,-0.2160804718732834,0.8173725605010986,0.3244415819644928,-0.28761640191078186,0.7692025303840637,0.5002059936523438,-0.3264561891555786,0.727362871170044,0.6353310346603394,-0.3561663031578064,0.7413045167922974,0.052806705236434937,-0.20107315480709076,0.7068893909454346,0.3946930766105652,-0.26806706190109253,0.6894510984420776,0.6386474967002869,-0.299897164106369,0.6810152530670166,0.8073405623435974,-0.33474862575531006,0.6613602042198181,0.07410559803247452,-0.18382295966148376,0.6279720067977905,0.39592862129211426,-0.25356629490852356,0.6417899131774902,0.6193311810493469,-0.27976682782173157,0.6559515595436096,0.7723453044891357,-0.3038704991340637,0.6003666520118713,0.12493691593408585,-0.17080357670783997,0.5912076234817505,0.416919469833374,-0.2359800785779953,0.6147222518920898,0.5898528099060059,-0.2576063573360443,0.6370274424552917,0.7067329287528992,-0.2754553556442261,Right,n
0.8606607913970947,0.040123581886291504,2.9696843739657197e-07,0.7631605863571167,0.16732573509216309,-0.028973152860999107,0.7336159348487854,0.357402503490448,-0.07656916230916977,0.750483512878418,0.5428062081336975,-0.11059241741895676,0.7899470329284668,0.6699638962745667,-0.1485876888036728,0.755974292755127,0.26598840951919556,-0.190571591258049,0.7670354247093201,0.5652112364768982,-0.24795307219028473,0.7865707278251648,0.7176783084869385,-0.2658165395259857,0.8022053837776184,0.8335574865341187,-0.27174505591392517,0.8378181457519531,0.23180252313613892,-0.19502794742584229,0.8634529113769531,0.5817897319793701,-0.2506234347820282,0.861069917678833,0.7678358554840088,-0.25883495807647705,0.8521339893341064,0.8749492168426514,-0.26253557205200195,0.9117056131362915,0.23462581634521484,-0.19072303175926208,0.9455888271331787,0.5861458778381348,-0.23696646094322205,0.9282330870628357,0.7781789302825928,-0.2454027682542801,0.905075192451477,0.8893484473228455,-0.24804158508777618,0.9656466841697693,0.26014018058776855,-0.182499960064888,0.9758951663970947,0.5226139426231384,-0.2142825871706009,0.9458950161933899,0.6427866220474243,-0.21660776436328888,0.9119212031364441,0.7110193967819214,-0.21645487844944,Left,n
0.5498197078704834,0.21336908638477325,-1.4364573530656344e-07,0.49560052156448364,0.2630835771560669,0.010234950110316277,0.4710817039012909,0.3599543273448944,0.003640813520178199,0.4700033962726593,0.4611654281616211,-0.0008719683974049985,0.4799216687679291,0.5335046052932739,-0.009075015783309937,0.4490857422351837,0.36982056498527527,-0.05003141611814499,0.45748311281204224,0.5088180303573608,-0.05874786525964737,0.46492061018943787,0.5880597829818726,-0.05367420241236687,0.4703083634376526,0.6348739862442017,-0.04921610653400421,0.4878147840499878,0.34346261620521545,-0.05721844360232353,0.492205411195755,0.5087436437606812,-0.06300201267004013,0.4981776177883148,0.5880162715911865,-0.04799725115299225,0.506417989730835,0.6353005766868591,-0.03840626776218414,0.5303057432174683,0.3300116956233978,-0.058845311403274536,0.5370975732803345,0.49048882722854614,-0.0606812946498394,0.5358878970146179,0.5518418550491333,-0.036277711391448975,0.5360103249549866,0.5772107839584351,-0.02035168558359146,0.5727905035018921,0.32718271017074585,-0.05859459191560745,0.5734201073646545,0.4470058083534241,-0.06514991819858551,0.5696312785148621,0.49652978777885437,-0.05096299946308136,0.5688514709472656,0.5157186388969421,-0.03813394159078598,Left,n
0.5724430084228516,0.43447497487068176,-1.5998421076801606e-07,0.5385045409202576,0.476953387260437,0.008121057413518429,0.5261023640632629,0.5478178262710571,0.005528219975531101,0.5314980149269104,0.6107932329177856,0.0012271507875993848,0.5457819700241089,0.6516287922859192,-0.0054228357039391994,0.5166441202163696,0.573594868183136,-0.012815077789127827,0.5252386331558228,0.6720214486122131,-0.023418711498379707,0.5337512493133545,0.726006805896759,-0.03269170969724655,0.5399214625358582,0.7685365676879883,-0.03948339447379112,0.5380314588546753,0.5691442489624023,-0.021848976612091064,0.5507529377937317,0.6847767233848572,-0.027980029582977295,0.5595535039901733,0.7461824417114258,-0.032025046646595,0.5644489526748657,0.793582558631897,-0.03746514394879341,0.5618694424629211,0.5604570508003235,-0.02880307100713253,0.5737847089767456,0.6619960069656372,-0.03336721658706665,0.5777664184570312,0.6395032405853271,-0.0290901567786932,0.5753272175788879,0.6100623607635498,-0.027063172310590744,0.5848912000656128,0.5479975342750549,-0.034965548664331436,0.5919077396392822,0.6172557473182678,-0.039773110300302505,0.5922887325286865,0.601311206817627,-0.034373939037323,0.5871418118476868,0.5771356225013733,-0.030151428654789925,Left,n
0.3422374129295349,0.40914201736450195,4.3836266172547766e-07,0.38014158606529236,0.44260653853416443,-0.0059196483343839645,0.40073633193969727,0.5196258425712585,-0.01788707822561264,0.39410996437072754,0.5879729986190796,-0.02762666903436184,0.3819892406463623,0.6367680430412292,-0.03687772899866104,0.40305623412132263,0.5298126935958862,-0.05226285383105278,0.40316277742385864,0.6487813591957092,-0.07184955477714539,0.4013341963291168,0.7140709161758423,-0.07876617461442947,0.39820775389671326,0.7645378708839417,-0.08118872344493866,0.37266120314598083,0.5195596218109131,-0.05748753622174263,0.374734103679657,0.6645513772964478,-0.07804170995950699,0.3768694996833801,0.7375026345252991,-0.08140615373849869,0.3759477734565735,0.7960731983184814,-0.08186277002096176,0.3394116461277008,0.5119630098342896,-0.059273820370435715,0.3376334607601166,0.643645703792572,-0.07755284756422043,0.3455554246902466,0.6159794330596924,-0.06587215512990952,0.3486385643482208,0.5753475427627563,-0.052507977932691574,0.30931422114372253,0.5065802335739136,-0.06065962836146355,0.31449609994888306,0.6047840714454651,-0.07023341208696365,0.3230215609073639,0.5856144428253174,-0.057674482464790344,0.3237572908401489,0.5518277883529663,-0.04474687576293945,Right,n
0.4604186415672302,0.3912682831287384,4.697097608641343e-07,0.5002613067626953,0.42278435826301575,-0.005899256095290184,0.5202623605728149,0.5044317841529846,-0.016404973343014717,0.5128512978553772,0.5780651569366455,-0.025577988475561142,0.5000399351119995,0.6317231059074402,-0.03409300372004509,0.5337828993797302,0.5257053375244141,-0.042122982442379,0.5246621966362,0.6505053043365479,-0.06083432585000992,0.5172409415245056,0.7204583287239075,-0.06749050319194794,0.5116289258003235,0.7749895453453064,-0.06932375580072403,0.5045732855796814,0.5201749801635742,-0.04714295640587807,0.49692079424858093,0.6631752252578735,-0.0641099289059639,0.4922759532928467,0.743516206741333,-0.06738059967756271,0.4891674220561981,0.8092475533485413,-0.06829843670129776,0.4722505211830139,0.5140904188156128,-0.04988060146570206,0.466148316860199,0.6246093511581421,-0.066929891705513,0.46866241097450256,0.5895022749900818,-0.05806123465299606,0.47137632966041565,0.5501665472984314,-0.046819861978292465,0.44311830401420593,0.5088246464729309,-0.05243384465575218,0.44695383310317993,0.5872368812561035,-0.06163284555077553,0.4498909115791321,0.5597872138023376,-0.05122556537389755,0.4495938718318939,0.5292460918426514,-0.04025205969810486,Right,n
0.49066877365112305,0.14037716388702393,7.242051651701331e-07,0.5272495746612549,0.18821750581264496,-0.011698193848133087,0.543899655342102,0.2612259089946747,-0.040591590106487274,0.5324794054031372,0.3164498209953308,-0.06328538805246353,0.5182968378067017,0.35874730348587036,-0.08449702709913254,0.557686984539032,0.241441547870636,-0.10514744371175766,0.5435156226158142,0.36300185322761536,-0.14154043793678284,0.5353213548660278,0.4311043620109558,-0.16246435046195984,0.527087926864624,0.4849833548069,-0.17707721889019012,0.5272836089134216,0.21477681398391724,-0.10971260070800781,0.5144265294075012,0.3624561131000519,-0.15255512297153473,0.5073040127754211,0.4502279758453369,-0.16931654512882233,0.49862468242645264,0.5153549313545227,-0.18299703299999237,0.4944245219230652,0.201913520693779,-0.10627490282058716,0.4771515727043152,0.35318735241889954,-0.12358752638101578,0.48558706045150757,0.32820117473602295,-0.09746622294187546,0.4916820228099823,0.28441575169563293,-0.08063074201345444,0.4630046486854553,0.2029906064271927,-0.10389460623264313,0.45983779430389404,0.3082965016365051,-0.10888276994228363,0.4659259021282196,0.2901332974433899,-0.08716390281915665,0.4675326943397522,0.25798916816711426,-0.07148276269435883,Right,n
0.5376498699188232,0.18780899047851562,8.35061996440345e-07,0.5857657790184021,0.22802528738975525,-0.01416778564453125,0.602532684803009,0.3300265669822693,-0.03709644824266434,0.5802477598190308,0.421474814414978,-0.055684082210063934,0.5588893294334412,0.4834524989128113,-0.07314522564411163,0.6343839168548584,0.3106350600719452,-0.07907025516033173,0.6325000524520874,0.45650145411491394,-0.10980413109064102,0.6283972859382629,0.5464537143707275,-0.1259041130542755,0.6229353547096252,0.6177148818969727,-0.13542522490024567,0.598139226436615,0.2981468439102173,-0.08529932796955109,0.5966969132423401,0.4709956645965576,-0.11630944162607193,0.5968674421310425,0.5744144320487976,-0.12579205632209778,0.5945934653282166,0.6583655476570129,-0.13238570094108582,0.5567549467086792,0.29603028297424316,-0.08744523674249649,0.5457623600959778,0.4593229293823242,-0.1097974106669426,0.5549888014793396,0.4247433841228485,-0.09412697702646255,0.5614266395568848,0.3730013072490692,-0.07947620749473572,0.5174315571784973,0.30254626274108887,-0.09051480889320374,0.5200659036636353,0.41950327157974243,-0.10246352106332779,0.527823805809021,0.39508333802223206,-0.0871814712882042,0.5297741293907166,0.3549845814704895,-0.07313325256109238,Right,n
0.4260333776473999,0.14120399951934814,1.1029329698430956e-06,0.48546886444091797,0.1847701072692871,-0.018230728805065155,0.5157899260520935,0.3118464946746826,-0.04939764365553856,0.4982401728630066,0.43243715167045593,-0.07479385286569595,0.4753611981868744,0.5131992101669312,-0.10023713111877441,0.5415193438529968,0.30994027853012085,-0.11057614535093307,0.5378774404525757,0.5097465515136719,-0.15085391700267792,0.5321256518363953,0.628386914730072,-0.17133472859859467,0.5266082286834717,0.7209968566894531,-0.18263494968414307,0.49144867062568665,0.29297196865081787,-0.11794058978557587,0.4896472096443176,0.5296939611434937,-0.15812763571739197,0.49058690667152405,0.6611915826797485,-0.16890934109687805,0.49029767513275146,0.7656979560852051,-0.17542970180511475,0.4364957809448242,0.28614065051078796,-0.11891742795705795,0.4288513958454132,0.48782289028167725,-0.14741957187652588,0.4364749789237976,0.435968279838562,-0.12528294324874878,0.44114556908607483,0.3663994073867798,-0.10458149015903473,0.3859798014163971,0.288028359413147,-0.12067460268735886,0.3918372690677643,0.44170621037483215,-0.13514204323291779,0.3995289206504822,0.40380769968032837,-0.11230888962745667,0.4005846083164215,0.3489372134208679,-0.09152853488922119,Right,n
0.4074926972389221,0.3288395404815674,4.46368630946381e-07,0.4722013473510742,0.3793718218803406,-0.0210410188883543,0.49598878622055054,0.49167895317077637,-0.035006310790777206,0.4748128056526184,0.5914278626441956,-0.043020132929086685,0.44212257862091064,0.6367689371109009,-0.049541816115379333,0.4796486496925354,0.5143788456916809,-0.061763666570186615,0.4652826189994812,0.685510516166687,-0.08313070237636566,0.45565658807754517,0.7765853404998779,-0.08840890973806381,0.44743800163269043,0.8445521593093872,-0.08887897431850433,0.43633833527565,0.5183584094047546,-0.05665615573525429,0.4278089106082916,0.6959578990936279,-0.0765938013792038,0.4245151877403259,0.7994251251220703,-0.08003687113523483,0.4194280505180359,0.8798305988311768,-0.07971984893083572,0.39838719367980957,0.5194975733757019,-0.04954550787806511,0.4069969654083252,0.642199695110321,-0.06951767206192017,0.4238232672214508,0.618186354637146,-0.06521991640329361,0.43366381525993347,0.5773904919624329,-0.055228348821401596,0.37026694416999817,0.5214477777481079,-0.043145354837179184,0.39596855640411377,0.5955114960670471,-0.05777812749147415,0.4106651246547699,0.578848123550415,-0.05460584536194801,0.41471272706985474,0.5505006313323975,-0.046743981540203094,Right,n
0.5912668704986572,0.08128714561462402,1.3634574997922755e-06,0.6659684181213379,0.14924220740795135,-0.015791643410921097,0.6973115801811218,0.3079943358898163,-0.050831977277994156,0.669944167137146,0.4410194456577301,-0.08168406784534454,0.6423041820526123,0.5252892971038818,-0.11145636439323425,0.7477942705154419,0.2898518145084381,-0.12034781277179718,0.7306821346282959,0.5197674036026001,-0.16984787583351135,0.7190764546394348,0.6594617366790771,-0.1971912980079651,0.7107573747634888,0.7708702087402344,-0.21381404995918274,0.6948685050010681,0.2571970224380493,-0.13454535603523254,0.6800324320793152,0.5366615056991577,-0.18526466190814972,0.6722990870475769,0.6981238126754761,-0.2030480057001114,0.6672845482826233,0.8280948400497437,-0.21599286794662476,0.6317757368087769,0.24594193696975708,-0.1415867954492569,0.6017711758613586,0.5181647539138794,-0.17649003863334656,0.6119416356086731,0.4610957205295563,-0.15179182589054108,0.6240415573120117,0.3783795237541199,-0.12931637465953827,0.5708255171775818,0.25432413816452026,-0.14977240562438965,0.5637930035591125,0.4560971260070801,-0.16595810651779175,0.5759011507034302,0.4203142523765564,-0.14092311263084412,0.5841389894485474,0.35539117455482483,-0.1190004050731659,Right,n
0.4515489935874939,0.19047823548316956,1.2348868949629832e-06,0.5231116414070129,0.25916051864624023,-0.02091970294713974,0.5406534075737,0.3989359438419342,-0.06736334413290024,0.5124178528785706,0.5167533755302429,-0.102028027176857,0.49182334542274475,0.5965847969055176,-0.1364222764968872,0.579789400100708,0.36538565158843994,-0.16786323487758636,0.577452540397644,0.5728560090065002,-0.21474376320838928,0.5769147872924805,0.6907902956008911,-0.23550459742546082,0.5742828845977783,0.7842609286308289,-0.2483104020357132,0.526305615901947,0.3429746627807617,-0.17314136028289795,0.5213128924369812,0.5887449383735657,-0.2194848358631134,0.521259069442749,0.7212095260620117,-0.22279877960681915,0.5163861513137817,0.8195523023605347,-0.22712832689285278,0.46784067153930664,0.33737772703170776,-0.16733427345752716,0.45858216285705566,0.5688794255256653,-0.18014545738697052,0.4712880253791809,0.5192620158195496,-0.1334206461906433,0.4763701558113098,0.4458555579185486,-0.10422305017709732,0.4120580852031708,0.3451997935771942,-0.16372434794902802,0.42196133732795715,0.5006764531135559,-0.1620531529188156,0.43574288487434387,0.4653714895248413,-0.12393434345722198,0.43541020154953003,0.41088229417800903,-0.0970693826675415,Right,n
0.5024150013923645,0.04563209414482117,1.1369940011718427e-06,0.5534725785255432,0.11154317855834961,-0.01871160790324211,0.5653348565101624,0.2261175811290741,-0.059644248336553574,0.5243567228317261,0.3227543830871582,-0.09569095820188522,0.4939517378807068,0.3703024983406067,-0.13279113173484802,0.6010541915893555,0.16245460510253906,-0.12890897691249847,0.5843297243118286,0.3455474376678467,-0.16902734339237213,0.5693470239639282,0.43527376651763916,-0.18932686746120453,0.5579180121421814,0.5100346803665161,-0.20331960916519165,0.552521288394928,0.11789856851100922,-0.1398378610610962,0.53899085521698,0.3368801176548004,-0.18311522901058197,0.5330197811126709,0.454029381275177,-0.19078387320041656,0.5264714360237122,0.541722297668457,-0.19937682151794434,0.5022261738777161,0.09941144287586212,-0.1440933495759964,0.4933793246746063,0.3169175684452057,-0.1642952561378479,0.5024592280387878,0.29211941361427307,-0.13877898454666138,0.5102621912956238,0.2345600575208664,-0.12430790811777115,0.45857739448547363,0.1030413806438446,-0.15072354674339294,0.45778989791870117,0.2604617774486542,-0.15677112340927124,0.4697170853614807,0.2470439076423645,-0.1344885230064392,0.4777723550796509,0.20191383361816406,-0.12093237042427063,Right,n
0.601638674736023,0.02138260006904602,1.3059266166237649e-06,0.6635649800300598,0.09559422731399536,-0.019792165607213974,0.6852908730506897,0.2175585925579071,-0.06945129483938217,0.659576952457428,0.32416245341300964,-0.1109052523970604,0.6301014423370361,0.3797318637371063,-0.15007498860359192,0.7327696681022644,0.15129268169403076,-0.15775278210639954,0.7301838397979736,0.3403525650501251,-0.20787715911865234,0.7269998788833618,0.450677752494812,-0.23641373217105865,0.7315922975540161,0.5375300049781799,-0.2587735652923584,0.6845674514770508,0.11928997933864594,-0.1682921200990677,0.6872621178627014,0.34202006459236145,-0.22073084115982056,0.6858928203582764,0.47875040769577026,-0.23567898571491241,0.6888232827186584,0.5815646648406982,-0.25313499569892883,0.6328232288360596,0.10651521384716034,-0.16911627352237701,0.6254344582557678,0.35152941942214966,-0.1853719800710678,0.6198402643203735,0.32465776801109314,-0.14494895935058594,0.6196617484092712,0.25904667377471924,-0.12368544191122055,0.5836325287818909,0.12074649333953857,-0.17362336814403534,0.5828470587730408,0.2956867814064026,-0.18173004686832428,0.5852976441383362,0.3266081213951111,-0.1597149819135666,0.5893958210945129,0.32936015725135803,-0.14692163467407227,Right,n
0.4440476596355438,0.33678966760635376,6.566465913238062e-07,0.5026922225952148,0.38359707593917847,-0.007396740838885307,0.530127227306366,0.4803237318992615,-0.019504422321915627,0.5194236636161804,0.5706205368041992,-0.02929186075925827,0.49724453687667847,0.6272806525230408,-0.0383196696639061,0.536763608455658,0.523451030254364,-0.05025323107838631,0.5208916068077087,0.6821010708808899,-0.07331138849258423,0.509193480014801,0.7715347409248352,-0.08221981674432755,0.5001271963119507,0.8394412994384766,-0.08461546152830124,0.49607139825820923,0.5281344652175903,-0.05443396046757698,0.48091793060302734,0.7022086381912231,-0.07446539402008057,0.4720265567302704,0.8049051761627197,-0.07952289283275604,0.46656420826911926,0.8869484663009644,-0.08043558150529861,0.4552287459373474,0.5218769907951355,-0.055470772087574005,0.44325363636016846,0.6382840871810913,-0.07471311837434769,0.4491434693336487,0.5947792530059814,-0.06652315706014633,0.4579041600227356,0.5470821261405945,-0.053976044058799744,0.4205881655216217,0.5090552568435669,-0.056116219609975815,0.42153918743133545,0.5734723806381226,-0.06643737107515335,0.4296416938304901,0.5404590964317322,-0.055275749415159225,0.4368227422237396,0.505060613155365,-0.04184150695800781,Right,n
0.44822028279304504,0.24520809948444366,9.32512421059073e-07,0.5025969743728638,0.28588172793388367,-0.007412800099700689,0.5363867878913879,0.39536362886428833,-0.02938236854970455,0.5315521359443665,0.497014582157135,-0.048360470682382584,0.5231842398643494,0.5739763379096985,-0.06677316129207611,0.5544412732124329,0.40963560342788696,-0.08436610549688339,0.5532128214836121,0.5881191492080688,-0.12048380821943283,0.5498043894767761,0.694865345954895,-0.138352170586586,0.5456324815750122,0.7779370546340942,-0.14753931760787964,0.5125335454940796,0.39564019441604614,-0.09549205750226974,0.5137019753456116,0.6156634092330933,-0.13339832425117493,0.5137006640434265,0.7310669422149658,-0.1430254876613617,0.5135089159011841,0.8229345083236694,-0.147114098072052,0.46220144629478455,0.387423574924469,-0.10079830139875412,0.4538167119026184,0.5838843584060669,-0.12969079613685608,0.45838460326194763,0.5352006554603577,-0.10848166048526764,0.4620353579521179,0.4737272560596466,-0.08689301460981369,0.4130346477031708,0.3807905912399292,-0.10585245490074158,0.4154823422431946,0.5264618992805481,-0.11971237510442734,0.42450886964797974,0.49040716886520386,-0.09693801403045654,0.42751312255859375,0.4381267726421356,-0.07538163661956787,Right,n
0.4460331201553345,0.22740595042705536,1.0300598205503775e-06,0.50157231092453,0.27053725719451904,-0.0077108885161578655,0.5354470610618591,0.38373929262161255,-0.031207965686917305,0.5313605070114136,0.49010634422302246,-0.051081638783216476,0.5249741077423096,0.5717514753341675,-0.07034721970558167,0.5561164021492004,0.3932656943798065,-0.09192371368408203,0.5517854690551758,0.5779293775558472,-0.13088802993297577,0.5464027523994446,0.6890861988067627,-0.15016810595989227,0.5395998954772949,0.7741371393203735,-0.1599733531475067,0.5132560729980469,0.377621054649353,-0.10299890488386154,0.5117421746253967,0.6035292148590088,-0.1443721354007721,0.5094736218452454,0.7244471907615662,-0.15496782958507538,0.5068559646606445,0.8180035948753357,-0.15946893393993378,0.4618513286113739,0.3704935610294342,-0.10762812197208405,0.4508920907974243,0.5736805200576782,-0.1374315470457077,0.4548513889312744,0.525123119354248,-0.11484500020742416,0.45843639969825745,0.4630795419216156,-0.09239489585161209,0.41151708364486694,0.36634016036987305,-0.11198166012763977,0.4128093123435974,0.5161893367767334,-0.1259312778711319,0.4216727614402771,0.48019880056381226,-0.10206671804189682,0.4251318871974945,0.42824822664260864,-0.07956266403198242,Right,n
0.4746260344982147,0.07436417043209076,9.525929840492608e-07,0.5274273157119751,0.12087154388427734,-0.009387620724737644,0.556233286857605,0.2237512469291687,-0.03419715166091919,0.5509095788002014,0.3175296485424042,-0.05374833568930626,0.5448931455612183,0.3855884373188019,-0.07140588015317917,0.5832899212837219,0.2088717520236969,-0.09787122160196304,0.5748087763786316,0.3712674379348755,-0.13482941687107086,0.5712644457817078,0.4696561098098755,-0.15303970873355865,0.5676880478858948,0.5459629893302917,-0.16387823224067688,0.542752742767334,0.186692476272583,-0.10572057217359543,0.5385189652442932,0.3909289836883545,-0.1488628387451172,0.5380470752716064,0.505174994468689,-0.1614198535680771,0.5359153151512146,0.5926822423934937,-0.16901269555091858,0.496504008769989,0.18139904737472534,-0.10644744336605072,0.4835067093372345,0.3723863959312439,-0.1314612776041031,0.49275118112564087,0.3384394943714142,-0.10710359364748001,0.4994330108165741,0.28478336334228516,-0.08626854419708252,0.4516271650791168,0.18673855066299438,-0.10748089104890823,0.45252805948257446,0.32652297616004944,-0.11656360328197479,0.4626726508140564,0.29996705055236816,-0.09357776492834091,0.467670738697052,0.2537197768688202,-0.07395309954881668,Right,n
0.5791041254997253,0.223800927400589,5.304939350025961e-07,0.613233208656311,0.27498534321784973,-0.009917503222823143,0.6352891325950623,0.34673598408699036,-0.020834194496273994,0.6381261348724365,0.40868791937828064,-0.02865140698850155,0.6291700005531311,0.4526631236076355,-0.03547782823443413,0.6436887383460999,0.3329029977321625,-0.04314481467008591,0.6487049460411072,0.45138078927993774,-0.054303888231515884,0.6483515501022339,0.518696665763855,-0.057604752480983734,0.6463538408279419,0.5670568943023682,-0.0584048368036747,0.6082750558853149,0.3228011429309845,-0.044449158012866974,0.6010226011276245,0.4531744420528412,-0.05714571475982666,0.6066858768463135,0.5321494340896606,-0.058262310922145844,0.6133808493614197,0.5776042938232422,-0.0578925721347332,0.5693307518959045,0.31171876192092896,-0.043073102831840515,0.5491665601730347,0.439705491065979,-0.053626351058483124,0.5657044649124146,0.4611930251121521,-0.04551735147833824,0.5831208825111389,0.44688835740089417,-0.03678153082728386,0.531938374042511,0.30462706089019775,-0.041471682488918304,0.5223987698554993,0.40355128049850464,-0.04780154302716255,0.5373151302337646,0.41211438179016113,-0.03745877370238304,0.5515649914741516,0.39181438088417053,-0.026925930753350258,Right,n
0.394156277179718,0.3451489806175232,3.9101055904211535e-07,0.43781405687332153,0.37698695063591003,-0.009449214674532413,0.4590548872947693,0.4588429033756256,-0.02072940021753311,0.44920802116394043,0.5337682366371155,-0.02876124531030655,0.4342447519302368,0.5821793675422668,-0.036249347031116486,0.46025538444519043,0.4671579897403717,-0.05069037526845932,0.46601080894470215,0.6001467108726501,-0.0689147338271141,0.4673917591571808,0.6708559393882751,-0.07545434683561325,0.46671929955482483,0.7265847325325012,-0.07799813151359558,0.42693233489990234,0.46863076090812683,-0.05209187790751457,0.43434861302375793,0.6138427257537842,-0.06928355991840363,0.4393959045410156,0.6932597756385803,-0.07385319471359253,0.44077610969543457,0.7581774592399597,-0.07620012760162354,0.3934165835380554,0.46982261538505554,-0.050529975444078445,0.40186217427253723,0.5979680418968201,-0.06770839542150497,0.41179901361465454,0.5714654922485352,-0.06125762686133385,0.41568246483802795,0.5316120386123657,-0.051979031413793564,0.3654366433620453,0.4734269976615906,-0.0486823245882988,0.3841259479522705,0.5588603019714355,-0.06150880083441734,0.3933155834674835,0.5393022894859314,-0.05513119325041771,0.39255180954933167,0.5098954439163208,-0.046368345618247986,Right,n
0.42969152331352234,0.25735417008399963,4.364895573871763e-07,0.46018731594085693,0.2850746214389801,-0.012911530211567879,0.4749423563480377,0.35043731331825256,-0.02810702845454216,0.4658959209918976,0.41044309735298157,-0.038714997470378876,0.4546825885772705,0.4487888216972351,-0.04863578453660011,0.47751760482788086,0.3280641436576843,-0.06120234727859497,0.4771229922771454,0.4329105019569397,-0.0791369378566742,0.47586590051651,0.4909384250640869,-0.08627001196146011,0.47362667322158813,0.5373244881629944,-0.0898481160402298,0.4493630528450012,0.32051074504852295,-0.06063065677881241,0.45226407051086426,0.4393864870071411,-0.07667186856269836,0.4553212821483612,0.5061262845993042,-0.07915782183408737,0.4550888240337372,0.557243287563324,-0.08168293535709381,0.42208027839660645,0.3230607807636261,-0.05707786977291107,0.42533618211746216,0.4402640461921692,-0.06813333928585052,0.4386916756629944,0.4302186071872711,-0.059867337346076965,0.44465574622154236,0.39898622035980225,-0.05271691083908081,0.3992752432823181,0.33436840772628784,-0.054064322263002396,0.4095152020454407,0.4191378057003021,-0.06124510243535042,0.4226393401622772,0.41262292861938477,-0.054970044642686844,0.4268510043621063,0.3879164457321167,-0.0489959642291069,Right,n
0.44021886587142944,0.22028733789920807,4.423654900165275e-07,0.4681260883808136,0.24434389173984528,-0.014701408334076405,0.4827136993408203,0.2986525595188141,-0.031740836799144745,0.47739776968955994,0.35249656438827515,-0.0440032035112381,0.4718780517578125,0.3904270827770233,-0.05548598989844322,0.4858625531196594,0.2591909170150757,-0.06550581753253937,0.4871779978275299,0.3608810007572174,-0.0846862867474556,0.48571014404296875,0.4163782000541687,-0.09118951857089996,0.48431095480918884,0.4579707980155945,-0.09398232400417328,0.4581088423728943,0.24894312024116516,-0.06524614244699478,0.4619523286819458,0.3650568127632141,-0.08303894102573395,0.4647962749004364,0.42525988817214966,-0.08396081626415253,0.46710890531539917,0.4656536281108856,-0.08514618128538132,0.43137431144714355,0.25118979811668396,-0.06228841841220856,0.43319904804229736,0.37016603350639343,-0.07446024566888809,0.4420631229877472,0.37532079219818115,-0.06525461375713348,0.44928479194641113,0.3571699261665344,-0.05803445354104042,0.40909481048583984,0.26267802715301514,-0.060055430978536606,0.4145776629447937,0.34902432560920715,-0.06740689277648926,0.42576465010643005,0.3536095917224884,-0.060812972486019135,0.4334295988082886,0.33896344900131226,-0.055292196571826935,Right,n
0.37507545948028564,0.24250498414039612,5.162928573554382e-07,0.3999021053314209,0.26408666372299194,-0.01984649896621704,0.41227129101753235,0.319192111492157,-0.039479829370975494,0.40586212277412415,0.3720237910747528,-0.0535779669880867,0.40088167786598206,0.4149036407470703,-0.06698915362358093,0.4073562026023865,0.23973709344863892,-0.07293392717838287,0.4083385765552521,0.34404245018959045,-0.09500834345817566,0.4069344103336334,0.40475621819496155,-0.10285285860300064,0.4016682803630829,0.44894102215766907,-0.10673965513706207,0.3785006105899811,0.23282626271247864,-0.07159537822008133,0.38242632150650024,0.3620569407939911,-0.09277129918336868,0.3863968551158905,0.4250972270965576,-0.09323345869779587,0.38358446955680847,0.4645196795463562,-0.09434442222118378,0.35342636704444885,0.23894667625427246,-0.06804145872592926,0.3601296544075012,0.36199814081192017,-0.0827154666185379,0.37205401062965393,0.3481033444404602,-0.06992582976818085,0.3746371269226074,0.31390300393104553,-0.060246799141168594,0.3346073627471924,0.25436314940452576,-0.06594280153512955,0.34503766894340515,0.33499056100845337,-0.07482850551605225,0.3545991778373718,0.3255380094051361,-0.0668591558933258,0.35559117794036865,0.2981938421726227,-0.060941487550735474,Right,n
0.4901556670665741,0.20180922746658325,6.06606079145422e-07,0.5221669673919678,0.22748757898807526,-0.00738659268245101,0.5422011613845825,0.2944006621837616,-0.024392398074269295,0.5389031767845154,0.35821351408958435,-0.038823630660772324,0.5379688739776611,0.40592890977859497,-0.0532175675034523,0.5583226680755615,0.2883065342903137,-0.06225038692355156,0.553535521030426,0.39019036293029785,-0.08483336865901947,0.5479148030281067,0.4488034248352051,-0.09827928990125656,0.5451599955558777,0.4959936738014221,-0.10757049173116684,0.5318814516067505,0.26870065927505493,-0.06775720417499542,0.5283210873603821,0.38846370577812195,-0.09004510939121246,0.5247322916984558,0.4592422842979431,-0.09711100161075592,0.5228118300437927,0.5143961906433105,-0.10375592857599258,0.5014108419418335,0.25905102491378784,-0.06966417282819748,0.4980510473251343,0.3844866454601288,-0.0816265419125557,0.4971006214618683,0.3794521391391754,-0.06997378170490265,0.49692925810813904,0.3506724536418915,-0.06248655170202255,0.47390949726104736,0.25744175910949707,-0.072403185069561,0.4750867784023285,0.3557519018650055,-0.08229995518922806,0.4820913076400757,0.3867989778518677,-0.07718183845281601,0.4895395040512085,0.39783135056495667,-0.0728071853518486,Right,n
